UAN,Age,State_Origin,State_Current,Occupation_Sector,Daily_Wage,Skill_Level,Scheme_Enrolled,Registration_Date
MOCK-UAN-2824-1409,65,Uttar Pradesh,Jharkhand,Construction,374,Unskilled,PM-Kisan,2026-04-08
MOCK-UAN-9279-1434,53,Maharashtra,Maharashtra,Domestic Worker,893,Highly-skilled,eShram,2025-12-18
MOCK-UAN-1106-3615,62,Gujarat,Jharkhand,Gig Worker,732,Skilled,PM-SYM,2024-12-18
MOCK-UAN-6881-6635,56,Uttar Pradesh,Uttar Pradesh,Manufacturing,376,Unskilled,None,2024-12-04
MOCK-UAN-6925-4150,63,Bihar,Uttar Pradesh,Agriculture,288,Unskilled,eShram,2024-12-27
MOCK-UAN-8428-6977,28,Tamil Nadu,Uttar Pradesh,Construction,488,Semi-skilled,PM-Kisan,2025-05-21
MOCK-UAN-4598-6313,21,Maharashtra,Maharashtra,Agriculture,978,Highly-skilled,Ayushman Bharat,2024-11-21
MOCK-UAN-6155-4483,59,Karnataka,West Bengal,Gig Worker,738,Skilled,eShram,2025-05-25
MOCK-UAN-9830-5304,65,Odisha,Gujarat,Agriculture,426,Semi-skilled,eShram,2026-02-18
MOCK-UAN-1771-2796,27,Jharkhand,Jharkhand,Manufacturing,327,Unskilled,None,2025-10-10
MOCK-UAN-8668-9669,34,West Bengal,West Bengal,Construction,326,Unskilled,PM-Kisan,2025-06-15
MOCK-UAN-6573-2827,36,Gujarat,Andhra Pradesh,Agriculture,426,Semi-skilled,PM-Kisan,2025-01-01
MOCK-UAN-5889-9317,56,Maharashtra,Jharkhand,Domestic Worker,312,Unskilled,PM-Kisan,2025-08-12
MOCK-UAN-2832-6947,37,Maharashtra,Bihar,Construction,854,Highly-skilled,PM-SYM,2026-03-14
MOCK-UAN-3103-8787,53,Jharkhand,Karnataka,Gig Worker,463,Semi-skilled,Ayushman Bharat,2025-10-28
MOCK-UAN-7118-8177,51,Karnataka,Maharashtra,Construction,8209,Skilled,PM-SYM,2026-05-10
MOCK-UAN-4608-1117,22,Andhra Pradesh,Bihar,Agriculture,249,Unskilled,PM-Kisan,2025-05-16
MOCK-UAN-8953-4510,52,Jharkhand,Jharkhand,Domestic Worker,915,Highly-skilled,eShram,2026-01-12
MOCK-UAN-4119-2545,24,Gujarat,Karnataka,Manufacturing,254,Unskilled,PM-SYM,2024-11-16
MOCK-UAN-6559-2790,33,Maharashtra,West Bengal,Gig Worker,929,Highly-skilled,eShram,2025-06-27
MOCK-UAN-2235-8260,53,Bihar,Odisha,Construction,423,Unskilled,eShram,2025-03-04
MOCK-UAN-8886-4502,43,Andhra Pradesh,Bihar,Manufacturing,588,Skilled,None,2025-07-04
MOCK-UAN-8973-3536,30,Uttar Pradesh,Andhra Pradesh,Domestic Worker,303,Unskilled,Ayushman Bharat,2025-06-28
MOCK-UAN-9701-3579,21,West Bengal,Jharkhand,Construction,278,Unskilled,eShram,2026-06-20
MOCK-UAN-1651-2343,44,Odisha,Tamil Nadu,Agriculture,422,Semi-skilled,Ayushman Bharat,2025-05-17
MOCK-UAN-3144-5915,47,Tamil Nadu,Tamil Nadu,Construction,355,Unskilled,None,2026-06-13
MOCK-UAN-2638-2200,52,Maharashtra,Jharkhand,Agriculture,242,Unskilled,eShram,2025-09-28
MOCK-UAN-8179-9900,63,Uttar Pradesh,Uttar Pradesh,Domestic Worker,318,Unskilled,PM-Kisan,2025-07-18
MOCK-UAN-2697-3200,34,Bihar,Bihar,Domestic Worker,419,Semi-skilled,Ayushman Bharat,2025-06-30
MOCK-UAN-6617-4335,61,Uttar Pradesh,Tamil Nadu,Construction,335,Unskilled,None,2025-04-21
MOCK-UAN-5291-3647,65,Karnataka,Gujarat,Domestic Worker,269,Unskilled,PM-SYM,2024-12-01
MOCK-UAN-3442-9938,20,Tamil Nadu,Jharkhand,Manufacturing,542,Semi-skilled,PM-SYM,2025-07-27
MOCK-UAN-1653-6862,31,Maharashtra,Maharashtra,Agriculture,899,Highly-skilled,PM-Kisan,2025-02-20
MOCK-UAN-4878-3662,-1,Gujarat,Tamil Nadu,Manufacturing,397,Semi-skilled,Ayushman Bharat,2025-02-25
MOCK-UAN-2771-7267,20,Karnataka,West Bengal,Agriculture,641,Skilled,eShram,2026-05-11
MOCK-UAN-5564-2137,35,Tamil Nadu,Tamil Nadu,Manufacturing,538,Skilled,PM-SYM,2025-01-11
MOCK-UAN-5279-3925,55,Uttar Pradesh,Karnataka,Agriculture,610,Skilled,None,2026-05-28
MOCK-UAN-2894-7311,54,Maharashtra,Karnataka,Construction,402,Semi-skilled,Ayushman Bharat,2025-06-11
MOCK-UAN-3041-5920,50,Uttar Pradesh,Uttar Pradesh,Agriculture,833,Highly-skilled,Ayushman Bharat,2025-06-13
MOCK-UAN-3851-5930,43,West Bengal,West Bengal,Agriculture,609,Skilled,eShram,2025-11-29
MOCK-UAN-6279-8618,46,Karnataka,Karnataka,Domestic Worker,936,Highly-skilled,eShram,2025-04-27
MOCK-UAN-4848-6085,32,Maharashtra,Andhra Pradesh,Gig Worker,1008,Highly-skilled,PM-Kisan,2024-11-28
MOCK-UAN-4185-7291,49,Gujarat,Andhra Pradesh,Construction,944,Highly-skilled,eShram,2025-03-14
MOCK-UAN-9486-8611,21,West Bengal,Bihar,Manufacturing,434,Semi-skilled,None,2026-07-30
MOCK-UAN-6198-8251,57,West Bengal,Odisha,Manufacturing,376,Semi-skilled,None,2025-12-19
MOCK-UAN-5050-5543,51,Karnataka,Karnataka,Agriculture,864,Highly-skilled,PM-SYM,2026-09-15
MOCK-UAN-5451-6502,38,West Bengal,Jharkhand,Gig Worker,976,Highly-skilled,eShram,2026-09-08
MOCK-UAN-7797-7678,39,West Bengal,Andhra Pradesh,Gig Worker,1052,Highly-skilled,None,2026-05-06
MOCK-UAN-1320-7232,48,Andhra Pradesh,Andhra Pradesh,Agriculture,7,Highly-skilled,None,2026-03-20
MOCK-UAN-9947-4613,49,Maharashtra,West Bengal,Construction,861,Highly-skilled,Ayushman Bharat,2026-07-31
MOCK-UAN-7624-3704,47,Jharkhand,Jharkhand,Domestic Worker,316,Unskilled,None,2026-05-14
MOCK-UAN-1444-2375,59,Gujarat,West Bengal,Gig Worker,380,Unskilled,Ayushman Bharat,2025-10-08
MOCK-UAN-8449-6355,39,Gujarat,Karnataka,Agriculture,266,Unskilled,None,2024-10-04
MOCK-UAN-1853-6733,32,Bihar,Bihar,Construction,380,Unskilled,eShram,2025-04-07
MOCK-UAN-3496-4908,26,Karnataka,Karnataka,Domestic Worker,501,Semi-skilled,None,2026-09-01
MOCK-UAN-7043-3749,56,Odisha,Odisha,Construction,546,Semi-skilled,Ayushman Bharat,2025-01-03
MOCK-UAN-6111-7149,43,Maharashtra,Uttar Pradesh,Construction,608,Skilled,PM-Kisan,2025-01-16
MOCK-UAN-1672-6688,52,Gujarat,Gujarat,Construction,634,Skilled,PM-SYM,2025-11-19
MOCK-UAN-2729-8102,41,Karnataka,Karnataka,Manufacturing,466,Semi-skilled,PM-Kisan,2026-07-13
MOCK-UAN-9817-8921,47,Gujarat,Gujarat,Domestic Worker,648,Skilled,Ayushman Bharat,2025-05-24
MOCK-UAN-2419-5569,46,Maharashtra,Maharashtra,Domestic Worker,876,Highly-skilled,Ayushman Bharat,2024-10-14
MOCK-UAN-6325-3979,49,Maharashtra,Tamil Nadu,Agriculture,590,Skilled,PM-Kisan,2026-09-03
MOCK-UAN-1166-9464,30,Bihar,Karnataka,Manufacturing,394,Semi-skilled,None,2026-07-08
MOCK-UAN-8342-1282,23,Uttar Pradesh,Maharashtra,Agriculture,540,Skilled,None,2026-04-04
MOCK-UAN-7971-6419,40,Karnataka,Uttar Pradesh,Gig Worker,440,Unskilled,eShram,2026-04-07
MOCK-UAN-8933-5530,64,Odisha,Odisha,Domestic Worker,667,Skilled,PM-SYM,2025-04-01
MOCK-UAN-6912-3939,37,Andhra Pradesh,Andhra Pradesh,Gig Worker,696,Skilled,PM-SYM,2024-11-09
MOCK-UAN-3068-9042,24,Andhra Pradesh,West Bengal,Manufacturing,950,Highly-skilled,Ayushman Bharat,2025-03-22
MOCK-UAN-5136-8827,25,Bihar,Jharkhand,Domestic Worker,318,Unskilled,eShram,2025-02-14
MOCK-UAN-5978-2395,-2,Bihar,Karnataka,Domestic Worker,417,Semi-skilled,PM-Kisan,2025-10-09
MOCK-UAN-8253-5871,55,Gujarat,Andhra Pradesh,Domestic Worker,318,Unskilled,eShram,2026-06-17
MOCK-UAN-2330-3573,33,Jharkhand,Maharashtra,Construction,1026,Highly-skilled,None,2026-08-21
MOCK-UAN-5771-1534,32,Uttar Pradesh,Uttar Pradesh,Manufacturing,298,Unskilled,eShram,2025-06-12
MOCK-UAN-4241-7965,25,West Bengal,Jharkhand,Agriculture,528,Semi-skilled,PM-SYM,2025-06-24
MOCK-UAN-5728-8195,25,Karnataka,Karnataka,Manufacturing,469,Skilled,PM-Kisan,2026-03-21
MOCK-UAN-2317-1653,45,Tamil Nadu,Tamil Nadu,Construction,391,Unskilled,eShram,2026-08-06
MOCK-UAN-1339-5415,54,Andhra Pradesh,Andhra Pradesh,Gig Worker,1004,Highly-skilled,PM-Kisan,2026-07-14
MOCK-UAN-5557-3973,-5,Gujarat,Gujarat,Manufacturing,285,Unskilled,None,2025-09-06
MOCK-UAN-6260-2713,-1,Tamil Nadu,West Bengal,Agriculture,904,Highly-skilled,PM-Kisan,2024-10-22
MOCK-UAN-6153-5135,38,Bihar,Bihar,Manufacturing,200,Unskilled,PM-Kisan,2026-01-01
MOCK-UAN-4073-9494,41,Odisha,Odisha,Manufacturing,289,Unskilled,eShram,2025-06-15
MOCK-UAN-5719-8178,62,Karnataka,Maharashtra,Gig Worker,717,Skilled,PM-Kisan,2024-09-29
MOCK-UAN-2527-4681,25,Karnataka,Karnataka,Gig Worker,1073,Highly-skilled,Ayushman Bharat,2026-02-18
MOCK-UAN-7807-8905,48,Maharashtra,Jharkhand,Manufacturing,424,Semi-skilled,PM-Kisan,2026-02-17
MOCK-UAN-3236-2143,-5,Gujarat,Odisha,Agriculture,259,Unskilled,Ayushman Bharat,2025-07-17
MOCK-UAN-9022-3434,-5,West Bengal,Tamil Nadu,Domestic Worker,874,Highly-skilled,None,2025-08-10
MOCK-UAN-4912-7274,16,Gujarat,West Bengal,Manufacturing,2500,Highly-skilled,eShram,2026-02-04
MOCK-UAN-3068-9229,55,Tamil Nadu,Tamil Nadu,Manufacturing,316,Unskilled,PM-Kisan,2026-05-28
MOCK-UAN-3529-2225,48,Uttar Pradesh,Karnataka,Construction,623,Skilled,PM-Kisan,2025-10-09
MOCK-UAN-8994-9864,20,Odisha,Uttar Pradesh,Gig Worker,425,Unskilled,None,2024-12-24
MOCK-UAN-2646-8269,28,Uttar Pradesh,Uttar Pradesh,Construction,654,Skilled,PM-SYM,2025-07-12
MOCK-UAN-8056-3385,33,West Bengal,Jharkhand,Gig Worker,598,Semi-skilled,PM-SYM,2026-06-01
MOCK-UAN-4945-9153,55,Jharkhand,Tamil Nadu,Manufacturing,564,Skilled,PM-SYM,2026-01-04
MOCK-UAN-9955-3588,22,Karnataka,Karnataka,Domestic Worker,583,Skilled,None,2026-08-22
MOCK-UAN-5949-4263,42,Karnataka,Gujarat,Domestic Worker,580,Skilled,PM-Kisan,2025-07-14
MOCK-UAN-5837-1359,60,Gujarat,Andhra Pradesh,Domestic Worker,826,Highly-skilled,Ayushman Bharat,2025-05-08
MOCK-UAN-6772-4588,58,Maharashtra,Maharashtra,Gig Worker,414,Unskilled,PM-SYM,2025-07-28
MOCK-UAN-1546-6977,64,Jharkhand,Tamil Nadu,Agriculture,913,Highly-skilled,eShram,2025-06-17
MOCK-UAN-5465-3695,34,Karnataka,Karnataka,Agriculture,600,Skilled,PM-SYM,2026-01-07
MOCK-UAN-3306-4696,61,Gujarat,Gujarat,Domestic Worker,588,Skilled,PM-SYM,2026-05-12
MOCK-UAN-5295-7242,58,Tamil Nadu,Maharashtra,Manufacturing,229,Unskilled,PM-Kisan,2026-04-12
MOCK-UAN-4626-2035,58,Karnataka,Karnataka,Agriculture,878,Highly-skilled,PM-SYM,2026-05-16
MOCK-UAN-2902-2592,33,West Bengal,Karnataka,Agriculture,882,Highly-skilled,PM-Kisan,2025-02-20
MOCK-UAN-2622-9017,57,Gujarat,Gujarat,Agriculture,259,Unskilled,Ayushman Bharat,2025-04-25
MOCK-UAN-4868-6942,24,Tamil Nadu,Gujarat,Construction,941,Highly-skilled,Ayushman Bharat,2025-03-28
MOCK-UAN-8450-2501,60,Maharashtra,Maharashtra,Domestic Worker,320,Unskilled,PM-SYM,2025-08-22
MOCK-UAN-3063-4362,22,West Bengal,Maharashtra,Gig Worker,794,Skilled,eShram,2026-04-18
MOCK-UAN-5106-3858,25,Andhra Pradesh,Gujarat,Gig Worker,708,Skilled,PM-SYM,2025-03-12
MOCK-UAN-3076-7897,51,Bihar,Bihar,Manufacturing,17619,Highly-skilled,Ayushman Bharat,2026-02-22
MOCK-UAN-8405-9254,32,Odisha,West Bengal,Agriculture,7121,Highly-skilled,PM-SYM,2024-11-16
MOCK-UAN-7580-7984,61,Bihar,West Bengal,Construction,254,Unskilled,Ayushman Bharat,2026-05-20
MOCK-UAN-9984-6327,42,Odisha,Karnataka,Domestic Worker,898,Highly-skilled,PM-SYM,2026-05-15
MOCK-UAN-4743-7779,39,Karnataka,Bihar,Agriculture,903,Highly-skilled,Ayushman Bharat,2026-07-28
MOCK-UAN-3500-8770,22,Bihar,Bihar,Construction,15249,Highly-skilled,PM-SYM,2025-10-01
MOCK-UAN-1982-6400,60,Bihar,Karnataka,Construction,640,Skilled,PM-Kisan,2025-07-31
MOCK-UAN-9313-4485,27,Karnataka,Bihar,Agriculture,615,Skilled,PM-SYM,2025-06-27
MOCK-UAN-8030-1430,56,Uttar Pradesh,Tamil Nadu,Agriculture,598,Skilled,Ayushman Bharat,2026-06-22
MOCK-UAN-7566-2140,27,Andhra Pradesh,Odisha,Gig Worker,941,Highly-skilled,None,2025-12-23
MOCK-UAN-7062-6105,64,Tamil Nadu,Tamil Nadu,Domestic Worker,357,Unskilled,PM-SYM,2026-06-03
MOCK-UAN-5458-8259,60,Gujarat,West Bengal,Manufacturing,637,Skilled,eShram,2025-04-10
MOCK-UAN-8972-9633,60,Uttar Pradesh,Karnataka,Domestic Worker,339,Unskilled,PM-SYM,2025-04-12
MOCK-UAN-4460-3248,34,Uttar Pradesh,Andhra Pradesh,Manufacturing,854,Highly-skilled,eShram,2025-01-25
MOCK-UAN-4770-9196,53,Tamil Nadu,Andhra Pradesh,Manufacturing,370,Unskilled,None,2024-12-03
MOCK-UAN-8033-7626,63,Gujarat,Karnataka,Construction,579,Skilled,eShram,2026-06-09
MOCK-UAN-6928-2443,45,Bihar,Karnataka,Domestic Worker,329,Unskilled,None,2025-07-29
MOCK-UAN-4630-6456,28,Bihar,Jharkhand,Domestic Worker,559,Semi-skilled,Ayushman Bharat,2025-09-09
MOCK-UAN-3419-4871,24,Jharkhand,Maharashtra,Domestic Worker,400,Semi-skilled,PM-SYM,2025-03-15
MOCK-UAN-9095-8601,54,Odisha,Tamil Nadu,Agriculture,421,Semi-skilled,None,2024-11-23
MOCK-UAN-5961-5500,55,Andhra Pradesh,Jharkhand,Agriculture,904,Highly-skilled,None,2025-04-21
MOCK-UAN-2479-9307,42,Karnataka,Andhra Pradesh,Manufacturing,424,Semi-skilled,Ayushman Bharat,2026-05-27
MOCK-UAN-3471-2013,46,Bihar,Bihar,Agriculture,222,Unskilled,PM-Kisan,2026-06-15
MOCK-UAN-8199-9586,51,Odisha,Tamil Nadu,Agriculture,903,Highly-skilled,None,2025-08-27
MOCK-UAN-1857-6482,22,Tamil Nadu,Karnataka,Agriculture,546,Skilled,PM-Kisan,2025-02-15
MOCK-UAN-3317-6731,37,Gujarat,Bihar,Agriculture,923,Highly-skilled,Ayushman Bharat,2025-01-23
MOCK-UAN-9624-2531,59,Gujarat,Andhra Pradesh,Agriculture,554,Skilled,eShram,2025-04-22
MOCK-UAN-8967-4145,32,Jharkhand,Tamil Nadu,Construction,5,Unskilled,Ayushman Bharat,2025-04-06
MOCK-UAN-3962-3712,64,Karnataka,Tamil Nadu,Gig Worker,960,Highly-skilled,PM-Kisan,2025-07-03
MOCK-UAN-8355-4833,52,Maharashtra,West Bengal,Gig Worker,683,Skilled,PM-Kisan,2025-12-10
MOCK-UAN-5616-7256,50,West Bengal,Jharkhand,Gig Worker,590,Semi-skilled,Ayushman Bharat,2024-11-07
MOCK-UAN-7081-2680,63,West Bengal,West Bengal,Agriculture,238,Unskilled,eShram,2025-06-21
MOCK-UAN-9410-3414,45,Bihar,Bihar,Gig Worker,1011,Highly-skilled,Ayushman Bharat,2024-10-12
MOCK-UAN-7495-9224,41,Maharashtra,Bihar,Agriculture,515,Semi-skilled,PM-SYM,2025-08-07
MOCK-UAN-6493-3392,26,Andhra Pradesh,West Bengal,Gig Worker,919,Highly-skilled,None,2026-04-09
MOCK-UAN-4533-3449,53,Odisha,Bihar,Agriculture,459,Semi-skilled,Ayushman Bharat,2025-06-26
MOCK-UAN-8489-2029,25,Karnataka,Andhra Pradesh,Domestic Worker,462,Semi-skilled,eShram,2025-07-10
MOCK-UAN-6780-4941,54,Gujarat,Bihar,Domestic Worker,639,Skilled,PM-SYM,2026-03-07
MOCK-UAN-9316-1333,42,Karnataka,Gujarat,Agriculture,538,Skilled,PM-SYM,2025-09-15
MOCK-UAN-6649-4950,64,Bihar,Bihar,Agriculture,383,Semi-skilled,PM-SYM,2025-09-10
MOCK-UAN-3868-8612,62,Karnataka,Karnataka,Gig Worker,426,Unskilled,None,2024-10-22
MOCK-UAN-1717-4268,20,Tamil Nadu,Tamil Nadu,Domestic Worker,914,Highly-skilled,PM-Kisan,2026-01-12
MOCK-UAN-4131-5687,40,Andhra Pradesh,Andhra Pradesh,Agriculture,612,Skilled,PM-SYM,2025-09-26
MOCK-UAN-7553-8204,42,Tamil Nadu,Tamil Nadu,Manufacturing,917,Highly-skilled,Ayushman Bharat,2026-02-28
MOCK-UAN-2353-7955,23,Gujarat,Gujarat,Gig Worker,665,Skilled,Ayushman Bharat,2025-05-15
MOCK-UAN-7981-3730,62,Karnataka,Andhra Pradesh,Agriculture,911,Highly-skilled,Ayushman Bharat,2026-07-01
MOCK-UAN-1939-2229,60,Gujarat,Jharkhand,Construction,514,Semi-skilled,PM-Kisan,2026-08-10
MOCK-UAN-1570-3068,22,Maharashtra,Maharashtra,Agriculture,564,Skilled,None,2026-06-15
MOCK-UAN-7077-7095,46,Bihar,Odisha,Agriculture,993,Highly-skilled,Ayushman Bharat,2026-07-12
MOCK-UAN-2858-1424,65,Jharkhand,Karnataka,Domestic Worker,323,Unskilled,Ayushman Bharat,2025-06-08
MOCK-UAN-4515-5678,62,Karnataka,Jharkhand,Construction,890,Highly-skilled,eShram,2026-09-15
MOCK-UAN-2438-6236,60,Tamil Nadu,Tamil Nadu,Domestic Worker,632,Skilled,Ayushman Bharat,2025-02-23
MOCK-UAN-3852-6922,50,Maharashtra,Uttar Pradesh,Gig Worker,501,Semi-skilled,None,2024-10-11
MOCK-UAN-7044-8657,53,Jharkhand,Jharkhand,Construction,389,Unskilled,Ayushman Bharat,2025-10-27
MOCK-UAN-8842-9612,44,Gujarat,Gujarat,Construction,557,Semi-skilled,Ayushman Bharat,2025-06-17
MOCK-UAN-6644-3102,53,Odisha,Jharkhand,Manufacturing,258,Unskilled,PM-SYM,2026-04-11
MOCK-UAN-4694-6669,51,Uttar Pradesh,Uttar Pradesh,Agriculture,498,Semi-skilled,PM-Kisan,2025-06-18
MOCK-UAN-2530-9234,59,Jharkhand,Maharashtra,Gig Worker,720,Skilled,PM-Kisan,2024-10-27
MOCK-UAN-1464-2330,20,Odisha,Maharashtra,Domestic Worker,941,Highly-skilled,PM-Kisan,2025-06-10
MOCK-UAN-8912-5012,61,Gujarat,Bihar,Construction,594,Semi-skilled,None,2025-11-14
MOCK-UAN-4342-6573,56,Jharkhand,Gujarat,Agriculture,887,Highly-skilled,eShram,2025-09-29
MOCK-UAN-2739-6228,33,Karnataka,West Bengal,Gig Worker,512,Semi-skilled,PM-SYM,2024-11-05
MOCK-UAN-7293-7850,33,Jharkhand,Jharkhand,Domestic Worker,555,Skilled,eShram,2025-02-25
MOCK-UAN-9433-8648,49,Uttar Pradesh,Bihar,Manufacturing,859,Highly-skilled,eShram,2025-04-23
MOCK-UAN-1797-1828,36,Karnataka,West Bengal,Agriculture,296,Unskilled,PM-SYM,2025-06-12
MOCK-UAN-7606-6995,20,Gujarat,Odisha,Gig Worker,717,Skilled,PM-Kisan,2025-06-09
MOCK-UAN-2946-3108,24,Gujarat,Tamil Nadu,Domestic Worker,613,Skilled,eShram,2025-04-06
MOCK-UAN-7576-9193,20,Andhra Pradesh,Gujarat,Manufacturing,941,Highly-skilled,eShram,2026-05-28
MOCK-UAN-3290-6373,57,Tamil Nadu,Uttar Pradesh,Domestic Worker,600,Skilled,PM-Kisan,2026-02-18
MOCK-UAN-5911-8780,19,Tamil Nadu,Bihar,Manufacturing,672,Skilled,PM-SYM,2026-05-19
MOCK-UAN-4728-1841,55,Karnataka,Gujarat,Gig Worker,536,Semi-skilled,PM-SYM,2026-04-24
MOCK-UAN-2800-4125,19,Karnataka,Jharkhand,Manufacturing,586,Semi-skilled,None,2026-02-10
MOCK-UAN-8726-2020,63,Jharkhand,Odisha,Agriculture,931,Highly-skilled,PM-Kisan,2025-10-05
MOCK-UAN-3837-8531,52,Tamil Nadu,Uttar Pradesh,Domestic Worker,857,Highly-skilled,eShram,2025-05-25
MOCK-UAN-5890-4684,37,Uttar Pradesh,Uttar Pradesh,Manufacturing,546,Skilled,None,2025-09-07
MOCK-UAN-5480-5715,25,Odisha,Odisha,Manufacturing,924,Highly-skilled,Ayushman Bharat,2025-02-11
MOCK-UAN-5712-2294,40,Karnataka,Karnataka,Manufacturing,438,Semi-skilled,eShram,2026-03-20
MOCK-UAN-5450-3249,24,Odisha,Odisha,Gig Worker,585,Semi-skilled,PM-SYM,2026-08-01
MOCK-UAN-4697-4814,21,Bihar,West Bengal,Construction,523,Semi-skilled,PM-SYM,2026-04-01
MOCK-UAN-3587-7666,59,Karnataka,Maharashtra,Agriculture,596,Skilled,Ayushman Bharat,2026-06-19
MOCK-UAN-4804-9767,65,Andhra Pradesh,Andhra Pradesh,Gig Worker,957,Highly-skilled,eShram,2024-10-22
MOCK-UAN-7504-9116,29,Uttar Pradesh,Uttar Pradesh,Construction,574,Skilled,PM-Kisan,2025-05-15
MOCK-UAN-9901-9590,49,Jharkhand,Jharkhand,Manufacturing,577,Skilled,eShram,2025-01-08
MOCK-UAN-8518-5215,63,Jharkhand,Gujarat,Agriculture,492,Semi-skilled,eShram,2026-06-02
MOCK-UAN-7643-8007,50,Tamil Nadu,Bihar,Gig Worker,560,Semi-skilled,None,2025-08-12
MOCK-UAN-1111-5272,42,Maharashtra,Tamil Nadu,Agriculture,537,Skilled,PM-Kisan,2025-06-08
MOCK-UAN-2017-2936,47,Uttar Pradesh,Odisha,Agriculture,308,Unskilled,Ayushman Bharat,2025-09-26
MOCK-UAN-4590-3188,48,Jharkhand,Gujarat,Manufacturing,919,Highly-skilled,PM-Kisan,2026-07-27
MOCK-UAN-5054-2341,51,Karnataka,Tamil Nadu,Construction,305,Unskilled,PM-SYM,2026-03-29
MOCK-UAN-4312-9792,27,Jharkhand,Odisha,Manufacturing,307,Unskilled,eShram,2026-05-05
MOCK-UAN-9361-8298,21,Karnataka,Gujarat,Manufacturing,302,Unskilled,PM-Kisan,2026-01-01
MOCK-UAN-6049-1356,43,Uttar Pradesh,Uttar Pradesh,Gig Worker,342,Unskilled,PM-SYM,2025-11-22
MOCK-UAN-2044-9866,21,Bihar,Bihar,Manufacturing,317,Unskilled,Ayushman Bharat,2026-06-24
MOCK-UAN-7887-7135,42,Karnataka,Karnataka,Manufacturing,928,Highly-skilled,PM-SYM,2026-08-15
MOCK-UAN-9835-3178,59,Tamil Nadu,Odisha,Manufacturing,504,Semi-skilled,eShram,2024-09-18
MOCK-UAN-5888-8585,61,West Bengal,Gujarat,Gig Worker,602,Semi-skilled,None,2026-06-25
MOCK-UAN-2848-1527,60,Gujarat,Gujarat,Construction,431,Semi-skilled,eShram,2026-05-20
MOCK-UAN-1797-5009,65,Andhra Pradesh,Uttar Pradesh,Domestic Worker,403,Semi-skilled,PM-SYM,2025-02-05
MOCK-UAN-5739-4836,64,Odisha,Tamil Nadu,Gig Worker,725,Skilled,eShram,2026-07-23
MOCK-UAN-7775-5923,35,Andhra Pradesh,Maharashtra,Manufacturing,925,Highly-skilled,PM-SYM,2025-09-02
MOCK-UAN-7244-9592,38,Gujarat,Uttar Pradesh,Manufacturing,475,Semi-skilled,PM-Kisan,2026-01-12
MOCK-UAN-4692-5927,63,Jharkhand,Jharkhand,Construction,1142,Highly-skilled,None,2026-04-08
MOCK-UAN-7363-4978,34,Maharashtra,Bihar,Manufacturing,628,Skilled,PM-SYM,2026-03-17
MOCK-UAN-4120-1844,35,Gujarat,Gujarat,Domestic Worker,356,Unskilled,PM-SYM,2025-03-26
MOCK-UAN-4555-8854,31,Tamil Nadu,Andhra Pradesh,Gig Worker,597,Semi-skilled,PM-SYM,2026-01-18
MOCK-UAN-4350-7498,33,West Bengal,Uttar Pradesh,Manufacturing,932,Highly-skilled,PM-Kisan,2026-07-11
MOCK-UAN-5285-6892,50,Karnataka,West Bengal,Agriculture,434,Semi-skilled,Ayushman Bharat,2025-08-01
MOCK-UAN-4625-3390,19,Uttar Pradesh,Karnataka,Agriculture,487,Semi-skilled,eShram,2025-08-18
MOCK-UAN-5026-9180,53,Tamil Nadu,West Bengal,Manufacturing,861,Highly-skilled,eShram,2025-04-18
MOCK-UAN-1962-9584,20,Bihar,Bihar,Construction,338,Unskilled,None,2025-02-02
MOCK-UAN-4791-2113,63,Jharkhand,Odisha,Manufacturing,575,Skilled,PM-SYM,2026-06-09
MOCK-UAN-8916-8993,19,Andhra Pradesh,Karnataka,Construction,354,Unskilled,PM-Kisan,2025-06-23
MOCK-UAN-5697-1280,50,Gujarat,Gujarat,Gig Worker,515,Unskilled,PM-SYM,2026-06-17
MOCK-UAN-5135-6807,35,Gujarat,Karnataka,Manufacturing,356,Semi-skilled,eShram,2025-07-19
MOCK-UAN-2320-1519,23,Gujarat,Odisha,Manufacturing,334,Unskilled,PM-SYM,2025-05-21
MOCK-UAN-6427-2562,51,Andhra Pradesh,West Bengal,Agriculture,219,Unskilled,PM-SYM,2026-08-16
MOCK-UAN-9897-1539,29,Tamil Nadu,Maharashtra,Domestic Worker,426,Semi-skilled,None,2024-12-02
MOCK-UAN-4939-7375,61,West Bengal,Jharkhand,Construction,704,Skilled,PM-SYM,2024-12-24
MOCK-UAN-2245-6580,56,Odisha,Odisha,Manufacturing,15930,Skilled,PM-SYM,2026-06-26
MOCK-UAN-8381-9038,32,Tamil Nadu,Karnataka,Manufacturing,396,Semi-skilled,PM-Kisan,2026-07-23
MOCK-UAN-5839-5037,63,Bihar,Maharashtra,Manufacturing,414,Semi-skilled,None,2025-08-05
MOCK-UAN-2499-1085,37,Karnataka,Uttar Pradesh,Construction,533,Semi-skilled,PM-SYM,2025-03-25
MOCK-UAN-9395-7685,-5,Andhra Pradesh,Odisha,Construction,613,Skilled,None,2024-09-27
MOCK-UAN-7353-2387,64,West Bengal,West Bengal,Gig Worker,560,Semi-skilled,None,2025-05-16
MOCK-UAN-3390-2036,28,Gujarat,Uttar Pradesh,Manufacturing,302,Unskilled,Ayushman Bharat,2025-05-30
MOCK-UAN-9123-4203,47,Bihar,Andhra Pradesh,Manufacturing,5309,Skilled,PM-Kisan,2025-10-09
MOCK-UAN-6399-8212,39,Gujarat,Gujarat,Domestic Worker,557,Semi-skilled,Ayushman Bharat,2025-08-09
MOCK-UAN-4290-8848,38,Jharkhand,Jharkhand,Agriculture,631,Skilled,None,2026-04-27
MOCK-UAN-6339-7161,35,Gujarat,Maharashtra,Domestic Worker,348,Semi-skilled,PM-Kisan,2024-10-12
MOCK-UAN-8563-4434,46,Uttar Pradesh,Uttar Pradesh,Construction,959,Highly-skilled,None,2025-02-04
MOCK-UAN-4965-5139,60,Jharkhand,Jharkhand,Manufacturing,266,Unskilled,None,2026-05-20
MOCK-UAN-7566-9755,50,Gujarat,Tamil Nadu,Domestic Worker,342,Unskilled,PM-SYM,2025-05-27
MOCK-UAN-6816-3725,59,Odisha,Gujarat,Agriculture,860,Highly-skilled,PM-SYM,2026-06-24
MOCK-UAN-9499-4621,46,Tamil Nadu,Odisha,Gig Worker,694,Skilled,PM-SYM,2025-04-04
MOCK-UAN-3321-6707,37,Tamil Nadu,Maharashtra,Domestic Worker,925,Highly-skilled,Ayushman Bharat,2025-05-03
MOCK-UAN-5919-1732,63,Bihar,Gujarat,Construction,543,Semi-skilled,eShram,2026-05-18
MOCK-UAN-7985-8570,32,Gujarat,Gujarat,Gig Worker,939,Highly-skilled,None,2024-10-14
MOCK-UAN-4232-8365,55,Gujarat,Maharashtra,Gig Worker,683,Skilled,PM-SYM,2026-05-11
MOCK-UAN-4228-8496,25,Uttar Pradesh,Uttar Pradesh,Manufacturing,576,Skilled,PM-Kisan,2025-10-17
MOCK-UAN-2871-6700,40,Karnataka,Karnataka,Agriculture,9,Unskilled,eShram,2025-04-06
MOCK-UAN-7116-3316,-2,Gujarat,Jharkhand,Domestic Worker,988,Highly-skilled,None,2025-03-24
MOCK-UAN-9804-3838,53,Jharkhand,Maharashtra,Gig Worker,720,Skilled,None,2025-04-16
MOCK-UAN-3236-4196,42,West Bengal,Karnataka,Manufacturing,836,Highly-skilled,None,2026-09-12
MOCK-UAN-9006-3740,23,Odisha,Maharashtra,Agriculture,345,Unskilled,Ayushman Bharat,2025-05-03
MOCK-UAN-3755-8492,54,Karnataka,Bihar,Domestic Worker,406,Unskilled,Ayushman Bharat,2026-03-25
MOCK-UAN-7010-9880,20,Karnataka,Gujarat,Construction,551,Semi-skilled,Ayushman Bharat,2024-10-18
MOCK-UAN-6711-2425,46,Bihar,Bihar,Gig Worker,474,Semi-skilled,PM-Kisan,2026-08-21
MOCK-UAN-8015-3719,57,Jharkhand,Jharkhand,Gig Worker,375,Unskilled,PM-Kisan,2025-09-09
MOCK-UAN-9827-3758,38,Uttar Pradesh,Tamil Nadu,Domestic Worker,363,Unskilled,eShram,2025-11-10
MOCK-UAN-5543-3078,62,Jharkhand,Gujarat,Gig Worker,964,Highly-skilled,None,2025-02-07
MOCK-UAN-5402-7786,42,Karnataka,Bihar,Manufacturing,622,Skilled,Ayushman Bharat,2025-12-24
MOCK-UAN-6362-1040,64,Bihar,Bihar,Manufacturing,638,Skilled,PM-SYM,2026-03-16
MOCK-UAN-8039-4470,49,Uttar Pradesh,Tamil Nadu,Agriculture,403,Semi-skilled,PM-Kisan,2026-01-24
MOCK-UAN-1793-1752,24,Karnataka,Jharkhand,Manufacturing,897,Highly-skilled,PM-SYM,2025-11-27
MOCK-UAN-3161-5945,28,Uttar Pradesh,Gujarat,Agriculture,137,Unskilled,Ayushman Bharat,2026-07-27
MOCK-UAN-3711-1848,43,Uttar Pradesh,Uttar Pradesh,Gig Worker,948,Highly-skilled,PM-SYM,2026-05-03
MOCK-UAN-3174-4705,51,Karnataka,Tamil Nadu,Construction,937,Highly-skilled,eShram,2025-04-24
MOCK-UAN-2678-2690,38,Tamil Nadu,Tamil Nadu,Gig Worker,937,Highly-skilled,eShram,2026-07-03
MOCK-UAN-3340-2120,51,Odisha,Jharkhand,Manufacturing,681,Skilled,eShram,2026-06-20
MOCK-UAN-7745-8248,31,Bihar,Bihar,Gig Worker,328,Unskilled,PM-Kisan,2025-10-13
MOCK-UAN-8035-6152,26,Maharashtra,Bihar,Gig Worker,677,Skilled,PM-SYM,2026-07-21
MOCK-UAN-4366-9482,56,West Bengal,Gujarat,Agriculture,306,Unskilled,eShram,2026-02-03
MOCK-UAN-4949-9185,58,Odisha,Andhra Pradesh,Agriculture,672,Skilled,eShram,2025-10-16
MOCK-UAN-7895-6986,52,Jharkhand,Jharkhand,Construction,278,Unskilled,PM-Kisan,2026-04-02
MOCK-UAN-7520-9300,36,West Bengal,West Bengal,Manufacturing,958,Highly-skilled,PM-SYM,2026-07-02
MOCK-UAN-3501-5546,23,Uttar Pradesh,Maharashtra,Gig Worker,700,Skilled,None,2026-05-08
MOCK-UAN-2083-6081,62,Gujarat,Gujarat,Gig Worker,350,Unskilled,eShram,2024-12-12
MOCK-UAN-2900-8428,57,Odisha,Jharkhand,Construction,373,Unskilled,eShram,2025-05-17
MOCK-UAN-9474-5247,28,Tamil Nadu,Uttar Pradesh,Construction,359,Unskilled,Ayushman Bharat,2025-11-28
MOCK-UAN-2046-5308,63,Odisha,Odisha,Manufacturing,869,Highly-skilled,PM-Kisan,2026-05-06
MOCK-UAN-5179-2685,54,Bihar,Odisha,Construction,353,Unskilled,PM-SYM,2025-05-05
MOCK-UAN-3932-1579,53,Gujarat,Maharashtra,Manufacturing,580,Skilled,Ayushman Bharat,2024-12-03
MOCK-UAN-2956-9225,61,Andhra Pradesh,Odisha,Construction,955,Highly-skilled,PM-SYM,2026-01-04
MOCK-UAN-6090-6362,23,West Bengal,Tamil Nadu,Gig Worker,733,Skilled,PM-Kisan,2025-07-23
MOCK-UAN-4974-8600,41,Odisha,Odisha,Gig Worker,629,Semi-skilled,eShram,2024-09-21
MOCK-UAN-1391-4817,52,Tamil Nadu,Tamil Nadu,Construction,588,Skilled,PM-SYM,2026-07-20
MOCK-UAN-6038-2703,31,West Bengal,West Bengal,Manufacturing,1006,Highly-skilled,PM-SYM,2025-02-07
MOCK-UAN-2524-1719,32,West Bengal,Tamil Nadu,Manufacturing,202,Unskilled,PM-Kisan,2024-12-21
MOCK-UAN-7461-2226,55,Odisha,Jharkhand,Gig Worker,692,Skilled,Ayushman Bharat,2025-08-03
MOCK-UAN-7438-6345,38,Karnataka,Bihar,Gig Worker,579,Semi-skilled,PM-Kisan,2026-05-15
MOCK-UAN-6145-7660,25,West Bengal,Maharashtra,Manufacturing,614,Skilled,None,2025-06-13
MOCK-UAN-2481-3582,61,Uttar Pradesh,Uttar Pradesh,Domestic Worker,268,Unskilled,eShram,2026-05-13
MOCK-UAN-9412-1802,61,Uttar Pradesh,Jharkhand,Construction,939,Highly-skilled,None,2026-04-07
MOCK-UAN-5093-2551,47,Bihar,Bihar,Gig Worker,375,Unskilled,PM-SYM,2024-11-17
MOCK-UAN-4641-3141,30,Gujarat,Bihar,Domestic Worker,570,Skilled,PM-SYM,2024-10-07
MOCK-UAN-4239-8265,14,Bihar,Bihar,Agriculture,2500,Highly-skilled,PM-SYM,2025-06-13
MOCK-UAN-9128-1483,42,Gujarat,Maharashtra,Gig Worker,717,Skilled,Ayushman Bharat,2025-12-15
MOCK-UAN-1567-5026,59,Uttar Pradesh,Odisha,Manufacturing,265,Unskilled,PM-SYM,2025-06-28
MOCK-UAN-7868-4267,59,West Bengal,Odisha,Construction,994,Highly-skilled,Ayushman Bharat,2026-01-19
MOCK-UAN-8940-6636,54,West Bengal,Uttar Pradesh,Gig Worker,415,Unskilled,Ayushman Bharat,2026-05-19
MOCK-UAN-5602-1959,48,West Bengal,Maharashtra,Gig Worker,440,Unskilled,eShram,2026-07-19
MOCK-UAN-9743-1916,32,Odisha,Odisha,Manufacturing,631,Skilled,eShram,2025-03-14
MOCK-UAN-6210-6878,55,Andhra Pradesh,Andhra Pradesh,Agriculture,408,Semi-skilled,PM-Kisan,2025-03-26
MOCK-UAN-9064-9882,37,Jharkhand,Bihar,Construction,471,Semi-skilled,PM-Kisan,2025-04-11
MOCK-UAN-4300-3137,39,Jharkhand,Jharkhand,Agriculture,337,Unskilled,PM-SYM,2025-02-13
MOCK-UAN-3320-2817,51,Tamil Nadu,Tamil Nadu,Agriculture,930,Highly-skilled,PM-Kisan,2024-12-27
MOCK-UAN-6285-3235,28,Gujarat,Gujarat,Manufacturing,598,Skilled,eShram,2026-09-09
MOCK-UAN-6846-4657,60,Odisha,Odisha,Manufacturing,605,Skilled,Ayushman Bharat,2026-06-19
MOCK-UAN-7415-1530,29,Odisha,Maharashtra,Domestic Worker,363,Unskilled,None,2025-02-06
MOCK-UAN-2274-4899,40,Tamil Nadu,Bihar,Agriculture,870,Highly-skilled,PM-SYM,2025-06-13
MOCK-UAN-2110-6742,34,Bihar,Bihar,Construction,977,Highly-skilled,None,2025-11-18
MOCK-UAN-7783-9078,42,Tamil Nadu,Bihar,Manufacturing,439,Semi-skilled,eShram,2026-05-01
MOCK-UAN-6221-5278,24,Bihar,Karnataka,Gig Worker,389,Unskilled,PM-Kisan,2024-12-19
MOCK-UAN-8909-1507,45,Jharkhand,Jharkhand,Manufacturing,504,Semi-skilled,PM-SYM,2024-12-27
MOCK-UAN-4112-7705,62,West Bengal,West Bengal,Domestic Worker,641,Skilled,Ayushman Bharat,2025-07-16
MOCK-UAN-1813-7437,54,West Bengal,West Bengal,Gig Worker,440,Unskilled,Ayushman Bharat,2024-09-18
MOCK-UAN-5825-8869,30,Bihar,Maharashtra,Agriculture,365,Unskilled,None,2025-01-11
MOCK-UAN-7512-8715,49,Uttar Pradesh,Odisha,Manufacturing,451,Semi-skilled,Ayushman Bharat,2025-10-10
MOCK-UAN-8303-1731,34,Karnataka,Maharashtra,Agriculture,334,Unskilled,eShram,2026-08-29
MOCK-UAN-2404-6632,52,Gujarat,Gujarat,Domestic Worker,434,Semi-skilled,PM-Kisan,2024-11-16
MOCK-UAN-9561-7858,52,Karnataka,Maharashtra,Manufacturing,616,Skilled,PM-SYM,2025-10-24
MOCK-UAN-1568-9226,54,West Bengal,West Bengal,Domestic Worker,443,Semi-skilled,PM-SYM,2026-04-26
MOCK-UAN-4157-3067,20,Gujarat,Karnataka,Gig Worker,554,Semi-skilled,PM-Kisan,2025-06-06
MOCK-UAN-2097-2425,42,West Bengal,Tamil Nadu,Agriculture,929,Highly-skilled,PM-SYM,2026-09-02
MOCK-UAN-9561-7874,25,Gujarat,Bihar,Construction,309,Unskilled,Ayushman Bharat,2026-03-17
MOCK-UAN-7732-5327,42,Karnataka,West Bengal,Construction,604,Semi-skilled,Ayushman Bharat,2025-04-13
MOCK-UAN-6431-4892,21,Karnataka,Karnataka,Agriculture,249,Unskilled,Ayushman Bharat,2025-07-22
MOCK-UAN-9054-2609,32,Jharkhand,West Bengal,Agriculture,539,Skilled,None,2026-05-27
MOCK-UAN-4079-8237,31,Gujarat,Gujarat,Domestic Worker,657,Skilled,PM-SYM,2026-02-24
MOCK-UAN-2075-6097,63,West Bengal,Odisha,Domestic Worker,339,Unskilled,eShram,2025-03-31
MOCK-UAN-4288-1944,33,Andhra Pradesh,Gujarat,Gig Worker,731,Skilled,Ayushman Bharat,2026-01-03
MOCK-UAN-3029-1500,33,Tamil Nadu,West Bengal,Gig Worker,1031,Highly-skilled,PM-Kisan,2026-04-02
MOCK-UAN-3679-5237,65,Bihar,Karnataka,Construction,499,Semi-skilled,PM-Kisan,2025-04-22
MOCK-UAN-4688-4387,-3,Gujarat,Andhra Pradesh,Manufacturing,405,Semi-skilled,eShram,2026-05-23
MOCK-UAN-4666-5135,56,Uttar Pradesh,Uttar Pradesh,Agriculture,903,Highly-skilled,None,2025-09-07
MOCK-UAN-4575-8646,37,West Bengal,West Bengal,Manufacturing,266,Unskilled,PM-SYM,2026-02-20
MOCK-UAN-7131-5631,37,Bihar,Gujarat,Agriculture,648,Skilled,Ayushman Bharat,2025-06-09
MOCK-UAN-5895-4086,27,West Bengal,West Bengal,Construction,942,Highly-skilled,Ayushman Bharat,2026-06-16
MOCK-UAN-5843-5250,44,Gujarat,Andhra Pradesh,Domestic Worker,408,Semi-skilled,Ayushman Bharat,2026-09-15
MOCK-UAN-9759-8794,60,Tamil Nadu,Jharkhand,Domestic Worker,433,Semi-skilled,Ayushman Bharat,2024-12-23
MOCK-UAN-5237-3999,61,Tamil Nadu,Tamil Nadu,Gig Worker,720,Skilled,eShram,2025-07-26
MOCK-UAN-6428-7089,34,Odisha,Bihar,Manufacturing,271,Unskilled,PM-Kisan,2026-05-02
MOCK-UAN-2166-8736,30,West Bengal,Gujarat,Domestic Worker,558,Skilled,None,2024-11-09
MOCK-UAN-3470-3250,30,Tamil Nadu,West Bengal,Gig Worker,712,Skilled,eShram,2024-12-06
MOCK-UAN-3897-6134,58,Andhra Pradesh,Tamil Nadu,Gig Worker,562,Semi-skilled,PM-Kisan,2025-02-24
MOCK-UAN-2442-3120,57,Gujarat,Gujarat,Manufacturing,874,Highly-skilled,None,2026-06-12
MOCK-UAN-1230-6279,51,Maharashtra,Andhra Pradesh,Gig Worker,526,Semi-skilled,Ayushman Bharat,2025-06-19
MOCK-UAN-6015-3736,22,Andhra Pradesh,Tamil Nadu,Manufacturing,611,Skilled,None,2026-08-19
MOCK-UAN-6615-9031,40,Maharashtra,Karnataka,Construction,427,Semi-skilled,eShram,2025-01-27
MOCK-UAN-1359-9267,28,Bihar,Andhra Pradesh,Manufacturing,529,Skilled,PM-Kisan,2026-06-04
MOCK-UAN-1323-1790,62,Bihar,Karnataka,Construction,614,Skilled,None,2026-05-14
MOCK-UAN-2654-9524,35,Odisha,Odisha,Gig Worker,989,Highly-skilled,PM-SYM,2026-02-20
MOCK-UAN-2928-5631,25,Bihar,Uttar Pradesh,Agriculture,465,Semi-skilled,Ayushman Bharat,2026-09-05
MOCK-UAN-3627-1645,53,Karnataka,Karnataka,Manufacturing,673,Skilled,eShram,2026-04-27
MOCK-UAN-9095-3443,23,West Bengal,Bihar,Agriculture,492,Semi-skilled,None,2025-07-15
MOCK-UAN-1820-2635,29,Andhra Pradesh,Andhra Pradesh,Agriculture,592,Skilled,None,2026-04-28
MOCK-UAN-3267-3793,39,Tamil Nadu,Tamil Nadu,Domestic Worker,599,Skilled,PM-SYM,2025-10-01
MOCK-UAN-3996-2865,43,Gujarat,Gujarat,Agriculture,849,Highly-skilled,None,2025-11-20
MOCK-UAN-3732-2852,26,Andhra Pradesh,Andhra Pradesh,Gig Worker,399,Unskilled,None,2026-05-12
MOCK-UAN-8178-3969,57,Gujarat,Gujarat,Domestic Worker,285,Unskilled,eShram,2026-01-22
MOCK-UAN-2850-7738,46,Andhra Pradesh,Gujarat,Construction,516,Semi-skilled,Ayushman Bharat,2026-02-28
MOCK-UAN-2560-8091,60,Maharashtra,Karnataka,Gig Worker,358,Unskilled,PM-SYM,2026-07-05
MOCK-UAN-9283-8688,49,Jharkhand,West Bengal,Agriculture,475,Semi-skilled,Ayushman Bharat,2026-06-21
MOCK-UAN-7203-7607,33,Bihar,West Bengal,Construction,1026,Highly-skilled,None,2025-06-21
MOCK-UAN-1291-2681,43,Gujarat,Odisha,Construction,344,Unskilled,PM-Kisan,2026-06-10
MOCK-UAN-9328-4389,59,Karnataka,Karnataka,Agriculture,320,Unskilled,eShram,2025-12-24
MOCK-UAN-8751-6952,63,Karnataka,Maharashtra,Construction,684,Skilled,Ayushman Bharat,2026-06-25
MOCK-UAN-5783-9973,51,Tamil Nadu,Tamil Nadu,Construction,479,Semi-skilled,None,2025-02-05
MOCK-UAN-7704-2752,34,Odisha,Bihar,Manufacturing,461,Semi-skilled,None,2025-03-29
MOCK-UAN-2765-7790,20,Odisha,Karnataka,Manufacturing,450,Semi-skilled,None,2024-09-19
MOCK-UAN-1795-8091,55,Karnataka,Karnataka,Gig Worker,554,Semi-skilled,eShram,2024-12-30
MOCK-UAN-6273-9259,42,Gujarat,Gujarat,Gig Worker,661,Skilled,None,2025-09-01
MOCK-UAN-8419-3185,26,Gujarat,Gujarat,Domestic Worker,601,Skilled,PM-Kisan,2025-08-02
MOCK-UAN-4560-4291,31,Odisha,Odisha,Agriculture,474,Semi-skilled,eShram,2026-02-12
MOCK-UAN-6281-2890,40,West Bengal,Gujarat,Domestic Worker,672,Skilled,None,2024-09-28
MOCK-UAN-1414-7240,27,Andhra Pradesh,Andhra Pradesh,Gig Worker,747,Skilled,eShram,2025-07-05
MOCK-UAN-3399-2016,62,Uttar Pradesh,Odisha,Construction,757,Skilled,None,2024-12-28
MOCK-UAN-4675-7371,33,West Bengal,West Bengal,Agriculture,261,Unskilled,None,2025-10-16
MOCK-UAN-6122-1881,18,Uttar Pradesh,West Bengal,Gig Worker,743,Skilled,PM-Kisan,2026-03-28
MOCK-UAN-4218-4170,36,Karnataka,Bihar,Gig Worker,559,Semi-skilled,PM-Kisan,2025-01-15
MOCK-UAN-8020-5572,53,Uttar Pradesh,Tamil Nadu,Construction,759,Skilled,None,2026-09-11
MOCK-UAN-1654-3518,38,Odisha,Uttar Pradesh,Manufacturing,559,Skilled,PM-SYM,2026-09-09
MOCK-UAN-4603-4012,51,Bihar,Bihar,Gig Worker,958,Highly-skilled,PM-Kisan,2026-03-18
MOCK-UAN-6724-4624,31,Tamil Nadu,Uttar Pradesh,Gig Worker,970,Highly-skilled,PM-Kisan,2025-05-08
MOCK-UAN-4994-1653,61,Tamil Nadu,Bihar,Manufacturing,493,Skilled,PM-Kisan,2025-06-26
MOCK-UAN-9335-8300,49,Andhra Pradesh,Uttar Pradesh,Agriculture,273,Unskilled,PM-SYM,2025-03-05
MOCK-UAN-9814-9736,18,Bihar,Uttar Pradesh,Manufacturing,262,Unskilled,eShram,2026-03-19
MOCK-UAN-8130-2181,65,Jharkhand,Gujarat,Construction,7,Unskilled,PM-SYM,2025-06-03
MOCK-UAN-4729-5237,44,Gujarat,Karnataka,Manufacturing,617,Skilled,PM-SYM,2025-10-18
MOCK-UAN-9762-1096,-2,Odisha,Andhra Pradesh,Construction,743,Skilled,PM-Kisan,2025-01-01
MOCK-UAN-5937-2417,36,Karnataka,Andhra Pradesh,Manufacturing,497,Semi-skilled,PM-Kisan,2025-06-10
MOCK-UAN-3360-5883,61,Tamil Nadu,Tamil Nadu,Construction,471,Semi-skilled,PM-SYM,2025-06-18
MOCK-UAN-2394-5992,31,Tamil Nadu,Odisha,Gig Worker,505,Semi-skilled,eShram,2025-04-29
MOCK-UAN-5140-4183,25,Jharkhand,Jharkhand,Domestic Worker,324,Unskilled,PM-Kisan,2025-12-31
MOCK-UAN-2198-5762,60,Bihar,Uttar Pradesh,Domestic Worker,833,Highly-skilled,Ayushman Bharat,2026-04-10
MOCK-UAN-2143-4170,38,Karnataka,Uttar Pradesh,Domestic Worker,541,Semi-skilled,PM-Kisan,2026-04-18
MOCK-UAN-6182-8017,28,Andhra Pradesh,Uttar Pradesh,Manufacturing,658,Skilled,Ayushman Bharat,2025-01-30
MOCK-UAN-6432-8863,47,Karnataka,Uttar Pradesh,Manufacturing,276,Unskilled,eShram,2026-07-08
MOCK-UAN-5597-3293,52,Maharashtra,Bihar,Construction,264,Unskilled,PM-Kisan,2025-06-07
MOCK-UAN-1600-5269,52,West Bengal,Jharkhand,Agriculture,967,Highly-skilled,eShram,2026-05-11
MOCK-UAN-5767-3193,47,West Bengal,Gujarat,Agriculture,294,Unskilled,eShram,2026-06-05
MOCK-UAN-9423-3299,46,Jharkhand,Maharashtra,Manufacturing,661,Skilled,PM-SYM,2025-04-27
MOCK-UAN-4796-2029,34,Tamil Nadu,Maharashtra,Domestic Worker,520,Skilled,None,2026-01-08
MOCK-UAN-1760-1653,59,Tamil Nadu,Odisha,Agriculture,570,Skilled,PM-Kisan,2026-03-26
MOCK-UAN-7171-7201,41,Odisha,Odisha,Construction,650,Skilled,None,2025-05-01
MOCK-UAN-6781-6653,49,Karnataka,Karnataka,Construction,502,Semi-skilled,None,2025-03-03
MOCK-UAN-9430-5600,-3,Jharkhand,Gujarat,Domestic Worker,277,Unskilled,eShram,2025-11-13
MOCK-UAN-2856-8889,61,Karnataka,Jharkhand,Manufacturing,331,Unskilled,eShram,2026-04-21
MOCK-UAN-9399-1642,54,Jharkhand,Tamil Nadu,Gig Worker,946,Highly-skilled,PM-Kisan,2026-04-15
MOCK-UAN-5644-2404,31,Karnataka,Karnataka,Manufacturing,892,Highly-skilled,eShram,2025-04-27
MOCK-UAN-3338-3979,57,West Bengal,Tamil Nadu,Manufacturing,306,Unskilled,eShram,2025-10-07
MOCK-UAN-2778-1271,30,West Bengal,West Bengal,Domestic Worker,925,Highly-skilled,eShram,2025-06-20
MOCK-UAN-1639-9706,50,Bihar,Maharashtra,Domestic Worker,335,Unskilled,None,2026-03-03
MOCK-UAN-1711-9680,45,Maharashtra,Maharashtra,Manufacturing,843,Highly-skilled,Ayushman Bharat,2026-05-11
MOCK-UAN-2600-7971,14,Uttar Pradesh,Maharashtra,Construction,2500,Highly-skilled,PM-Kisan,2026-03-25
MOCK-UAN-4096-1089,63,Andhra Pradesh,Jharkhand,Domestic Worker,363,Unskilled,None,2026-07-17
MOCK-UAN-6175-7698,41,Bihar,Tamil Nadu,Agriculture,916,Highly-skilled,PM-Kisan,2025-09-24
MOCK-UAN-7511-4337,44,West Bengal,West Bengal,Manufacturing,412,Semi-skilled,Ayushman Bharat,2026-04-10
MOCK-UAN-5157-6024,54,Tamil Nadu,Tamil Nadu,Manufacturing,527,Semi-skilled,PM-SYM,2025-05-08
MOCK-UAN-3650-2642,31,West Bengal,Tamil Nadu,Domestic Worker,305,Unskilled,eShram,2025-10-18
MOCK-UAN-1086-2492,27,Karnataka,Karnataka,Manufacturing,358,Unskilled,PM-SYM,2025-06-11
MOCK-UAN-2311-1618,64,Gujarat,Gujarat,Manufacturing,603,Skilled,PM-Kisan,2024-11-12
MOCK-UAN-3871-9099,46,Andhra Pradesh,Odisha,Agriculture,553,Semi-skilled,PM-SYM,2026-05-21
MOCK-UAN-4795-3776,61,Andhra Pradesh,Bihar,Gig Worker,487,Unskilled,Ayushman Bharat,2025-10-29
MOCK-UAN-7474-7642,55,Maharashtra,Bihar,Construction,637,Skilled,PM-Kisan,2026-05-04
MOCK-UAN-5530-4707,56,Maharashtra,Karnataka,Domestic Worker,348,Unskilled,Ayushman Bharat,2025-03-13
MOCK-UAN-2744-2185,50,Uttar Pradesh,Bihar,Domestic Worker,632,Skilled,PM-Kisan,2026-04-26
MOCK-UAN-8254-7178,54,Karnataka,Karnataka,Agriculture,968,Highly-skilled,None,2026-05-08
MOCK-UAN-8896-2904,34,Bihar,Uttar Pradesh,Gig Worker,651,Skilled,None,2025-09-11
MOCK-UAN-1159-5314,33,Uttar Pradesh,Gujarat,Construction,534,Semi-skilled,None,2025-08-02
MOCK-UAN-5408-3994,65,Maharashtra,Uttar Pradesh,Gig Worker,602,Semi-skilled,Ayushman Bharat,2025-04-14
MOCK-UAN-5091-6833,27,Bihar,Jharkhand,Manufacturing,212,Unskilled,PM-Kisan,2024-10-28
MOCK-UAN-7081-6167,49,Odisha,Odisha,Manufacturing,390,Semi-skilled,PM-Kisan,2025-06-28
MOCK-UAN-3101-1887,51,Gujarat,Odisha,Construction,548,Skilled,None,2026-08-18
MOCK-UAN-8490-2972,62,West Bengal,Andhra Pradesh,Construction,486,Semi-skilled,None,2025-06-28
MOCK-UAN-5254-4066,53,Uttar Pradesh,West Bengal,Domestic Worker,635,Skilled,Ayushman Bharat,2025-03-22
MOCK-UAN-4449-7866,62,Tamil Nadu,Karnataka,Agriculture,975,Highly-skilled,eShram,2026-04-24
MOCK-UAN-5422-4863,53,Gujarat,Gujarat,Gig Worker,553,Semi-skilled,eShram,2026-01-12
MOCK-UAN-3893-7906,49,Jharkhand,Jharkhand,Domestic Worker,681,Skilled,None,2025-07-19
MOCK-UAN-1781-7527,24,Jharkhand,Tamil Nadu,Manufacturing,230,Unskilled,None,2025-08-23
MOCK-UAN-6903-5222,40,Andhra Pradesh,Gujarat,Domestic Worker,364,Semi-skilled,PM-Kisan,2026-04-27
MOCK-UAN-9821-3859,36,Tamil Nadu,Odisha,Manufacturing,897,Highly-skilled,PM-SYM,2025-10-10
MOCK-UAN-8598-3373,28,Tamil Nadu,Karnataka,Construction,369,Unskilled,eShram,2025-09-01
MOCK-UAN-6191-5773,63,Uttar Pradesh,Uttar Pradesh,Manufacturing,598,Skilled,None,2025-09-21
MOCK-UAN-9535-8377,44,Jharkhand,Andhra Pradesh,Gig Worker,446,Semi-skilled,Ayushman Bharat,2026-09-02
MOCK-UAN-4450-3734,43,Bihar,West Bengal,Domestic Worker,295,Unskilled,PM-SYM,2025-10-26
MOCK-UAN-2363-2702,34,Odisha,Gujarat,Agriculture,384,Semi-skilled,eShram,2025-07-02
MOCK-UAN-3071-3150,51,Jharkhand,Gujarat,Agriculture,933,Highly-skilled,None,2026-03-22
MOCK-UAN-9987-8288,26,West Bengal,Karnataka,Domestic Worker,918,Highly-skilled,PM-Kisan,2026-07-02
MOCK-UAN-6073-6688,48,West Bengal,Bihar,Manufacturing,553,Skilled,Ayushman Bharat,2025-11-11
MOCK-UAN-5973-1172,18,West Bengal,West Bengal,Gig Worker,674,Skilled,Ayushman Bharat,2026-01-08
MOCK-UAN-9059-8816,37,Andhra Pradesh,Andhra Pradesh,Agriculture,397,Semi-skilled,PM-SYM,2026-03-30
MOCK-UAN-7745-8161,43,Maharashtra,Karnataka,Manufacturing,446,Semi-skilled,Ayushman Bharat,2024-12-05
MOCK-UAN-4924-9464,57,Uttar Pradesh,Odisha,Agriculture,947,Highly-skilled,eShram,2025-04-21
MOCK-UAN-8460-8418,35,Odisha,Tamil Nadu,Construction,450,Semi-skilled,PM-SYM,2026-05-09
MOCK-UAN-3048-8183,64,Andhra Pradesh,Maharashtra,Construction,975,Highly-skilled,eShram,2025-08-31
MOCK-UAN-9165-7084,47,Andhra Pradesh,Maharashtra,Construction,623,Skilled,None,2024-11-27
MOCK-UAN-3975-4148,34,Gujarat,Gujarat,Construction,460,Semi-skilled,None,2025-12-12
MOCK-UAN-1549-4263,47,Bihar,Uttar Pradesh,Manufacturing,894,Highly-skilled,Ayushman Bharat,2026-06-18
MOCK-UAN-9534-3001,34,Karnataka,Karnataka,Gig Worker,648,Skilled,PM-SYM,2026-07-29
MOCK-UAN-2850-4866,58,Gujarat,Jharkhand,Agriculture,272,Unskilled,None,2026-06-26
MOCK-UAN-8786-3539,41,Bihar,West Bengal,Construction,590,Skilled,PM-SYM,2024-11-15
MOCK-UAN-3521-9787,24,Jharkhand,Gujarat,Domestic Worker,698,Skilled,None,2025-05-24
MOCK-UAN-3207-5107,20,Karnataka,Karnataka,Domestic Worker,601,Skilled,PM-Kisan,2026-08-29
MOCK-UAN-4057-9906,40,Tamil Nadu,Tamil Nadu,Agriculture,415,Semi-skilled,PM-SYM,2025-05-18
MOCK-UAN-7014-8439,18,West Bengal,Jharkhand,Construction,660,Skilled,PM-Kisan,2025-05-17
MOCK-UAN-2037-9830,42,Maharashtra,West Bengal,Domestic Worker,444,Semi-skilled,PM-Kisan,2025-07-01
MOCK-UAN-6276-2809,24,West Bengal,West Bengal,Construction,488,Semi-skilled,eShram,2024-10-17
MOCK-UAN-8952-4139,24,Andhra Pradesh,Karnataka,Manufacturing,630,Skilled,PM-SYM,2025-09-25
MOCK-UAN-2161-1214,31,Karnataka,Karnataka,Construction,987,Highly-skilled,PM-SYM,2025-09-19
MOCK-UAN-7814-7046,63,Andhra Pradesh,Andhra Pradesh,Agriculture,273,Unskilled,PM-SYM,2026-06-04
MOCK-UAN-2658-4784,52,Gujarat,Odisha,Gig Worker,521,Semi-skilled,PM-Kisan,2026-04-09
MOCK-UAN-2728-6864,61,Karnataka,Karnataka,Manufacturing,286,Unskilled,eShram,2025-03-18
MOCK-UAN-9268-6529,60,Jharkhand,West Bengal,Agriculture,484,Skilled,PM-Kisan,2025-08-13
MOCK-UAN-7755-8054,64,Tamil Nadu,Tamil Nadu,Domestic Worker,374,Semi-skilled,None,2026-04-01
MOCK-UAN-5162-6898,46,Karnataka,Karnataka,Construction,418,Unskilled,Ayushman Bharat,2026-05-01
MOCK-UAN-5920-4635,31,Tamil Nadu,Uttar Pradesh,Domestic Worker,532,Semi-skilled,PM-SYM,2024-10-23
MOCK-UAN-3557-3267,34,Tamil Nadu,Tamil Nadu,Gig Worker,537,Semi-skilled,Ayushman Bharat,2025-06-07
MOCK-UAN-2264-6319,48,Jharkhand,Bihar,Domestic Worker,628,Skilled,PM-SYM,2026-04-28
MOCK-UAN-1916-6478,40,Gujarat,Bihar,Gig Worker,415,Unskilled,None,2024-11-09
MOCK-UAN-1674-6231,52,Odisha,West Bengal,Gig Worker,703,Semi-skilled,PM-SYM,2026-08-05
MOCK-UAN-7436-8300,56,Odisha,Maharashtra,Manufacturing,655,Skilled,None,2026-05-19
MOCK-UAN-1807-9980,43,Uttar Pradesh,Odisha,Manufacturing,443,Semi-skilled,eShram,2026-01-20
MOCK-UAN-8993-7476,59,Odisha,West Bengal,Gig Worker,502,Semi-skilled,PM-SYM,2025-06-14
MOCK-UAN-6298-2467,25,Gujarat,Tamil Nadu,Gig Worker,619,Skilled,Ayushman Bharat,2026-05-16
MOCK-UAN-5994-3773,40,Odisha,Odisha,Manufacturing,460,Semi-skilled,None,2024-10-30
MOCK-UAN-4825-4271,61,Tamil Nadu,Bihar,Construction,312,Unskilled,eShram,2026-06-12
MOCK-UAN-5713-1225,39,Bihar,West Bengal,Construction,578,Skilled,eShram,2026-03-19
MOCK-UAN-9952-9573,34,West Bengal,Jharkhand,Construction,917,Highly-skilled,PM-Kisan,2026-07-26
MOCK-UAN-5185-3790,21,Uttar Pradesh,Tamil Nadu,Construction,895,Highly-skilled,PM-SYM,2024-11-22
MOCK-UAN-5445-6901,24,Andhra Pradesh,Karnataka,Gig Worker,1084,Highly-skilled,PM-Kisan,2025-05-28
MOCK-UAN-9709-2442,29,Maharashtra,West Bengal,Domestic Worker,344,Unskilled,PM-SYM,2025-05-26
MOCK-UAN-5995-6465,49,Gujarat,Gujarat,Construction,649,Skilled,Ayushman Bharat,2025-09-13
MOCK-UAN-4869-9212,35,Andhra Pradesh,Andhra Pradesh,Manufacturing,373,Unskilled,PM-Kisan,2025-06-28
MOCK-UAN-6599-7436,60,Jharkhand,Karnataka,Domestic Worker,453,Semi-skilled,None,2025-05-19
MOCK-UAN-7987-6118,56,Tamil Nadu,Jharkhand,Gig Worker,506,Semi-skilled,PM-Kisan,2026-03-23
MOCK-UAN-4314-3262,37,West Bengal,West Bengal,Manufacturing,526,Semi-skilled,PM-Kisan,2025-02-23
MOCK-UAN-9732-2939,29,Tamil Nadu,Tamil Nadu,Gig Worker,426,Unskilled,Ayushman Bharat,2025-11-12
MOCK-UAN-5970-8258,65,Uttar Pradesh,Maharashtra,Construction,448,Semi-skilled,eShram,2024-10-11
MOCK-UAN-5372-4783,56,Maharashtra,Andhra Pradesh,Agriculture,290,Unskilled,None,2025-01-30
MOCK-UAN-8680-7126,29,Gujarat,Jharkhand,Gig Worker,506,Semi-skilled,eShram,2024-10-18
MOCK-UAN-1245-5421,44,Maharashtra,Maharashtra,Gig Worker,480,Semi-skilled,PM-SYM,2025-03-15
MOCK-UAN-8197-9027,62,Tamil Nadu,Tamil Nadu,Gig Worker,1046,Highly-skilled,None,2024-10-27
MOCK-UAN-7232-6126,43,Odisha,Odisha,Domestic Worker,395,Unskilled,PM-Kisan,2025-01-04
MOCK-UAN-1694-5025,51,West Bengal,Andhra Pradesh,Domestic Worker,830,Highly-skilled,PM-Kisan,2026-06-22
MOCK-UAN-4110-5770,46,Gujarat,Gujarat,Agriculture,928,Highly-skilled,eShram,2025-11-21
MOCK-UAN-1893-9470,27,Karnataka,Karnataka,Manufacturing,267,Unskilled,PM-Kisan,2026-05-14
MOCK-UAN-6299-8387,19,Jharkhand,Uttar Pradesh,Manufacturing,275,Unskilled,Ayushman Bharat,2025-08-12
MOCK-UAN-3686-3024,23,Bihar,Bihar,Agriculture,270,Unskilled,PM-Kisan,2026-09-09
MOCK-UAN-9383-3619,42,West Bengal,Jharkhand,Agriculture,406,Semi-skilled,eShram,2026-05-10
MOCK-UAN-6071-8311,36,Jharkhand,Maharashtra,Gig Worker,402,Unskilled,PM-Kisan,2025-05-18
MOCK-UAN-1094-9084,33,Maharashtra,West Bengal,Manufacturing,858,Highly-skilled,None,2024-12-05
MOCK-UAN-1107-5009,53,Uttar Pradesh,Uttar Pradesh,Domestic Worker,463,Semi-skilled,PM-SYM,2025-04-05
MOCK-UAN-1531-5889,39,Bihar,Karnataka,Gig Worker,547,Semi-skilled,Ayushman Bharat,2026-06-02
MOCK-UAN-3906-8460,65,Odisha,Andhra Pradesh,Construction,638,Skilled,Ayushman Bharat,2025-09-27
MOCK-UAN-2108-8001,53,Bihar,Maharashtra,Construction,604,Skilled,Ayushman Bharat,2026-03-08
MOCK-UAN-4438-4425,57,Andhra Pradesh,Odisha,Construction,921,Highly-skilled,PM-Kisan,2026-09-08
MOCK-UAN-6185-5254,51,Odisha,Odisha,Agriculture,487,Semi-skilled,PM-Kisan,2026-04-14
MOCK-UAN-9154-9069,29,Odisha,Uttar Pradesh,Gig Worker,425,Unskilled,PM-SYM,2024-10-09
MOCK-UAN-2932-4396,57,Gujarat,Tamil Nadu,Agriculture,401,Semi-skilled,PM-SYM,2026-07-02
MOCK-UAN-5614-5168,22,Uttar Pradesh,Odisha,Agriculture,304,Unskilled,PM-SYM,2026-08-18
MOCK-UAN-7488-1477,29,Maharashtra,Gujarat,Manufacturing,937,Highly-skilled,PM-SYM,2026-06-15
MOCK-UAN-9797-6490,47,Gujarat,Gujarat,Construction,566,Skilled,PM-Kisan,2026-08-10
MOCK-UAN-9779-1306,31,Odisha,Odisha,Agriculture,327,Unskilled,eShram,2025-06-29
MOCK-UAN-6556-7147,58,West Bengal,West Bengal,Domestic Worker,866,Highly-skilled,eShram,2025-06-28
MOCK-UAN-6152-1518,35,Gujarat,Maharashtra,Agriculture,928,Highly-skilled,Ayushman Bharat,2025-04-24
MOCK-UAN-3867-2838,41,Andhra Pradesh,Andhra Pradesh,Construction,19881,Highly-skilled,PM-Kisan,2024-10-10
MOCK-UAN-9192-3524,30,Tamil Nadu,Tamil Nadu,Domestic Worker,509,Skilled,Ayushman Bharat,2025-02-08
MOCK-UAN-2609-9456,61,Jharkhand,Andhra Pradesh,Manufacturing,818,Highly-skilled,PM-Kisan,2026-06-28
MOCK-UAN-2426-6460,47,Andhra Pradesh,Tamil Nadu,Construction,652,Skilled,eShram,2025-08-09
MOCK-UAN-5695-5532,52,Tamil Nadu,Tamil Nadu,Construction,662,Skilled,eShram,2025-02-23
MOCK-UAN-1249-9422,24,Maharashtra,Odisha,Agriculture,554,Skilled,eShram,2026-09-06
MOCK-UAN-5011-3806,22,Uttar Pradesh,Uttar Pradesh,Agriculture,931,Highly-skilled,PM-SYM,2026-04-13
MOCK-UAN-1881-2410,45,Gujarat,West Bengal,Domestic Worker,516,Skilled,Ayushman Bharat,2025-08-21
MOCK-UAN-9740-2286,47,Odisha,Karnataka,Construction,946,Highly-skilled,Ayushman Bharat,2026-08-16
MOCK-UAN-8625-8709,32,Maharashtra,Tamil Nadu,Agriculture,839,Highly-skilled,eShram,2026-09-01
MOCK-UAN-6412-6320,47,Karnataka,West Bengal,Construction,617,Skilled,None,2025-12-31
MOCK-UAN-5624-6711,56,Odisha,Bihar,Manufacturing,302,Unskilled,Ayushman Bharat,2026-04-07
MOCK-UAN-5949-9728,47,Gujarat,Maharashtra,Domestic Worker,406,Semi-skilled,PM-Kisan,2025-02-24
MOCK-UAN-7288-2082,39,Maharashtra,Maharashtra,Domestic Worker,880,Highly-skilled,None,2026-04-18
MOCK-UAN-9921-4869,29,Bihar,Bihar,Domestic Worker,950,Highly-skilled,PM-SYM,2026-05-14
MOCK-UAN-6330-2599,46,Jharkhand,Karnataka,Construction,321,Unskilled,PM-Kisan,2025-10-08
MOCK-UAN-2007-2483,31,Jharkhand,Jharkhand,Construction,541,Semi-skilled,eShram,2025-12-22
MOCK-UAN-7389-8326,30,Maharashtra,Maharashtra,Agriculture,543,Skilled,PM-Kisan,2026-08-11
MOCK-UAN-8122-6640,23,Odisha,West Bengal,Manufacturing,476,Semi-skilled,Ayushman Bharat,2024-11-17
MOCK-UAN-9992-1870,18,West Bengal,West Bengal,Agriculture,372,Unskilled,Ayushman Bharat,2024-10-16
MOCK-UAN-7459-6212,63,Gujarat,Karnataka,Domestic Worker,326,Semi-skilled,eShram,2025-05-27
MOCK-UAN-7835-3527,36,Jharkhand,Bihar,Construction,460,Semi-skilled,None,2026-07-20
MOCK-UAN-3224-2387,26,Gujarat,Gujarat,Domestic Worker,928,Highly-skilled,PM-Kisan,2025-03-18
MOCK-UAN-7948-8373,42,Tamil Nadu,Karnataka,Domestic Worker,289,Unskilled,PM-Kisan,2026-02-07
MOCK-UAN-4878-9220,35,Gujarat,Gujarat,Domestic Worker,618,Skilled,PM-SYM,2024-10-23
MOCK-UAN-7038-2854,55,Karnataka,Karnataka,Construction,469,Semi-skilled,PM-Kisan,2025-06-28
MOCK-UAN-2281-9574,57,Bihar,Jharkhand,Domestic Worker,604,Skilled,PM-Kisan,2024-11-08
MOCK-UAN-9765-1176,48,Karnataka,West Bengal,Domestic Worker,592,Skilled,None,2025-09-11
MOCK-UAN-5827-5738,28,Andhra Pradesh,Andhra Pradesh,Domestic Worker,658,Skilled,PM-Kisan,2025-06-06
MOCK-UAN-1845-5780,65,Odisha,Karnataka,Construction,512,Semi-skilled,PM-Kisan,2024-12-02
MOCK-UAN-5552-5129,26,Odisha,Uttar Pradesh,Construction,366,Unskilled,PM-Kisan,2025-03-12
MOCK-UAN-3476-8317,41,Jharkhand,Uttar Pradesh,Manufacturing,429,Semi-skilled,PM-Kisan,2024-10-18
MOCK-UAN-2382-3376,56,Jharkhand,Jharkhand,Manufacturing,875,Highly-skilled,eShram,2026-07-23
MOCK-UAN-3740-4454,54,Tamil Nadu,Uttar Pradesh,Construction,328,Unskilled,eShram,2026-01-03
MOCK-UAN-5937-8803,65,West Bengal,Gujarat,Manufacturing,619,Skilled,eShram,2026-03-12
MOCK-UAN-1194-5731,46,Gujarat,Gujarat,Domestic Worker,278,Unskilled,PM-SYM,2026-03-13
MOCK-UAN-8074-5466,39,Uttar Pradesh,Bihar,Agriculture,914,Highly-skilled,None,2026-08-07
MOCK-UAN-4193-9518,-5,Jharkhand,Andhra Pradesh,Construction,453,Unskilled,PM-SYM,2026-06-15
MOCK-UAN-6759-4594,64,Uttar Pradesh,Andhra Pradesh,Construction,393,Unskilled,PM-SYM,2026-05-16
MOCK-UAN-4552-2995,63,Bihar,Maharashtra,Manufacturing,433,Semi-skilled,PM-SYM,2025-05-22
MOCK-UAN-2240-8429,35,Gujarat,Gujarat,Agriculture,660,Skilled,eShram,2024-11-29
MOCK-UAN-2022-7271,42,Tamil Nadu,Tamil Nadu,Agriculture,579,Skilled,eShram,2026-06-13
MOCK-UAN-3923-9061,24,Jharkhand,Karnataka,Gig Worker,298,Unskilled,None,2026-04-19
MOCK-UAN-5105-8305,19,Karnataka,Andhra Pradesh,Construction,899,Highly-skilled,Ayushman Bharat,2025-02-17
MOCK-UAN-7411-1060,50,Karnataka,Gujarat,Construction,406,Semi-skilled,PM-SYM,2025-10-13
MOCK-UAN-8898-2985,54,West Bengal,West Bengal,Agriculture,582,Skilled,Ayushman Bharat,2026-05-18
MOCK-UAN-6571-2318,47,Uttar Pradesh,Uttar Pradesh,Gig Worker,400,Unskilled,None,2025-04-21
MOCK-UAN-6886-8970,23,Karnataka,Karnataka,Gig Worker,483,Unskilled,eShram,2024-10-10
MOCK-UAN-4907-9015,42,Bihar,Bihar,Agriculture,916,Highly-skilled,PM-Kisan,2025-12-19
MOCK-UAN-1268-1606,39,Andhra Pradesh,Bihar,Manufacturing,289,Unskilled,eShram,2026-07-16
MOCK-UAN-8509-9791,27,Odisha,Bihar,Construction,541,Semi-skilled,None,2026-04-23
MOCK-UAN-3138-1235,29,Andhra Pradesh,Andhra Pradesh,Construction,839,Highly-skilled,PM-Kisan,2025-03-08
MOCK-UAN-2047-2742,25,Karnataka,Maharashtra,Construction,511,Semi-skilled,None,2025-08-26
MOCK-UAN-7586-6312,25,Odisha,Tamil Nadu,Gig Worker,438,Unskilled,PM-Kisan,2025-03-11
MOCK-UAN-2978-5487,27,Gujarat,Tamil Nadu,Domestic Worker,376,Semi-skilled,None,2025-05-22
MOCK-UAN-1666-3185,24,Odisha,Jharkhand,Construction,1007,Highly-skilled,PM-SYM,2026-06-21
MOCK-UAN-5648-7819,62,Karnataka,Karnataka,Gig Worker,566,Semi-skilled,Ayushman Bharat,2026-03-04
MOCK-UAN-4919-3859,57,Andhra Pradesh,West Bengal,Domestic Worker,279,Unskilled,Ayushman Bharat,2025-09-06
MOCK-UAN-4860-4144,25,West Bengal,West Bengal,Domestic Worker,631,Skilled,PM-Kisan,2026-02-16
MOCK-UAN-4409-5528,21,Maharashtra,Jharkhand,Manufacturing,1013,Highly-skilled,eShram,2025-02-25
MOCK-UAN-1706-1885,59,Tamil Nadu,Karnataka,Agriculture,609,Skilled,PM-Kisan,2026-06-06
MOCK-UAN-3589-1476,49,West Bengal,Maharashtra,Manufacturing,612,Skilled,None,2025-04-06
MOCK-UAN-6336-4769,25,Tamil Nadu,Maharashtra,Manufacturing,427,Semi-skilled,None,2025-04-14
MOCK-UAN-3374-4541,57,Karnataka,Tamil Nadu,Gig Worker,957,Highly-skilled,eShram,2026-06-24
MOCK-UAN-5418-4313,39,Jharkhand,Andhra Pradesh,Agriculture,491,Semi-skilled,PM-SYM,2026-01-04
MOCK-UAN-3804-6629,-1,Uttar Pradesh,Uttar Pradesh,Domestic Worker,407,Semi-skilled,PM-Kisan,2026-04-04
MOCK-UAN-2416-7745,51,Karnataka,Karnataka,Gig Worker,1003,Highly-skilled,None,2025-06-28
MOCK-UAN-5041-5060,38,Gujarat,Jharkhand,Domestic Worker,276,Unskilled,None,2025-06-25
MOCK-UAN-9261-1550,45,West Bengal,Bihar,Manufacturing,923,Highly-skilled,eShram,2024-12-09
MOCK-UAN-1203-7662,31,Jharkhand,Uttar Pradesh,Construction,366,Unskilled,None,2026-08-01
MOCK-UAN-8524-1399,47,Karnataka,Karnataka,Manufacturing,501,Semi-skilled,Ayushman Bharat,2026-06-18
MOCK-UAN-1022-2158,42,Tamil Nadu,Uttar Pradesh,Manufacturing,574,Skilled,PM-Kisan,2026-03-24
MOCK-UAN-4393-2326,57,Tamil Nadu,Tamil Nadu,Construction,636,Skilled,PM-SYM,2025-01-06
MOCK-UAN-8624-1669,41,Tamil Nadu,Odisha,Construction,451,Semi-skilled,eShram,2025-08-23
MOCK-UAN-2860-8839,65,Odisha,Odisha,Gig Worker,527,Semi-skilled,Ayushman Bharat,2025-09-11
MOCK-UAN-9250-7929,35,Andhra Pradesh,Gujarat,Manufacturing,918,Highly-skilled,PM-Kisan,2026-03-08
MOCK-UAN-8703-9714,61,West Bengal,West Bengal,Manufacturing,637,Skilled,PM-SYM,2025-03-26
MOCK-UAN-8501-2430,23,Gujarat,Gujarat,Agriculture,253,Unskilled,PM-SYM,2025-03-02
MOCK-UAN-3424-9131,16,Maharashtra,Andhra Pradesh,Agriculture,2500,Highly-skilled,PM-Kisan,2025-01-28
MOCK-UAN-7883-8272,65,Andhra Pradesh,Jharkhand,Construction,567,Semi-skilled,PM-Kisan,2026-07-07
MOCK-UAN-6616-6346,49,Odisha,Odisha,Domestic Worker,920,Highly-skilled,None,2025-07-23
MOCK-UAN-6021-3813,34,Maharashtra,Tamil Nadu,Construction,593,Semi-skilled,Ayushman Bharat,2025-07-03
MOCK-UAN-3725-3634,63,West Bengal,Jharkhand,Gig Worker,511,Semi-skilled,eShram,2025-06-05
MOCK-UAN-8223-5266,41,Jharkhand,Andhra Pradesh,Agriculture,537,Skilled,eShram,2025-10-01
MOCK-UAN-3663-9743,37,Bihar,Bihar,Manufacturing,811,Highly-skilled,eShram,2025-12-28
MOCK-UAN-3556-1070,65,West Bengal,West Bengal,Agriculture,674,Skilled,None,2025-07-08
MOCK-UAN-3409-8243,39,Bihar,Bihar,Construction,532,Semi-skilled,PM-Kisan,2025-01-12
MOCK-UAN-7580-4610,46,Tamil Nadu,Andhra Pradesh,Domestic Worker,4,Semi-skilled,PM-Kisan,2026-03-08
MOCK-UAN-5553-4206,19,Bihar,West Bengal,Construction,963,Highly-skilled,eShram,2026-01-30
MOCK-UAN-9381-1918,60,Tamil Nadu,Karnataka,Agriculture,843,Highly-skilled,Ayushman Bharat,2024-09-27
MOCK-UAN-6756-6047,46,West Bengal,Karnataka,Manufacturing,1022,Highly-skilled,Ayushman Bharat,2025-03-01
MOCK-UAN-7944-7786,26,Odisha,Jharkhand,Gig Worker,3,Skilled,None,2026-03-06
MOCK-UAN-2083-7156,23,Andhra Pradesh,Tamil Nadu,Manufacturing,455,Semi-skilled,PM-Kisan,2026-01-01
MOCK-UAN-3243-4264,29,Gujarat,West Bengal,Construction,686,Skilled,PM-Kisan,2025-07-23
MOCK-UAN-8593-4678,19,Andhra Pradesh,Tamil Nadu,Manufacturing,324,Unskilled,Ayushman Bharat,2026-04-04
MOCK-UAN-5541-9078,22,Odisha,Odisha,Domestic Worker,911,Highly-skilled,PM-Kisan,2025-12-05
MOCK-UAN-8799-2959,41,West Bengal,West Bengal,Construction,610,Skilled,eShram,2025-05-23
MOCK-UAN-3219-6855,28,Andhra Pradesh,Karnataka,Agriculture,323,Unskilled,Ayushman Bharat,2025-07-10
MOCK-UAN-2258-9419,30,Jharkhand,Jharkhand,Domestic Worker,544,Semi-skilled,PM-Kisan,2025-08-11
MOCK-UAN-5932-5447,61,Tamil Nadu,Gujarat,Gig Worker,467,Unskilled,eShram,2026-02-27
MOCK-UAN-8944-7750,39,Jharkhand,Maharashtra,Domestic Worker,529,Semi-skilled,eShram,2026-04-10
MOCK-UAN-9612-9717,63,West Bengal,West Bengal,Construction,924,Highly-skilled,None,2026-04-16
MOCK-UAN-6705-6104,62,Tamil Nadu,West Bengal,Domestic Worker,10,Skilled,eShram,2026-09-11
MOCK-UAN-2943-4643,26,Jharkhand,Jharkhand,Agriculture,443,Semi-skilled,eShram,2025-01-26
MOCK-UAN-7960-2830,22,Andhra Pradesh,Andhra Pradesh,Manufacturing,302,Unskilled,eShram,2026-05-04
MOCK-UAN-5145-1709,22,Uttar Pradesh,Uttar Pradesh,Construction,404,Unskilled,PM-Kisan,2025-04-13
MOCK-UAN-4277-4027,60,Tamil Nadu,Jharkhand,Agriculture,515,Skilled,Ayushman Bharat,2025-02-26
MOCK-UAN-4962-9272,54,Bihar,Andhra Pradesh,Domestic Worker,526,Semi-skilled,eShram,2026-06-04
MOCK-UAN-4506-9260,63,Karnataka,Jharkhand,Manufacturing,292,Unskilled,eShram,2025-09-13
MOCK-UAN-7948-4510,50,Maharashtra,Gujarat,Construction,5,Highly-skilled,PM-SYM,2025-06-10
MOCK-UAN-1665-2347,38,Karnataka,Uttar Pradesh,Manufacturing,549,Skilled,None,2025-05-04
MOCK-UAN-5761-8011,30,Bihar,Bihar,Manufacturing,517,Skilled,eShram,2024-09-28
MOCK-UAN-9055-2723,43,Karnataka,Bihar,Construction,541,Semi-skilled,None,2025-10-30
MOCK-UAN-2666-3764,22,Tamil Nadu,Tamil Nadu,Agriculture,453,Semi-skilled,PM-Kisan,2025-06-16
MOCK-UAN-5563-5472,59,Gujarat,Karnataka,Manufacturing,535,Skilled,eShram,2025-05-16
MOCK-UAN-4781-3205,19,Bihar,Bihar,Construction,885,Highly-skilled,PM-SYM,2025-03-17
MOCK-UAN-6356-3502,37,Odisha,Odisha,Construction,933,Highly-skilled,None,2025-04-09
MOCK-UAN-9157-9032,50,Uttar Pradesh,Odisha,Domestic Worker,383,Unskilled,PM-SYM,2025-11-29
MOCK-UAN-2951-7285,46,Tamil Nadu,Tamil Nadu,Manufacturing,887,Highly-skilled,PM-SYM,2025-06-06
MOCK-UAN-9052-8056,26,Uttar Pradesh,Uttar Pradesh,Manufacturing,224,Unskilled,PM-Kisan,2026-08-07
MOCK-UAN-9837-8697,48,West Bengal,West Bengal,Domestic Worker,287,Unskilled,None,2025-06-11
MOCK-UAN-7189-6779,36,Tamil Nadu,Andhra Pradesh,Gig Worker,686,Skilled,Ayushman Bharat,2025-05-04
MOCK-UAN-8014-6654,40,Gujarat,Maharashtra,Gig Worker,415,Semi-skilled,Ayushman Bharat,2026-05-04
MOCK-UAN-6531-3781,19,West Bengal,Karnataka,Manufacturing,897,Highly-skilled,Ayushman Bharat,2024-10-05
MOCK-UAN-1364-6185,42,Odisha,Bihar,Manufacturing,288,Unskilled,eShram,2025-08-25
MOCK-UAN-6563-3730,57,Uttar Pradesh,Karnataka,Gig Worker,1034,Highly-skilled,PM-SYM,2026-03-17
MOCK-UAN-5344-1778,37,Odisha,Maharashtra,Domestic Worker,392,Unskilled,PM-Kisan,2024-12-21
MOCK-UAN-5478-2102,54,West Bengal,Maharashtra,Agriculture,356,Unskilled,Ayushman Bharat,2026-02-13
MOCK-UAN-8092-9846,38,Maharashtra,Tamil Nadu,Domestic Worker,886,Highly-skilled,PM-Kisan,2025-03-18
MOCK-UAN-9457-4056,54,Karnataka,West Bengal,Agriculture,844,Highly-skilled,PM-Kisan,2026-05-15
MOCK-UAN-3420-4938,27,Uttar Pradesh,Uttar Pradesh,Manufacturing,728,Skilled,PM-SYM,2026-06-26
MOCK-UAN-7757-5373,36,Jharkhand,Uttar Pradesh,Manufacturing,452,Semi-skilled,PM-SYM,2026-05-15
MOCK-UAN-8952-8145,45,Andhra Pradesh,Tamil Nadu,Gig Worker,400,Unskilled,Ayushman Bharat,2025-06-26
MOCK-UAN-3883-1691,64,Karnataka,Karnataka,Construction,348,Unskilled,Ayushman Bharat,2026-05-24
MOCK-UAN-2041-7668,41,Bihar,Maharashtra,Gig Worker,409,Unskilled,PM-Kisan,2026-02-09
MOCK-UAN-9551-9605,34,Karnataka,Karnataka,Gig Worker,392,Unskilled,Ayushman Bharat,2025-08-18
MOCK-UAN-7388-4865,45,Maharashtra,Jharkhand,Gig Worker,671,Skilled,None,2025-11-07
MOCK-UAN-1916-9034,52,Tamil Nadu,Tamil Nadu,Construction,622,Skilled,PM-Kisan,2025-11-22
MOCK-UAN-5036-5550,27,Tamil Nadu,Gujarat,Agriculture,298,Unskilled,PM-Kisan,2024-10-20
MOCK-UAN-1895-4926,15,West Bengal,Tamil Nadu,Construction,2500,Highly-skilled,None,2025-05-10
MOCK-UAN-2478-4857,18,Maharashtra,Maharashtra,Gig Worker,2500,Highly-skilled,Ayushman Bharat,2026-07-06
MOCK-UAN-1555-5489,-1,Karnataka,Gujarat,Agriculture,905,Highly-skilled,PM-SYM,2025-02-26
MOCK-UAN-9295-2087,40,Gujarat,Gujarat,Domestic Worker,587,Skilled,None,2026-06-21
MOCK-UAN-4010-8264,59,Jharkhand,Uttar Pradesh,Agriculture,675,Skilled,PM-Kisan,2026-06-23
MOCK-UAN-3131-7722,38,Karnataka,Jharkhand,Agriculture,317,Semi-skilled,PM-Kisan,2025-08-16
MOCK-UAN-4254-2382,44,Tamil Nadu,Karnataka,Domestic Worker,504,Semi-skilled,PM-SYM,2024-10-08
MOCK-UAN-4747-2457,47,Maharashtra,Jharkhand,Construction,17130,Highly-skilled,PM-Kisan,2025-11-28
MOCK-UAN-3445-2459,41,Jharkhand,Jharkhand,Construction,246,Unskilled,PM-Kisan,2025-12-04
MOCK-UAN-8433-9096,25,Maharashtra,Maharashtra,Gig Worker,682,Skilled,Ayushman Bharat,2026-02-03
MOCK-UAN-8066-4385,56,Maharashtra,Maharashtra,Agriculture,431,Semi-skilled,None,2025-03-18
MOCK-UAN-3391-1471,36,Uttar Pradesh,West Bengal,Gig Worker,629,Skilled,PM-Kisan,2026-08-16
MOCK-UAN-2404-1169,48,Jharkhand,Jharkhand,Manufacturing,411,Semi-skilled,None,2026-09-10
MOCK-UAN-5198-2196,24,West Bengal,Tamil Nadu,Gig Worker,944,Highly-skilled,Ayushman Bharat,2026-05-28
MOCK-UAN-1745-1087,34,West Bengal,West Bengal,Agriculture,987,Highly-skilled,Ayushman Bharat,2025-01-28
MOCK-UAN-1673-3938,34,Jharkhand,Gujarat,Manufacturing,496,Semi-skilled,PM-SYM,2025-08-05
MOCK-UAN-8093-3323,34,Bihar,Maharashtra,Manufacturing,663,Skilled,Ayushman Bharat,2025-11-29
MOCK-UAN-5312-5321,51,Tamil Nadu,Jharkhand,Agriculture,936,Highly-skilled,eShram,2026-04-07
MOCK-UAN-8208-1871,30,Jharkhand,Maharashtra,Construction,893,Highly-skilled,Ayushman Bharat,2025-03-01
MOCK-UAN-8150-2900,49,Andhra Pradesh,Odisha,Manufacturing,873,Highly-skilled,None,2025-01-08
MOCK-UAN-3425-3025,40,Bihar,Tamil Nadu,Gig Worker,574,Semi-skilled,PM-Kisan,2025-06-21
MOCK-UAN-4479-1067,51,Odisha,Bihar,Gig Worker,938,Highly-skilled,PM-SYM,2026-05-12
MOCK-UAN-2737-6300,27,Andhra Pradesh,West Bengal,Manufacturing,635,Skilled,PM-Kisan,2026-06-20
MOCK-UAN-8423-6323,64,Odisha,Andhra Pradesh,Agriculture,587,Skilled,PM-SYM,2024-11-26
MOCK-UAN-7248-2516,43,Uttar Pradesh,Karnataka,Construction,331,Unskilled,eShram,2025-02-28
MOCK-UAN-7592-5668,59,Jharkhand,West Bengal,Manufacturing,635,Skilled,PM-Kisan,2025-01-27
MOCK-UAN-2574-7020,50,Maharashtra,Karnataka,Manufacturing,622,Skilled,PM-Kisan,2026-05-22
MOCK-UAN-7922-7033,57,Jharkhand,Karnataka,Construction,331,Unskilled,PM-Kisan,2025-08-30
MOCK-UAN-4673-3540,49,West Bengal,West Bengal,Domestic Worker,357,Unskilled,Ayushman Bharat,2026-01-07
MOCK-UAN-8825-5921,27,Jharkhand,Jharkhand,Agriculture,395,Semi-skilled,PM-Kisan,2025-11-26
MOCK-UAN-1781-2253,20,West Bengal,Gujarat,Manufacturing,330,Unskilled,None,2026-07-23
MOCK-UAN-5151-6823,34,Odisha,West Bengal,Construction,379,Unskilled,None,2025-03-17
MOCK-UAN-7438-1741,23,Gujarat,Gujarat,Agriculture,584,Skilled,PM-Kisan,2025-12-24
MOCK-UAN-8371-5342,39,Jharkhand,Bihar,Domestic Worker,616,Skilled,PM-SYM,2025-12-03
MOCK-UAN-1095-7470,25,Andhra Pradesh,West Bengal,Manufacturing,837,Highly-skilled,PM-Kisan,2026-01-26
MOCK-UAN-6910-7471,17,Bihar,Andhra Pradesh,Gig Worker,2500,Highly-skilled,PM-SYM,2026-08-28
MOCK-UAN-1439-4428,48,Jharkhand,Jharkhand,Manufacturing,440,Semi-skilled,PM-SYM,2025-07-20
MOCK-UAN-3427-8765,45,Andhra Pradesh,Maharashtra,Manufacturing,873,Highly-skilled,None,2024-10-05
MOCK-UAN-4975-4298,36,Odisha,Odisha,Manufacturing,352,Unskilled,Ayushman Bharat,2025-05-28
MOCK-UAN-9121-5764,20,Karnataka,Odisha,Domestic Worker,864,Highly-skilled,eShram,2024-11-16
MOCK-UAN-7914-6174,53,Bihar,Karnataka,Manufacturing,229,Unskilled,None,2026-06-14
MOCK-UAN-6681-8345,62,Gujarat,Uttar Pradesh,Gig Worker,922,Highly-skilled,Ayushman Bharat,2025-12-07
MOCK-UAN-4599-6556,56,Karnataka,Uttar Pradesh,Manufacturing,930,Highly-skilled,Ayushman Bharat,2026-01-11
MOCK-UAN-3654-4394,36,Bihar,Bihar,Gig Worker,485,Semi-skilled,eShram,2025-02-22
MOCK-UAN-2653-7815,49,Uttar Pradesh,Odisha,Construction,437,Unskilled,Ayushman Bharat,2025-06-09
MOCK-UAN-3598-3862,50,Andhra Pradesh,Andhra Pradesh,Agriculture,795,Highly-skilled,PM-SYM,2026-06-09
MOCK-UAN-4671-8968,34,Tamil Nadu,Tamil Nadu,Construction,734,Skilled,eShram,2026-08-22
MOCK-UAN-2706-1826,46,Karnataka,Karnataka,Construction,360,Unskilled,PM-Kisan,2026-06-01
MOCK-UAN-2669-1687,50,Bihar,Jharkhand,Gig Worker,695,Skilled,eShram,2025-07-11
MOCK-UAN-9288-9165,64,Bihar,Gujarat,Agriculture,422,Semi-skilled,PM-SYM,2025-04-09
MOCK-UAN-7811-1107,33,Karnataka,Odisha,Gig Worker,419,Unskilled,Ayushman Bharat,2025-10-01
MOCK-UAN-7799-6908,58,Maharashtra,Odisha,Manufacturing,448,Semi-skilled,eShram,2025-11-28
MOCK-UAN-7706-8516,51,Tamil Nadu,Tamil Nadu,Manufacturing,505,Semi-skilled,PM-SYM,2026-02-26
MOCK-UAN-2389-6542,38,Gujarat,Gujarat,Gig Worker,1005,Highly-skilled,PM-SYM,2025-10-22
MOCK-UAN-3473-1947,58,West Bengal,West Bengal,Manufacturing,907,Highly-skilled,PM-Kisan,2025-07-23
MOCK-UAN-6139-6638,18,Uttar Pradesh,Uttar Pradesh,Domestic Worker,431,Semi-skilled,None,2025-12-15
MOCK-UAN-9919-8244,62,Tamil Nadu,Tamil Nadu,Manufacturing,447,Semi-skilled,Ayushman Bharat,2025-05-24
MOCK-UAN-3064-9527,52,Uttar Pradesh,Odisha,Domestic Worker,615,Skilled,PM-Kisan,2025-08-29
MOCK-UAN-3621-1383,19,West Bengal,Maharashtra,Agriculture,814,Highly-skilled,PM-Kisan,2025-01-06
MOCK-UAN-7110-5255,58,West Bengal,Andhra Pradesh,Construction,882,Highly-skilled,Ayushman Bharat,2026-04-24
MOCK-UAN-8424-6553,33,Odisha,West Bengal,Domestic Worker,487,Semi-skilled,Ayushman Bharat,2025-07-18
MOCK-UAN-3293-7187,51,Maharashtra,Odisha,Domestic Worker,458,Semi-skilled,Ayushman Bharat,2025-05-03
MOCK-UAN-2511-2018,45,Jharkhand,West Bengal,Construction,640,Skilled,PM-Kisan,2025-11-01
MOCK-UAN-9502-7468,34,Odisha,Gujarat,Manufacturing,900,Highly-skilled,None,2026-05-23
MOCK-UAN-8499-3119,63,West Bengal,West Bengal,Construction,12223,Semi-skilled,None,2026-06-12
MOCK-UAN-2945-7694,25,Bihar,Tamil Nadu,Construction,473,Semi-skilled,PM-SYM,2025-09-30
MOCK-UAN-7135-5968,36,Karnataka,Jharkhand,Gig Worker,961,Highly-skilled,PM-SYM,2025-07-24
MOCK-UAN-4532-3999,65,Karnataka,Odisha,Agriculture,309,Unskilled,PM-SYM,2025-11-16
MOCK-UAN-6074-8411,39,Gujarat,Jharkhand,Gig Worker,951,Highly-skilled,None,2026-07-30
MOCK-UAN-6328-2463,57,Odisha,Maharashtra,Manufacturing,620,Skilled,PM-Kisan,2024-10-31
MOCK-UAN-8259-5544,59,Bihar,Bihar,Construction,564,Skilled,PM-Kisan,2026-04-20
MOCK-UAN-9877-1866,54,West Bengal,Karnataka,Domestic Worker,351,Unskilled,PM-SYM,2026-07-21
MOCK-UAN-3944-1310,35,Maharashtra,West Bengal,Construction,673,Skilled,None,2026-05-14
MOCK-UAN-3957-7798,19,West Bengal,Uttar Pradesh,Construction,362,Unskilled,PM-SYM,2026-04-09
MOCK-UAN-2468-3526,37,Gujarat,Gujarat,Construction,699,Skilled,eShram,2024-10-12
MOCK-UAN-5882-7388,24,Tamil Nadu,Gujarat,Agriculture,983,Highly-skilled,PM-SYM,2024-11-07
MOCK-UAN-4874-9076,50,West Bengal,Bihar,Agriculture,350,Unskilled,Ayushman Bharat,2026-01-03
MOCK-UAN-2072-8932,19,Gujarat,Gujarat,Construction,557,Skilled,PM-Kisan,2026-05-08
MOCK-UAN-5035-3057,37,Odisha,Bihar,Domestic Worker,386,Semi-skilled,eShram,2025-10-02
MOCK-UAN-3755-5016,52,Gujarat,Gujarat,Domestic Worker,868,Highly-skilled,PM-SYM,2024-09-16
MOCK-UAN-5739-3742,18,Andhra Pradesh,Andhra Pradesh,Manufacturing,601,Skilled,PM-Kisan,2025-05-29
MOCK-UAN-7228-6757,58,Maharashtra,Odisha,Agriculture,325,Unskilled,eShram,2026-03-15
MOCK-UAN-5925-2469,43,Bihar,Bihar,Domestic Worker,563,Skilled,None,2025-04-18
MOCK-UAN-6215-6613,-4,Uttar Pradesh,Uttar Pradesh,Manufacturing,609,Skilled,eShram,2026-07-25
MOCK-UAN-6597-4450,47,Odisha,Jharkhand,Construction,912,Highly-skilled,PM-SYM,2024-09-24
MOCK-UAN-7769-9011,43,West Bengal,Bihar,Domestic Worker,269,Unskilled,None,2025-06-12
MOCK-UAN-7336-3903,62,Andhra Pradesh,Gujarat,Gig Worker,929,Highly-skilled,PM-SYM,2025-04-29
MOCK-UAN-5606-6862,30,Bihar,Bihar,Agriculture,403,Semi-skilled,eShram,2026-02-02
MOCK-UAN-1602-5599,49,Odisha,Maharashtra,Manufacturing,232,Unskilled,Ayushman Bharat,2026-04-20
MOCK-UAN-3793-4174,60,Odisha,Odisha,Domestic Worker,401,Semi-skilled,PM-SYM,2026-04-09
MOCK-UAN-4734-9570,64,Uttar Pradesh,Andhra Pradesh,Domestic Worker,652,Skilled,PM-Kisan,2025-06-22
MOCK-UAN-1849-6292,45,Gujarat,Odisha,Manufacturing,852,Highly-skilled,Ayushman Bharat,2026-02-26
MOCK-UAN-4678-1769,35,Gujarat,Tamil Nadu,Construction,1081,Highly-skilled,eShram,2026-06-08
MOCK-UAN-7943-2219,33,Maharashtra,Tamil Nadu,Construction,374,Unskilled,PM-SYM,2026-01-19
MOCK-UAN-1393-6477,34,Maharashtra,Uttar Pradesh,Agriculture,309,Unskilled,Ayushman Bharat,2026-03-01
MOCK-UAN-2194-8184,24,Karnataka,Bihar,Construction,307,Unskilled,None,2025-08-01
MOCK-UAN-2065-3089,21,Karnataka,Gujarat,Construction,385,Unskilled,PM-SYM,2025-05-04
MOCK-UAN-7735-4819,56,Odisha,Gujarat,Manufacturing,871,Highly-skilled,PM-Kisan,2026-05-17
MOCK-UAN-6377-4153,24,Bihar,Jharkhand,Domestic Worker,456,Semi-skilled,PM-Kisan,2025-01-22
MOCK-UAN-5198-6822,44,Karnataka,Karnataka,Manufacturing,578,Semi-skilled,eShram,2025-02-02
MOCK-UAN-1991-3091,37,Odisha,Tamil Nadu,Agriculture,445,Semi-skilled,eShram,2026-01-08
MOCK-UAN-6618-5768,41,Andhra Pradesh,Maharashtra,Construction,557,Semi-skilled,PM-Kisan,2026-04-10
MOCK-UAN-7915-6633,30,Maharashtra,Maharashtra,Gig Worker,364,Unskilled,Ayushman Bharat,2025-03-27
MOCK-UAN-8657-6425,55,Odisha,Odisha,Domestic Worker,598,Skilled,None,2025-04-16
MOCK-UAN-4594-1060,58,Maharashtra,Maharashtra,Manufacturing,538,Semi-skilled,eShram,2026-01-20
MOCK-UAN-6431-7158,31,Gujarat,Andhra Pradesh,Agriculture,268,Unskilled,PM-SYM,2026-04-10
MOCK-UAN-8215-4185,58,Odisha,Odisha,Agriculture,390,Unskilled,PM-SYM,2026-04-09
MOCK-UAN-3855-6567,53,Maharashtra,Andhra Pradesh,Gig Worker,735,Skilled,PM-SYM,2024-10-06
MOCK-UAN-3248-7208,59,Bihar,Uttar Pradesh,Agriculture,871,Highly-skilled,eShram,2025-09-28
MOCK-UAN-3807-9633,57,Gujarat,Gujarat,Construction,381,Unskilled,eShram,2025-01-26
MOCK-UAN-4140-9725,42,Tamil Nadu,Karnataka,Gig Worker,448,Unskilled,PM-Kisan,2025-04-11
MOCK-UAN-5049-1872,58,Uttar Pradesh,Uttar Pradesh,Domestic Worker,931,Highly-skilled,eShram,2024-12-07
MOCK-UAN-2062-3743,50,Gujarat,Gujarat,Domestic Worker,521,Skilled,None,2026-02-28
MOCK-UAN-6272-7125,51,Karnataka,Karnataka,Manufacturing,863,Highly-skilled,Ayushman Bharat,2026-05-03
MOCK-UAN-1599-4394,32,Maharashtra,Uttar Pradesh,Manufacturing,437,Semi-skilled,Ayushman Bharat,2025-11-24
MOCK-UAN-3575-7129,-1,West Bengal,Bihar,Agriculture,896,Highly-skilled,PM-Kisan,2025-09-10
MOCK-UAN-1674-8622,50,Odisha,Karnataka,Manufacturing,931,Highly-skilled,None,2025-09-26
MOCK-UAN-6194-5473,42,Andhra Pradesh,Uttar Pradesh,Agriculture,308,Unskilled,Ayushman Bharat,2024-12-08
MOCK-UAN-9220-9401,52,Bihar,Bihar,Gig Worker,333,Unskilled,PM-SYM,2024-11-27
MOCK-UAN-9946-4281,39,Maharashtra,Maharashtra,Agriculture,619,Skilled,Ayushman Bharat,2025-03-29
MOCK-UAN-3258-9898,34,Andhra Pradesh,Andhra Pradesh,Agriculture,630,Skilled,None,2025-11-04
MOCK-UAN-1194-8733,59,West Bengal,West Bengal,Gig Worker,1027,Highly-skilled,eShram,2025-05-05
MOCK-UAN-4438-8773,32,West Bengal,Odisha,Manufacturing,954,Highly-skilled,Ayushman Bharat,2024-12-11
MOCK-UAN-4077-8025,62,Gujarat,West Bengal,Domestic Worker,341,Unskilled,Ayushman Bharat,2025-02-04
MOCK-UAN-3102-6006,65,Andhra Pradesh,Gujarat,Agriculture,472,Semi-skilled,None,2025-11-24
MOCK-UAN-7608-9808,37,Tamil Nadu,Andhra Pradesh,Gig Worker,546,Semi-skilled,Ayushman Bharat,2026-04-19
MOCK-UAN-7404-7247,31,Gujarat,Karnataka,Gig Worker,916,Highly-skilled,PM-SYM,2025-08-17
MOCK-UAN-8397-5991,23,Jharkhand,Odisha,Gig Worker,421,Unskilled,PM-Kisan,2026-04-13
MOCK-UAN-5650-4373,32,Uttar Pradesh,Uttar Pradesh,Construction,960,Highly-skilled,PM-SYM,2025-09-27
MOCK-UAN-3815-6353,44,Gujarat,Bihar,Gig Worker,1013,Highly-skilled,None,2024-11-24
MOCK-UAN-4382-3128,31,Uttar Pradesh,West Bengal,Gig Worker,636,Skilled,PM-Kisan,2025-04-10
MOCK-UAN-8519-5512,30,Andhra Pradesh,Andhra Pradesh,Manufacturing,17498,Unskilled,None,2026-05-27
MOCK-UAN-9615-6388,54,Karnataka,Andhra Pradesh,Construction,702,Skilled,None,2025-09-05
MOCK-UAN-5873-7407,-1,Jharkhand,Maharashtra,Domestic Worker,898,Highly-skilled,None,2025-10-13
MOCK-UAN-4005-2565,43,Andhra Pradesh,Maharashtra,Agriculture,634,Skilled,PM-SYM,2026-08-30
MOCK-UAN-4559-9085,44,West Bengal,Tamil Nadu,Construction,351,Unskilled,PM-Kisan,2025-08-14
MOCK-UAN-3700-5141,31,West Bengal,Andhra Pradesh,Construction,951,Highly-skilled,None,2025-09-01
MOCK-UAN-4185-7499,20,Andhra Pradesh,Maharashtra,Agriculture,946,Highly-skilled,None,2026-06-15
MOCK-UAN-3297-8713,35,Jharkhand,Andhra Pradesh,Domestic Worker,274,Unskilled,eShram,2025-04-03
MOCK-UAN-1183-5476,27,Karnataka,Maharashtra,Construction,504,Semi-skilled,None,2026-05-23
MOCK-UAN-6051-8274,21,Odisha,Gujarat,Gig Worker,526,Semi-skilled,Ayushman Bharat,2026-05-01
MOCK-UAN-1238-6523,30,Bihar,Jharkhand,Gig Worker,528,Semi-skilled,PM-SYM,2025-11-14
MOCK-UAN-6359-6286,53,Maharashtra,Maharashtra,Domestic Worker,884,Highly-skilled,None,2025-01-16
MOCK-UAN-2734-6842,38,Jharkhand,Gujarat,Construction,961,Highly-skilled,eShram,2025-12-28
MOCK-UAN-5562-7045,20,Bihar,Bihar,Manufacturing,576,Skilled,PM-Kisan,2026-02-08
MOCK-UAN-2668-9784,54,Jharkhand,Bihar,Domestic Worker,662,Skilled,None,2026-08-10
MOCK-UAN-3177-6440,29,Tamil Nadu,Tamil Nadu,Manufacturing,255,Unskilled,Ayushman Bharat,2024-10-03
MOCK-UAN-8354-7264,50,Maharashtra,Andhra Pradesh,Gig Worker,390,Unskilled,PM-Kisan,2025-01-20
MOCK-UAN-8020-4990,57,Bihar,Gujarat,Manufacturing,578,Skilled,eShram,2025-02-17
MOCK-UAN-1621-4900,64,Odisha,Odisha,Manufacturing,672,Skilled,eShram,2025-06-26
MOCK-UAN-1648-9533,44,Uttar Pradesh,Uttar Pradesh,Gig Worker,709,Skilled,Ayushman Bharat,2025-05-21
MOCK-UAN-1885-5068,61,Maharashtra,Maharashtra,Manufacturing,651,Skilled,eShram,2025-12-11
MOCK-UAN-2058-9055,22,Maharashtra,Jharkhand,Gig Worker,475,Semi-skilled,PM-SYM,2025-03-11
MOCK-UAN-4348-4871,50,Bihar,West Bengal,Agriculture,463,Semi-skilled,eShram,2025-05-23
MOCK-UAN-5079-5966,36,Odisha,Maharashtra,Agriculture,944,Highly-skilled,PM-SYM,2025-09-18
MOCK-UAN-3748-8712,46,Gujarat,Karnataka,Gig Worker,1004,Highly-skilled,PM-SYM,2025-10-10
MOCK-UAN-2363-5918,56,West Bengal,Jharkhand,Agriculture,953,Highly-skilled,None,2025-07-25
MOCK-UAN-7146-8878,22,Tamil Nadu,West Bengal,Gig Worker,524,Semi-skilled,eShram,2025-05-13
MOCK-UAN-7812-7465,65,Tamil Nadu,Uttar Pradesh,Domestic Worker,370,Unskilled,None,2024-10-24
MOCK-UAN-3039-7304,54,Jharkhand,Karnataka,Agriculture,714,Skilled,PM-Kisan,2026-09-11
MOCK-UAN-7032-1945,59,Gujarat,Gujarat,Gig Worker,531,Semi-skilled,None,2024-10-20
MOCK-UAN-6921-1462,62,Jharkhand,West Bengal,Gig Worker,677,Skilled,eShram,2026-05-24
MOCK-UAN-3644-1202,25,Bihar,Bihar,Manufacturing,972,Highly-skilled,PM-Kisan,2024-12-06
MOCK-UAN-4093-7929,28,Gujarat,Uttar Pradesh,Domestic Worker,978,Highly-skilled,PM-Kisan,2025-07-27
MOCK-UAN-2456-2790,58,Odisha,Odisha,Agriculture,423,Semi-skilled,Ayushman Bharat,2025-04-17
MOCK-UAN-7520-6047,-5,Jharkhand,Jharkhand,Construction,328,Unskilled,PM-SYM,2026-08-29
MOCK-UAN-7829-5724,64,Gujarat,Tamil Nadu,Gig Worker,535,Semi-skilled,eShram,2026-05-19
MOCK-UAN-4482-4041,30,Andhra Pradesh,Andhra Pradesh,Gig Worker,632,Skilled,None,2025-12-10
MOCK-UAN-2789-3721,23,Uttar Pradesh,Bihar,Agriculture,254,Unskilled,Ayushman Bharat,2024-10-15
MOCK-UAN-8829-8949,61,Bihar,Tamil Nadu,Construction,299,Unskilled,PM-SYM,2025-04-19
MOCK-UAN-1118-7154,56,West Bengal,West Bengal,Agriculture,861,Highly-skilled,None,2025-08-26
MOCK-UAN-6514-7074,61,Tamil Nadu,Tamil Nadu,Gig Worker,698,Skilled,None,2025-10-07
MOCK-UAN-6833-6410,24,Andhra Pradesh,Karnataka,Gig Worker,411,Unskilled,PM-Kisan,2025-01-18
MOCK-UAN-5578-5072,41,Karnataka,Karnataka,Manufacturing,977,Highly-skilled,eShram,2024-09-18
MOCK-UAN-6278-1272,58,Tamil Nadu,Tamil Nadu,Agriculture,850,Highly-skilled,eShram,2026-05-29
MOCK-UAN-2333-6707,45,Karnataka,Karnataka,Construction,999,Highly-skilled,Ayushman Bharat,2026-06-19
MOCK-UAN-9267-1520,26,Karnataka,Karnataka,Agriculture,889,Highly-skilled,eShram,2025-12-15
MOCK-UAN-8899-9858,33,Maharashtra,Bihar,Construction,947,Highly-skilled,PM-SYM,2025-02-26
MOCK-UAN-6349-7283,35,Maharashtra,Maharashtra,Manufacturing,333,Unskilled,eShram,2026-03-16
MOCK-UAN-9060-2481,62,Tamil Nadu,Tamil Nadu,Domestic Worker,243,Unskilled,Ayushman Bharat,2025-10-06
MOCK-UAN-7252-8159,32,Maharashtra,Tamil Nadu,Construction,369,Unskilled,PM-SYM,2025-08-29
MOCK-UAN-4082-2902,54,Tamil Nadu,Gujarat,Manufacturing,308,Unskilled,Ayushman Bharat,2024-11-17
MOCK-UAN-4110-7359,45,Tamil Nadu,Tamil Nadu,Gig Worker,574,Semi-skilled,PM-SYM,2025-05-05
MOCK-UAN-5863-4586,49,Karnataka,Uttar Pradesh,Gig Worker,414,Unskilled,PM-Kisan,2025-08-08
MOCK-UAN-3022-5480,63,Odisha,Maharashtra,Manufacturing,722,Skilled,None,2024-11-14
MOCK-UAN-6458-3501,63,Maharashtra,Maharashtra,Gig Worker,368,Unskilled,eShram,2026-01-27
MOCK-UAN-5900-3608,19,West Bengal,Gujarat,Manufacturing,573,Skilled,None,2025-05-23
MOCK-UAN-4196-9978,43,Bihar,Andhra Pradesh,Agriculture,868,Highly-skilled,eShram,2025-05-05
MOCK-UAN-4436-4573,65,Maharashtra,Maharashtra,Construction,622,Skilled,PM-Kisan,2024-12-28
MOCK-UAN-3418-7169,45,Jharkhand,Jharkhand,Construction,618,Skilled,None,2025-03-17
MOCK-UAN-2922-9444,59,Tamil Nadu,Jharkhand,Manufacturing,509,Semi-skilled,PM-SYM,2025-01-14
MOCK-UAN-9005-5959,62,Odisha,Odisha,Manufacturing,371,Unskilled,None,2026-07-12
MOCK-UAN-8292-7018,18,Bihar,Jharkhand,Manufacturing,421,Semi-skilled,PM-SYM,2026-05-08
MOCK-UAN-8856-5484,62,Bihar,Bihar,Gig Worker,958,Highly-skilled,None,2026-07-07
MOCK-UAN-5888-3051,24,Tamil Nadu,Odisha,Gig Worker,1023,Highly-skilled,PM-SYM,2025-10-23
MOCK-UAN-9788-9684,49,Bihar,Odisha,Construction,472,Semi-skilled,PM-SYM,2025-03-19
MOCK-UAN-3948-1087,53,Karnataka,Karnataka,Construction,381,Unskilled,eShram,2026-04-26
MOCK-UAN-3641-2438,53,Uttar Pradesh,Uttar Pradesh,Construction,360,Unskilled,PM-SYM,2026-02-15
MOCK-UAN-9919-3811,45,Andhra Pradesh,Bihar,Domestic Worker,524,Skilled,PM-Kisan,2025-06-11
MOCK-UAN-9563-6769,56,West Bengal,Bihar,Construction,577,Semi-skilled,PM-SYM,2026-04-20
MOCK-UAN-4539-6882,35,Jharkhand,Jharkhand,Manufacturing,389,Unskilled,PM-Kisan,2025-06-03
MOCK-UAN-3675-7554,47,Bihar,Bihar,Manufacturing,419,Semi-skilled,PM-Kisan,2025-06-23
MOCK-UAN-4156-7097,54,West Bengal,West Bengal,Manufacturing,430,Semi-skilled,Ayushman Bharat,2025-12-03
MOCK-UAN-5055-2270,35,Bihar,Odisha,Manufacturing,314,Unskilled,Ayushman Bharat,2025-05-05
MOCK-UAN-4698-5483,18,Bihar,Uttar Pradesh,Manufacturing,316,Unskilled,PM-SYM,2025-03-13
MOCK-UAN-6022-9021,24,West Bengal,Uttar Pradesh,Domestic Worker,632,Skilled,PM-Kisan,2024-12-25
MOCK-UAN-3797-6210,42,Jharkhand,Odisha,Domestic Worker,1000,Highly-skilled,None,2026-06-17
MOCK-UAN-3547-3070,27,Gujarat,Uttar Pradesh,Construction,641,Skilled,eShram,2026-08-10
MOCK-UAN-8500-3999,46,Tamil Nadu,Tamil Nadu,Domestic Worker,560,Skilled,Ayushman Bharat,2025-11-27
MOCK-UAN-4748-6000,-3,Bihar,Bihar,Manufacturing,531,Skilled,PM-SYM,2026-04-06
MOCK-UAN-1940-2385,65,Uttar Pradesh,West Bengal,Construction,913,Highly-skilled,PM-Kisan,2025-02-01
MOCK-UAN-9437-9722,62,Bihar,Uttar Pradesh,Construction,948,Highly-skilled,PM-Kisan,2025-09-03
MOCK-UAN-9652-1693,56,Karnataka,Karnataka,Domestic Worker,539,Semi-skilled,eShram,2024-11-30
MOCK-UAN-3184-9416,40,Andhra Pradesh,Karnataka,Gig Worker,674,Skilled,PM-SYM,2025-08-27
MOCK-UAN-5092-9832,25,Uttar Pradesh,Tamil Nadu,Agriculture,461,Semi-skilled,PM-SYM,2026-06-23
MOCK-UAN-4562-5994,59,West Bengal,West Bengal,Construction,949,Highly-skilled,PM-Kisan,2026-06-15
MOCK-UAN-6382-5888,40,Bihar,Maharashtra,Manufacturing,659,Skilled,PM-SYM,2024-12-27
MOCK-UAN-4236-2388,51,West Bengal,West Bengal,Manufacturing,426,Unskilled,None,2025-04-16
MOCK-UAN-7477-7132,37,Tamil Nadu,Jharkhand,Domestic Worker,573,Skilled,PM-SYM,2025-12-08
MOCK-UAN-8198-3651,26,Tamil Nadu,Tamil Nadu,Construction,625,Skilled,eShram,2026-04-13
MOCK-UAN-7898-6426,20,Jharkhand,Jharkhand,Manufacturing,652,Skilled,PM-SYM,2025-11-20
MOCK-UAN-9119-3087,38,Gujarat,Karnataka,Gig Worker,434,Unskilled,PM-SYM,2025-06-01
MOCK-UAN-4874-1852,61,Tamil Nadu,Andhra Pradesh,Manufacturing,992,Highly-skilled,Ayushman Bharat,2025-06-30
MOCK-UAN-8027-5059,57,Jharkhand,Jharkhand,Gig Worker,579,Semi-skilled,Ayushman Bharat,2025-01-10
MOCK-UAN-5052-8031,30,Karnataka,Karnataka,Construction,482,Semi-skilled,eShram,2026-05-13
MOCK-UAN-3436-4758,25,Jharkhand,Tamil Nadu,Gig Worker,579,Semi-skilled,None,2024-10-03
MOCK-UAN-2489-1834,42,Gujarat,Maharashtra,Gig Worker,755,Skilled,None,2025-06-02
MOCK-UAN-5985-2803,35,Tamil Nadu,Gujarat,Manufacturing,491,Semi-skilled,Ayushman Bharat,2026-04-22
MOCK-UAN-6269-4473,36,Karnataka,Bihar,Manufacturing,475,Semi-skilled,Ayushman Bharat,2026-01-31
MOCK-UAN-5986-2827,24,Andhra Pradesh,Andhra Pradesh,Gig Worker,753,Skilled,Ayushman Bharat,2025-09-20
MOCK-UAN-9664-7088,33,Uttar Pradesh,Karnataka,Construction,408,Unskilled,eShram,2026-06-21
MOCK-UAN-2971-1672,-3,Maharashtra,West Bengal,Construction,419,Unskilled,PM-Kisan,2026-06-10
MOCK-UAN-8769-4309,52,Jharkhand,Uttar Pradesh,Manufacturing,632,Skilled,PM-Kisan,2025-09-05
MOCK-UAN-8347-2923,45,Bihar,Odisha,Domestic Worker,291,Unskilled,eShram,2026-05-21
MOCK-UAN-3112-5745,20,Odisha,Maharashtra,Manufacturing,907,Highly-skilled,PM-Kisan,2026-02-22
MOCK-UAN-3711-8172,50,Gujarat,Karnataka,Manufacturing,660,Skilled,eShram,2026-06-23
MOCK-UAN-1145-9401,47,West Bengal,West Bengal,Domestic Worker,559,Skilled,Ayushman Bharat,2025-04-28
MOCK-UAN-5399-2951,28,Maharashtra,Uttar Pradesh,Agriculture,318,Unskilled,eShram,2025-06-26
MOCK-UAN-5430-1844,59,Maharashtra,Maharashtra,Gig Worker,380,Unskilled,PM-SYM,2026-07-11
MOCK-UAN-7047-6317,23,West Bengal,Jharkhand,Manufacturing,601,Skilled,Ayushman Bharat,2024-11-12
MOCK-UAN-1170-6824,32,Uttar Pradesh,Andhra Pradesh,Domestic Worker,363,Unskilled,None,2026-07-16
MOCK-UAN-4377-8244,32,Tamil Nadu,Karnataka,Gig Worker,1009,Highly-skilled,eShram,2025-12-03
MOCK-UAN-8848-2535,49,Jharkhand,Maharashtra,Gig Worker,1002,Highly-skilled,eShram,2026-07-10
MOCK-UAN-6081-3669,29,Gujarat,Gujarat,Gig Worker,332,Unskilled,eShram,2024-11-27
MOCK-UAN-8455-7594,-2,West Bengal,Andhra Pradesh,Domestic Worker,337,Unskilled,None,2026-06-02
MOCK-UAN-3165-5068,23,Uttar Pradesh,Andhra Pradesh,Construction,382,Unskilled,PM-Kisan,2025-08-27
MOCK-UAN-2392-4314,26,Karnataka,Karnataka,Manufacturing,558,Semi-skilled,Ayushman Bharat,2025-08-20
MOCK-UAN-4994-1915,52,Uttar Pradesh,Uttar Pradesh,Construction,334,Unskilled,PM-SYM,2024-12-29
MOCK-UAN-2680-9381,44,Jharkhand,Uttar Pradesh,Construction,4,Semi-skilled,None,2025-04-22
MOCK-UAN-7303-2841,49,Jharkhand,Jharkhand,Gig Worker,412,Unskilled,Ayushman Bharat,2025-04-12
MOCK-UAN-2389-1710,56,Jharkhand,Odisha,Agriculture,528,Semi-skilled,None,2025-02-15
MOCK-UAN-5940-5702,15,Bihar,West Bengal,Agriculture,2500,Highly-skilled,PM-SYM,2024-09-17
MOCK-UAN-3435-3401,38,Jharkhand,West Bengal,Construction,363,Unskilled,PM-Kisan,2025-11-26
MOCK-UAN-5562-3370,23,Tamil Nadu,Tamil Nadu,Gig Worker,1030,Highly-skilled,Ayushman Bharat,2025-08-07
MOCK-UAN-8885-7782,56,Tamil Nadu,Maharashtra,Manufacturing,909,Highly-skilled,PM-Kisan,2026-02-06
MOCK-UAN-9070-9724,52,Maharashtra,Karnataka,Domestic Worker,427,Semi-skilled,PM-SYM,2025-05-13
MOCK-UAN-4330-1281,41,West Bengal,Jharkhand,Construction,359,Unskilled,Ayushman Bharat,2025-09-19
MOCK-UAN-3283-5828,47,Jharkhand,Jharkhand,Domestic Worker,953,Highly-skilled,eShram,2025-04-18
MOCK-UAN-1915-3257,25,Jharkhand,Andhra Pradesh,Manufacturing,548,Skilled,PM-SYM,2026-05-27
MOCK-UAN-3591-1494,27,Tamil Nadu,Maharashtra,Construction,356,Unskilled,PM-Kisan,2026-05-24
MOCK-UAN-3295-9641,62,Uttar Pradesh,Gujarat,Manufacturing,264,Unskilled,Ayushman Bharat,2026-06-25
MOCK-UAN-3843-9245,28,Andhra Pradesh,Karnataka,Manufacturing,659,Skilled,PM-Kisan,2026-02-10
MOCK-UAN-4724-7941,28,Uttar Pradesh,Uttar Pradesh,Domestic Worker,823,Highly-skilled,eShram,2025-04-19
MOCK-UAN-1917-4586,43,Jharkhand,Jharkhand,Domestic Worker,272,Unskilled,None,2026-01-16
MOCK-UAN-7637-7233,28,Andhra Pradesh,Andhra Pradesh,Manufacturing,468,Semi-skilled,Ayushman Bharat,2025-06-25
MOCK-UAN-6496-1459,33,Uttar Pradesh,Bihar,Construction,578,Semi-skilled,PM-Kisan,2024-09-26
MOCK-UAN-6064-4075,53,Maharashtra,Maharashtra,Construction,496,Semi-skilled,Ayushman Bharat,2024-12-11
MOCK-UAN-1735-8926,20,Andhra Pradesh,Tamil Nadu,Construction,622,Skilled,Ayushman Bharat,2025-10-27
MOCK-UAN-6152-7400,64,Tamil Nadu,Tamil Nadu,Construction,744,Skilled,None,2026-04-19
MOCK-UAN-7260-8814,55,Andhra Pradesh,Maharashtra,Manufacturing,227,Unskilled,PM-SYM,2025-05-10
MOCK-UAN-3307-3638,-1,West Bengal,West Bengal,Domestic Worker,490,Skilled,None,2025-01-27
MOCK-UAN-6903-8059,20,Gujarat,Bihar,Gig Worker,1022,Highly-skilled,PM-SYM,2025-06-28
MOCK-UAN-2428-9174,24,Karnataka,Uttar Pradesh,Gig Worker,374,Unskilled,Ayushman Bharat,2026-04-28
MOCK-UAN-2461-2165,29,Karnataka,West Bengal,Agriculture,848,Highly-skilled,eShram,2025-01-19
MOCK-UAN-8999-1648,41,Uttar Pradesh,Jharkhand,Manufacturing,635,Skilled,PM-Kisan,2026-06-16
MOCK-UAN-7122-2367,61,Gujarat,Uttar Pradesh,Construction,362,Unskilled,eShram,2026-09-01
MOCK-UAN-1130-3532,24,Uttar Pradesh,Karnataka,Construction,471,Semi-skilled,None,2026-01-01
MOCK-UAN-6716-8632,47,West Bengal,West Bengal,Manufacturing,235,Unskilled,PM-SYM,2025-03-18
MOCK-UAN-7503-8096,30,Gujarat,Tamil Nadu,Agriculture,943,Highly-skilled,eShram,2026-09-04
MOCK-UAN-2873-5560,47,Andhra Pradesh,West Bengal,Gig Worker,582,Semi-skilled,Ayushman Bharat,2025-04-26
MOCK-UAN-6922-8046,48,Maharashtra,Andhra Pradesh,Manufacturing,595,Skilled,Ayushman Bharat,2026-04-09
MOCK-UAN-7636-2338,37,Karnataka,Karnataka,Domestic Worker,542,Semi-skilled,Ayushman Bharat,2025-03-22
MOCK-UAN-2514-8021,39,Uttar Pradesh,Gujarat,Manufacturing,846,Highly-skilled,None,2026-03-17
MOCK-UAN-3632-8156,40,Odisha,Andhra Pradesh,Domestic Worker,373,Semi-skilled,PM-SYM,2026-07-30
MOCK-UAN-3369-6304,60,Tamil Nadu,West Bengal,Gig Worker,965,Highly-skilled,Ayushman Bharat,2025-01-09
MOCK-UAN-7658-5305,51,Andhra Pradesh,Andhra Pradesh,Gig Worker,997,Highly-skilled,PM-Kisan,2026-05-23
MOCK-UAN-9947-3721,56,Gujarat,Maharashtra,Gig Worker,412,Unskilled,Ayushman Bharat,2025-06-27
MOCK-UAN-3043-9177,59,Karnataka,Tamil Nadu,Agriculture,887,Highly-skilled,PM-Kisan,2026-05-14
MOCK-UAN-7113-3898,53,Odisha,Gujarat,Manufacturing,617,Skilled,None,2026-06-26
MOCK-UAN-2625-2435,24,Bihar,Bihar,Domestic Worker,837,Highly-skilled,PM-SYM,2026-02-05
MOCK-UAN-9924-2633,58,Karnataka,Andhra Pradesh,Agriculture,972,Highly-skilled,eShram,2025-05-01
MOCK-UAN-7243-2875,30,Karnataka,Karnataka,Agriculture,895,Highly-skilled,None,2026-07-07
MOCK-UAN-7484-1124,41,Maharashtra,Tamil Nadu,Agriculture,655,Skilled,None,2026-08-05
MOCK-UAN-7792-1535,18,Andhra Pradesh,Gujarat,Domestic Worker,617,Skilled,Ayushman Bharat,2025-03-08
MOCK-UAN-8045-4962,53,Gujarat,Karnataka,Construction,972,Highly-skilled,eShram,2026-06-28
MOCK-UAN-3846-7604,38,West Bengal,Maharashtra,Construction,528,Semi-skilled,PM-Kisan,2025-01-14
MOCK-UAN-7422-5263,53,Jharkhand,Jharkhand,Gig Worker,422,Unskilled,PM-SYM,2024-10-11
MOCK-UAN-3507-1455,57,West Bengal,West Bengal,Construction,982,Highly-skilled,PM-SYM,2025-01-26
MOCK-UAN-6867-4056,33,Maharashtra,Odisha,Gig Worker,1066,Highly-skilled,Ayushman Bharat,2026-04-21
MOCK-UAN-1379-2694,25,Karnataka,Karnataka,Construction,359,Unskilled,eShram,2025-07-01
MOCK-UAN-3959-2520,22,Karnataka,Karnataka,Gig Worker,1035,Highly-skilled,PM-SYM,2026-01-30
MOCK-UAN-7778-2205,49,Bihar,Karnataka,Manufacturing,595,Skilled,None,2026-04-22
MOCK-UAN-1515-2920,39,Tamil Nadu,Odisha,Construction,572,Semi-skilled,PM-Kisan,2025-06-02
MOCK-UAN-4159-1484,52,Andhra Pradesh,Maharashtra,Gig Worker,666,Skilled,PM-SYM,2026-04-03
MOCK-UAN-3073-5384,35,Karnataka,Bihar,Agriculture,690,Skilled,None,2026-02-04
MOCK-UAN-7552-4163,34,Jharkhand,Tamil Nadu,Manufacturing,297,Unskilled,PM-Kisan,2026-05-09
MOCK-UAN-4372-8992,45,Karnataka,Uttar Pradesh,Agriculture,228,Unskilled,PM-Kisan,2025-10-12
MOCK-UAN-6782-7126,58,Bihar,Andhra Pradesh,Domestic Worker,606,Skilled,PM-Kisan,2025-11-08
MOCK-UAN-9691-6771,43,Andhra Pradesh,Gujarat,Manufacturing,415,Semi-skilled,Ayushman Bharat,2025-05-05
MOCK-UAN-6151-3003,18,Tamil Nadu,Tamil Nadu,Agriculture,492,Semi-skilled,None,2026-04-19
MOCK-UAN-4811-2085,42,Uttar Pradesh,Uttar Pradesh,Domestic Worker,417,Semi-skilled,PM-SYM,2026-04-12
MOCK-UAN-2225-7909,61,Gujarat,Tamil Nadu,Gig Worker,527,Semi-skilled,PM-SYM,2026-02-02
MOCK-UAN-5496-7901,25,Bihar,Gujarat,Domestic Worker,805,Highly-skilled,eShram,2026-06-26
MOCK-UAN-1076-8565,18,Jharkhand,Jharkhand,Manufacturing,2500,Highly-skilled,PM-Kisan,2026-04-16
MOCK-UAN-2558-7800,64,Uttar Pradesh,Gujarat,Manufacturing,178,Unskilled,PM-Kisan,2025-08-01
MOCK-UAN-1771-7444,37,Karnataka,Bihar,Agriculture,220,Unskilled,PM-SYM,2026-04-04
MOCK-UAN-6289-8138,32,Jharkhand,Gujarat,Domestic Worker,338,Unskilled,PM-SYM,2025-06-07
MOCK-UAN-1705-2815,21,Uttar Pradesh,Gujarat,Domestic Worker,939,Highly-skilled,Ayushman Bharat,2026-06-15
MOCK-UAN-2964-3069,38,Jharkhand,Jharkhand,Manufacturing,921,Highly-skilled,PM-SYM,2026-03-03
MOCK-UAN-8830-9029,35,Tamil Nadu,Tamil Nadu,Manufacturing,401,Semi-skilled,PM-SYM,2025-06-12
MOCK-UAN-2356-6783,53,Maharashtra,Maharashtra,Gig Worker,397,Unskilled,PM-SYM,2026-06-07
MOCK-UAN-8670-7308,30,Karnataka,Maharashtra,Domestic Worker,599,Skilled,Ayushman Bharat,2026-09-10
MOCK-UAN-3523-9265,24,Jharkhand,Gujarat,Manufacturing,842,Highly-skilled,PM-Kisan,2026-02-22
MOCK-UAN-7556-4079,22,Uttar Pradesh,Tamil Nadu,Domestic Worker,375,Unskilled,eShram,2025-12-31
MOCK-UAN-2805-4941,19,Karnataka,Andhra Pradesh,Manufacturing,943,Highly-skilled,Ayushman Bharat,2026-05-14
MOCK-UAN-4474-3467,43,West Bengal,Tamil Nadu,Construction,938,Highly-skilled,Ayushman Bharat,2025-06-14
MOCK-UAN-4177-5816,30,Gujarat,Uttar Pradesh,Domestic Worker,901,Highly-skilled,PM-Kisan,2026-06-08
MOCK-UAN-2819-4597,25,Andhra Pradesh,Andhra Pradesh,Domestic Worker,610,Skilled,eShram,2024-11-21
MOCK-UAN-5513-4710,57,Gujarat,Bihar,Gig Worker,597,Skilled,None,2026-05-21
MOCK-UAN-5718-5718,64,Andhra Pradesh,Odisha,Domestic Worker,887,Highly-skilled,Ayushman Bharat,2026-08-20
MOCK-UAN-6162-2137,28,Jharkhand,West Bengal,Gig Worker,365,Unskilled,None,2025-11-27
MOCK-UAN-3908-5322,22,Jharkhand,Jharkhand,Construction,599,Skilled,None,2026-05-04
MOCK-UAN-1740-1284,54,Uttar Pradesh,Uttar Pradesh,Domestic Worker,435,Semi-skilled,eShram,2025-05-16
MOCK-UAN-6747-9940,34,Karnataka,West Bengal,Construction,739,Skilled,Ayushman Bharat,2026-09-12
MOCK-UAN-9484-8935,25,Uttar Pradesh,Uttar Pradesh,Construction,532,Semi-skilled,None,2025-04-28
MOCK-UAN-3320-6852,49,Andhra Pradesh,Karnataka,Agriculture,421,Semi-skilled,PM-SYM,2025-04-01
MOCK-UAN-7189-2768,35,West Bengal,West Bengal,Manufacturing,478,Semi-skilled,Ayushman Bharat,2026-08-11
MOCK-UAN-6426-7406,55,Gujarat,Gujarat,Agriculture,669,Skilled,eShram,2024-10-27
MOCK-UAN-6624-3014,45,Karnataka,Tamil Nadu,Agriculture,346,Unskilled,PM-SYM,2026-02-07
MOCK-UAN-3410-8640,61,Jharkhand,Tamil Nadu,Domestic Worker,452,Semi-skilled,Ayushman Bharat,2026-01-26
MOCK-UAN-5828-1255,47,Andhra Pradesh,Jharkhand,Construction,917,Highly-skilled,Ayushman Bharat,2024-09-20
MOCK-UAN-1010-1817,34,Jharkhand,Tamil Nadu,Domestic Worker,484,Semi-skilled,PM-SYM,2026-09-15
MOCK-UAN-4223-8078,55,Bihar,Andhra Pradesh,Manufacturing,619,Skilled,eShram,2026-08-10
MOCK-UAN-7923-7539,24,Uttar Pradesh,Uttar Pradesh,Domestic Worker,644,Skilled,eShram,2026-04-15
MOCK-UAN-6283-3280,61,Maharashtra,Karnataka,Domestic Worker,481,Semi-skilled,Ayushman Bharat,2025-06-06
MOCK-UAN-7159-8158,24,Jharkhand,Gujarat,Domestic Worker,652,Skilled,None,2025-09-12
MOCK-UAN-7889-7721,47,Andhra Pradesh,Andhra Pradesh,Construction,923,Highly-skilled,PM-SYM,2025-02-05
MOCK-UAN-5954-4975,55,West Bengal,Odisha,Domestic Worker,665,Skilled,PM-SYM,2026-05-26
MOCK-UAN-9487-8540,21,Bihar,Jharkhand,Agriculture,309,Unskilled,Ayushman Bharat,2026-04-17
MOCK-UAN-6428-1997,25,Odisha,Odisha,Construction,603,Semi-skilled,PM-Kisan,2025-02-09
MOCK-UAN-9115-3234,32,Jharkhand,Tamil Nadu,Construction,915,Highly-skilled,PM-Kisan,2026-08-20
MOCK-UAN-2100-1000,27,Odisha,Odisha,Domestic Worker,386,Unskilled,eShram,2026-06-15
MOCK-UAN-7401-1911,25,Uttar Pradesh,Jharkhand,Gig Worker,709,Skilled,PM-Kisan,2026-08-13
MOCK-UAN-3018-8083,27,Andhra Pradesh,Uttar Pradesh,Gig Worker,517,Semi-skilled,None,2026-01-19
MOCK-UAN-2638-9076,41,Uttar Pradesh,Bihar,Manufacturing,875,Highly-skilled,None,2025-04-19
MOCK-UAN-7380-1180,55,Uttar Pradesh,West Bengal,Construction,633,Skilled,eShram,2026-01-07
MOCK-UAN-8509-5536,18,Jharkhand,Odisha,Gig Worker,721,Skilled,PM-Kisan,2025-10-19
MOCK-UAN-3858-3480,40,Odisha,Jharkhand,Agriculture,626,Skilled,None,2024-11-23
MOCK-UAN-8925-7168,48,Odisha,Odisha,Domestic Worker,571,Skilled,eShram,2026-08-30
MOCK-UAN-6703-7615,22,Andhra Pradesh,Maharashtra,Gig Worker,398,Unskilled,PM-SYM,2026-02-08
MOCK-UAN-8805-6302,32,Maharashtra,Jharkhand,Manufacturing,1007,Highly-skilled,PM-SYM,2024-11-17
MOCK-UAN-2875-1613,65,Bihar,Gujarat,Domestic Worker,386,Unskilled,eShram,2025-05-05
MOCK-UAN-4272-4206,34,Karnataka,Uttar Pradesh,Gig Worker,571,Semi-skilled,eShram,2025-12-03
MOCK-UAN-4150-2409,-1,Andhra Pradesh,Andhra Pradesh,Construction,501,Semi-skilled,PM-SYM,2025-02-05
MOCK-UAN-6891-7685,54,West Bengal,West Bengal,Agriculture,456,Semi-skilled,PM-Kisan,2026-06-27
MOCK-UAN-8761-9205,40,Tamil Nadu,Tamil Nadu,Domestic Worker,480,Semi-skilled,PM-SYM,2025-12-08
MOCK-UAN-7162-2161,54,Bihar,Odisha,Agriculture,248,Unskilled,PM-SYM,2026-02-07
MOCK-UAN-9856-6421,19,Maharashtra,Maharashtra,Agriculture,587,Skilled,None,2026-09-05
MOCK-UAN-3586-5719,22,West Bengal,Odisha,Domestic Worker,516,Skilled,None,2026-06-16
MOCK-UAN-5309-1491,20,Tamil Nadu,Maharashtra,Agriculture,319,Unskilled,eShram,2025-04-12
MOCK-UAN-6400-2021,33,Karnataka,Andhra Pradesh,Agriculture,332,Unskilled,None,2026-05-20
MOCK-UAN-2320-8844,26,Uttar Pradesh,Uttar Pradesh,Construction,325,Unskilled,None,2026-02-16
MOCK-UAN-6738-8069,48,Uttar Pradesh,Uttar Pradesh,Gig Worker,478,Unskilled,PM-SYM,2024-10-11
MOCK-UAN-4214-9752,56,Gujarat,Gujarat,Construction,888,Highly-skilled,PM-SYM,2025-10-16
MOCK-UAN-3051-8040,62,Gujarat,Bihar,Manufacturing,226,Unskilled,PM-Kisan,2025-09-26
MOCK-UAN-6621-8152,21,Maharashtra,Andhra Pradesh,Gig Worker,1011,Highly-skilled,PM-Kisan,2026-06-08
MOCK-UAN-1931-2255,21,Jharkhand,Tamil Nadu,Construction,702,Skilled,Ayushman Bharat,2026-05-24
MOCK-UAN-5001-5790,26,Odisha,Bihar,Construction,434,Unskilled,Ayushman Bharat,2026-03-25
MOCK-UAN-6848-4609,46,Uttar Pradesh,Uttar Pradesh,Domestic Worker,577,Skilled,eShram,2026-03-08
MOCK-UAN-6224-9870,50,Bihar,Karnataka,Domestic Worker,953,Highly-skilled,Ayushman Bharat,2024-12-04
MOCK-UAN-3246-9535,32,Uttar Pradesh,Uttar Pradesh,Gig Worker,398,Unskilled,Ayushman Bharat,2026-06-15
MOCK-UAN-8434-2871,19,Karnataka,Karnataka,Agriculture,591,Skilled,PM-Kisan,2025-10-13
MOCK-UAN-2384-1978,35,Odisha,Andhra Pradesh,Manufacturing,944,Highly-skilled,None,2024-10-30
MOCK-UAN-7214-4021,60,Gujarat,Uttar Pradesh,Construction,682,Skilled,PM-SYM,2026-05-31
MOCK-UAN-6508-5301,55,Maharashtra,Maharashtra,Agriculture,821,Highly-skilled,None,2024-11-12
MOCK-UAN-7358-5709,52,Karnataka,Odisha,Agriculture,523,Semi-skilled,None,2026-01-06
MOCK-UAN-4903-3160,18,Uttar Pradesh,Uttar Pradesh,Agriculture,369,Unskilled,eShram,2026-03-24
MOCK-UAN-7465-1632,57,Uttar Pradesh,Tamil Nadu,Domestic Worker,268,Unskilled,PM-SYM,2025-07-26
MOCK-UAN-6259-5333,29,Karnataka,West Bengal,Construction,969,Highly-skilled,PM-SYM,2025-09-17
MOCK-UAN-4569-7694,-1,Odisha,Odisha,Agriculture,624,Skilled,PM-SYM,2025-05-28
MOCK-UAN-9108-3084,32,Jharkhand,Andhra Pradesh,Gig Worker,413,Unskilled,PM-SYM,2025-03-22
MOCK-UAN-8214-6199,20,West Bengal,West Bengal,Construction,622,Skilled,Ayushman Bharat,2024-10-01
MOCK-UAN-6789-9854,63,Andhra Pradesh,Andhra Pradesh,Agriculture,266,Unskilled,PM-SYM,2026-02-16
MOCK-UAN-9372-2268,33,Maharashtra,Gujarat,Manufacturing,16755,Unskilled,None,2025-06-26
MOCK-UAN-6902-6488,44,Tamil Nadu,Uttar Pradesh,Domestic Worker,358,Unskilled,eShram,2026-06-01
MOCK-UAN-2740-4464,38,West Bengal,West Bengal,Domestic Worker,627,Skilled,eShram,2025-10-07
MOCK-UAN-1534-3458,42,Bihar,Bihar,Gig Worker,981,Highly-skilled,PM-Kisan,2025-01-17
MOCK-UAN-9646-1842,56,Karnataka,Karnataka,Domestic Worker,938,Highly-skilled,Ayushman Bharat,2025-04-11
MOCK-UAN-4982-6930,32,Karnataka,Bihar,Gig Worker,857,Highly-skilled,None,2026-05-21
MOCK-UAN-8932-4774,46,Gujarat,Jharkhand,Domestic Worker,507,Semi-skilled,None,2026-08-06
MOCK-UAN-3263-5264,36,Tamil Nadu,Bihar,Manufacturing,813,Highly-skilled,PM-Kisan,2025-02-13
MOCK-UAN-4245-3947,47,Andhra Pradesh,Karnataka,Agriculture,881,Highly-skilled,PM-SYM,2025-01-22
MOCK-UAN-8068-1392,62,Jharkhand,Jharkhand,Gig Worker,944,Highly-skilled,None,2026-06-10
MOCK-UAN-2950-6518,39,Odisha,Odisha,Construction,285,Unskilled,PM-SYM,2025-09-13
MOCK-UAN-7699-8368,65,Gujarat,West Bengal,Gig Worker,608,Semi-skilled,PM-Kisan,2026-06-19
MOCK-UAN-7060-8430,42,Tamil Nadu,Odisha,Domestic Worker,576,Skilled,PM-SYM,2025-05-10
MOCK-UAN-6588-1791,54,West Bengal,West Bengal,Domestic Worker,917,Highly-skilled,Ayushman Bharat,2025-08-11
MOCK-UAN-3923-3346,20,Maharashtra,Tamil Nadu,Domestic Worker,597,Skilled,PM-SYM,2025-09-05
MOCK-UAN-2942-5716,35,Karnataka,Jharkhand,Agriculture,623,Skilled,PM-Kisan,2025-01-01
MOCK-UAN-5565-3310,24,Maharashtra,Odisha,Gig Worker,403,Unskilled,PM-Kisan,2024-10-25
MOCK-UAN-9844-9813,30,Andhra Pradesh,Bihar,Agriculture,385,Semi-skilled,Ayushman Bharat,2026-04-22
MOCK-UAN-8288-9534,26,Karnataka,Bihar,Construction,999,Highly-skilled,None,2026-02-02
MOCK-UAN-3241-5562,64,Bihar,Bihar,Construction,475,Semi-skilled,PM-SYM,2025-05-15
MOCK-UAN-9402-2213,63,Tamil Nadu,Tamil Nadu,Construction,872,Highly-skilled,PM-SYM,2026-09-07
MOCK-UAN-6202-4119,53,Andhra Pradesh,Andhra Pradesh,Construction,478,Semi-skilled,eShram,2026-05-08
MOCK-UAN-4607-4205,34,Karnataka,Jharkhand,Manufacturing,675,Skilled,eShram,2025-04-06
MOCK-UAN-2453-9459,64,Maharashtra,Bihar,Manufacturing,492,Semi-skilled,eShram,2024-10-24
MOCK-UAN-5310-7230,58,Odisha,Tamil Nadu,Manufacturing,432,Semi-skilled,Ayushman Bharat,2025-05-10
MOCK-UAN-8947-9031,58,Gujarat,Odisha,Manufacturing,582,Skilled,PM-SYM,2025-05-15
MOCK-UAN-6331-5053,60,Gujarat,West Bengal,Agriculture,283,Unskilled,Ayushman Bharat,2026-08-29
MOCK-UAN-3098-8925,49,Odisha,Maharashtra,Construction,753,Skilled,Ayushman Bharat,2026-02-16
MOCK-UAN-7701-1996,53,Tamil Nadu,Gujarat,Manufacturing,919,Highly-skilled,None,2025-11-24
MOCK-UAN-1895-5396,49,Maharashtra,Andhra Pradesh,Agriculture,921,Highly-skilled,None,2025-04-29
MOCK-UAN-3728-9782,31,Bihar,Bihar,Domestic Worker,651,Skilled,eShram,2026-05-27
MOCK-UAN-1345-7212,23,Tamil Nadu,Tamil Nadu,Domestic Worker,311,Unskilled,PM-SYM,2026-02-28
MOCK-UAN-9773-4251,28,West Bengal,Maharashtra,Agriculture,437,Semi-skilled,Ayushman Bharat,2025-08-20
MOCK-UAN-5074-1223,20,Andhra Pradesh,Andhra Pradesh,Domestic Worker,290,Unskilled,PM-Kisan,2025-10-27
MOCK-UAN-1692-3571,36,Uttar Pradesh,Maharashtra,Construction,646,Skilled,PM-SYM,2025-10-06
MOCK-UAN-3149-5423,23,Bihar,Karnataka,Construction,348,Unskilled,PM-Kisan,2026-05-27
MOCK-UAN-2565-7408,30,Odisha,Odisha,Agriculture,936,Highly-skilled,PM-Kisan,2024-10-08
MOCK-UAN-8518-4320,24,Uttar Pradesh,Uttar Pradesh,Domestic Worker,902,Highly-skilled,None,2025-07-10
MOCK-UAN-4641-7657,53,Uttar Pradesh,Odisha,Domestic Worker,486,Semi-skilled,None,2024-10-02
MOCK-UAN-7449-7106,52,Bihar,Andhra Pradesh,Manufacturing,445,Semi-skilled,None,2025-09-28
MOCK-UAN-2785-6089,39,Jharkhand,Jharkhand,Construction,353,Unskilled,PM-Kisan,2025-03-07
MOCK-UAN-9025-5095,23,Jharkhand,West Bengal,Domestic Worker,350,Semi-skilled,PM-SYM,2026-02-02
MOCK-UAN-6102-6535,27,Andhra Pradesh,Karnataka,Construction,695,Skilled,eShram,2026-04-13
MOCK-UAN-9938-9188,38,Maharashtra,West Bengal,Domestic Worker,317,Unskilled,PM-SYM,2025-11-24
MOCK-UAN-7155-3085,18,Jharkhand,Bihar,Gig Worker,2500,Highly-skilled,None,2025-05-06
MOCK-UAN-9594-8982,26,West Bengal,Andhra Pradesh,Agriculture,155,Unskilled,None,2025-07-13
MOCK-UAN-5441-9560,38,Odisha,Odisha,Domestic Worker,554,Semi-skilled,eShram,2025-07-09
MOCK-UAN-4349-7082,51,Odisha,Karnataka,Gig Worker,693,Skilled,eShram,2025-03-02
MOCK-UAN-8763-1160,38,Gujarat,West Bengal,Construction,405,Unskilled,Ayushman Bharat,2026-06-15
MOCK-UAN-6423-2551,21,Odisha,Jharkhand,Construction,598,Skilled,PM-Kisan,2025-05-04
MOCK-UAN-1231-4156,35,Uttar Pradesh,Uttar Pradesh,Manufacturing,16413,Skilled,Ayushman Bharat,2026-06-16
MOCK-UAN-5173-9864,59,Maharashtra,Jharkhand,Construction,447,Semi-skilled,Ayushman Bharat,2025-03-16
MOCK-UAN-2676-3075,51,Odisha,Odisha,Manufacturing,568,Skilled,PM-Kisan,2026-05-14
MOCK-UAN-8756-4429,28,Andhra Pradesh,Andhra Pradesh,Gig Worker,495,Unskilled,PM-Kisan,2025-04-11
MOCK-UAN-2274-1855,26,West Bengal,West Bengal,Manufacturing,890,Highly-skilled,Ayushman Bharat,2025-07-21
MOCK-UAN-2921-4944,53,Gujarat,Karnataka,Manufacturing,610,Skilled,Ayushman Bharat,2026-03-03
MOCK-UAN-2281-4504,28,Uttar Pradesh,Uttar Pradesh,Manufacturing,943,Highly-skilled,None,2026-08-27
MOCK-UAN-2970-8133,59,Tamil Nadu,Gujarat,Manufacturing,624,Skilled,None,2025-04-21
MOCK-UAN-4129-7266,41,Jharkhand,Jharkhand,Construction,507,Semi-skilled,None,2025-09-19
MOCK-UAN-1091-6085,39,Bihar,Bihar,Agriculture,318,Unskilled,PM-Kisan,2025-06-16
MOCK-UAN-7525-1719,62,Uttar Pradesh,Andhra Pradesh,Domestic Worker,420,Unskilled,None,2026-05-30
MOCK-UAN-9033-3847,48,West Bengal,West Bengal,Construction,647,Skilled,PM-SYM,2026-06-04
MOCK-UAN-3509-3898,26,Bihar,Jharkhand,Construction,960,Highly-skilled,PM-SYM,2025-04-21
MOCK-UAN-1273-6450,61,Tamil Nadu,Tamil Nadu,Gig Worker,752,Skilled,PM-Kisan,2024-09-29
MOCK-UAN-7605-7821,60,Andhra Pradesh,Odisha,Gig Worker,755,Skilled,PM-SYM,2025-03-10
MOCK-UAN-5514-4255,-3,West Bengal,Andhra Pradesh,Agriculture,659,Skilled,PM-Kisan,2025-06-27
MOCK-UAN-2410-8585,23,Bihar,Bihar,Gig Worker,431,Unskilled,eShram,2025-08-06
MOCK-UAN-1329-3774,18,Maharashtra,Maharashtra,Manufacturing,242,Unskilled,eShram,2025-07-27
MOCK-UAN-4130-3174,37,Andhra Pradesh,Tamil Nadu,Gig Worker,781,Skilled,eShram,2026-04-16
MOCK-UAN-4702-4084,35,Maharashtra,Tamil Nadu,Agriculture,842,Highly-skilled,Ayushman Bharat,2024-12-18
MOCK-UAN-6957-6715,59,West Bengal,Jharkhand,Construction,965,Highly-skilled,eShram,2026-03-19
MOCK-UAN-8108-6683,59,Uttar Pradesh,Odisha,Domestic Worker,562,Skilled,PM-SYM,2026-02-22
MOCK-UAN-5230-4575,47,Uttar Pradesh,Bihar,Domestic Worker,446,Semi-skilled,None,2025-02-05
MOCK-UAN-6291-7099,54,Gujarat,Gujarat,Construction,666,Skilled,PM-SYM,2026-06-21
MOCK-UAN-1129-3600,44,Karnataka,Bihar,Gig Worker,716,Skilled,Ayushman Bharat,2025-02-28
MOCK-UAN-4050-1356,46,Odisha,Gujarat,Manufacturing,921,Highly-skilled,eShram,2025-05-31
MOCK-UAN-6535-8906,61,Gujarat,Maharashtra,Domestic Worker,380,Unskilled,None,2025-11-25
MOCK-UAN-7565-1467,28,West Bengal,Uttar Pradesh,Domestic Worker,472,Semi-skilled,PM-Kisan,2025-04-03
MOCK-UAN-6067-3317,40,Karnataka,West Bengal,Construction,487,Semi-skilled,eShram,2025-03-10
MOCK-UAN-2316-4024,33,Maharashtra,Uttar Pradesh,Gig Worker,748,Skilled,PM-SYM,2026-05-18
MOCK-UAN-7456-4481,48,Gujarat,Gujarat,Gig Worker,459,Unskilled,None,2025-01-24
MOCK-UAN-3187-7551,38,Uttar Pradesh,Uttar Pradesh,Manufacturing,838,Highly-skilled,PM-Kisan,2024-11-27
MOCK-UAN-1440-4632,56,Jharkhand,Jharkhand,Agriculture,629,Skilled,Ayushman Bharat,2026-02-10
MOCK-UAN-7523-2265,59,Maharashtra,Uttar Pradesh,Construction,535,Semi-skilled,Ayushman Bharat,2025-06-06
MOCK-UAN-7974-3469,36,Uttar Pradesh,West Bengal,Construction,635,Skilled,None,2026-05-26
MOCK-UAN-2353-6673,61,Bihar,Bihar,Manufacturing,368,Unskilled,eShram,2025-06-15
MOCK-UAN-1189-8964,59,Gujarat,Andhra Pradesh,Agriculture,892,Highly-skilled,Ayushman Bharat,2025-06-12
MOCK-UAN-8758-6489,52,Tamil Nadu,Jharkhand,Manufacturing,906,Highly-skilled,PM-SYM,2025-04-17
MOCK-UAN-8454-8125,21,Karnataka,Bihar,Manufacturing,891,Highly-skilled,Ayushman Bharat,2024-11-05
MOCK-UAN-7050-5134,45,Tamil Nadu,Tamil Nadu,Construction,650,Skilled,eShram,2025-07-12
MOCK-UAN-1287-8319,38,Uttar Pradesh,Uttar Pradesh,Domestic Worker,245,Unskilled,Ayushman Bharat,2024-10-22
MOCK-UAN-7491-5073,29,Bihar,Maharashtra,Gig Worker,927,Highly-skilled,None,2025-06-23
MOCK-UAN-8504-4999,64,West Bengal,Andhra Pradesh,Construction,729,Skilled,Ayushman Bharat,2026-05-17
MOCK-UAN-2290-6534,58,Uttar Pradesh,Andhra Pradesh,Gig Worker,657,Skilled,PM-SYM,2025-12-02
MOCK-UAN-4139-5275,37,Odisha,Maharashtra,Construction,600,Skilled,PM-Kisan,2026-01-12
MOCK-UAN-8158-5502,65,Jharkhand,Andhra Pradesh,Domestic Worker,792,Highly-skilled,eShram,2026-08-10
MOCK-UAN-1082-7671,31,Andhra Pradesh,Andhra Pradesh,Gig Worker,668,Skilled,Ayushman Bharat,2026-01-01
MOCK-UAN-6212-2591,32,Maharashtra,Gujarat,Gig Worker,333,Unskilled,PM-Kisan,2025-07-06
MOCK-UAN-8547-7893,58,Odisha,Gujarat,Manufacturing,382,Unskilled,Ayushman Bharat,2025-08-29
MOCK-UAN-8280-3486,47,Karnataka,Jharkhand,Manufacturing,16465,Skilled,None,2024-10-18
MOCK-UAN-2287-8971,53,Tamil Nadu,Odisha,Agriculture,565,Skilled,Ayushman Bharat,2025-08-03
MOCK-UAN-8657-1484,27,Odisha,Tamil Nadu,Domestic Worker,1012,Highly-skilled,None,2024-10-08
MOCK-UAN-5651-9040,33,Gujarat,Gujarat,Gig Worker,1049,Highly-skilled,PM-Kisan,2026-04-04
MOCK-UAN-5740-3926,28,Gujarat,Tamil Nadu,Gig Worker,983,Highly-skilled,PM-Kisan,2025-06-27
MOCK-UAN-6950-2730,60,Tamil Nadu,Odisha,Manufacturing,325,Semi-skilled,None,2026-02-03
MOCK-UAN-5690-8363,28,Jharkhand,Andhra Pradesh,Domestic Worker,714,Skilled,None,2026-05-19
MOCK-UAN-7850-7852,44,Maharashtra,Maharashtra,Domestic Worker,380,Semi-skilled,eShram,2026-06-01
MOCK-UAN-2319-7697,19,Tamil Nadu,Tamil Nadu,Gig Worker,917,Highly-skilled,PM-SYM,2025-06-17
MOCK-UAN-4162-3644,47,Tamil Nadu,Tamil Nadu,Gig Worker,601,Semi-skilled,None,2026-09-14
MOCK-UAN-6287-3173,36,Bihar,Bihar,Gig Worker,1121,Highly-skilled,None,2025-05-23
MOCK-UAN-8268-4963,29,Karnataka,Bihar,Domestic Worker,669,Skilled,eShram,2025-05-23
MOCK-UAN-2144-1112,65,Andhra Pradesh,Andhra Pradesh,Manufacturing,928,Highly-skilled,None,2024-11-26
MOCK-UAN-5260-9803,25,Odisha,Odisha,Domestic Worker,329,Unskilled,None,2026-01-20
MOCK-UAN-1979-5799,43,Andhra Pradesh,Odisha,Manufacturing,942,Highly-skilled,PM-SYM,2025-06-25
MOCK-UAN-2831-3768,41,Gujarat,Gujarat,Gig Worker,587,Semi-skilled,None,2025-04-18
MOCK-UAN-6407-2213,47,Karnataka,Karnataka,Agriculture,614,Skilled,Ayushman Bharat,2026-08-21
MOCK-UAN-8378-5225,54,Uttar Pradesh,Jharkhand,Gig Worker,705,Skilled,PM-SYM,2025-04-29
MOCK-UAN-6942-5771,37,Jharkhand,Tamil Nadu,Manufacturing,896,Highly-skilled,Ayushman Bharat,2025-02-20
MOCK-UAN-3106-3400,56,Uttar Pradesh,Uttar Pradesh,Agriculture,412,Semi-skilled,PM-SYM,2025-04-19
MOCK-UAN-3430-1197,34,Tamil Nadu,Tamil Nadu,Domestic Worker,885,Highly-skilled,None,2026-06-10
MOCK-UAN-6639-3553,55,West Bengal,Tamil Nadu,Manufacturing,815,Highly-skilled,eShram,2026-03-06
MOCK-UAN-8929-7223,18,Bihar,Tamil Nadu,Gig Worker,545,Semi-skilled,eShram,2025-06-26
MOCK-UAN-2959-4226,40,Karnataka,Andhra Pradesh,Domestic Worker,400,Semi-skilled,eShram,2025-09-22
MOCK-UAN-7528-2619,39,West Bengal,Odisha,Domestic Worker,244,Unskilled,PM-SYM,2025-12-16
MOCK-UAN-5062-5009,34,Jharkhand,Jharkhand,Gig Worker,558,Semi-skilled,None,2025-06-09
MOCK-UAN-2496-4113,64,Bihar,Bihar,Gig Worker,769,Skilled,PM-SYM,2025-04-15
MOCK-UAN-8819-8606,24,West Bengal,West Bengal,Construction,695,Skilled,PM-SYM,2025-04-04
MOCK-UAN-8240-2366,48,Maharashtra,Uttar Pradesh,Domestic Worker,821,Highly-skilled,Ayushman Bharat,2025-04-24
MOCK-UAN-8252-4191,55,Odisha,Odisha,Construction,600,Skilled,None,2026-05-23
MOCK-UAN-3892-6384,50,Karnataka,Uttar Pradesh,Agriculture,497,Semi-skilled,Ayushman Bharat,2025-06-23
MOCK-UAN-9242-6059,58,Karnataka,Jharkhand,Manufacturing,250,Unskilled,Ayushman Bharat,2026-02-18
MOCK-UAN-3672-3929,22,Gujarat,Gujarat,Construction,938,Highly-skilled,Ayushman Bharat,2026-06-30
MOCK-UAN-3992-4171,24,Maharashtra,Odisha,Agriculture,627,Skilled,PM-Kisan,2025-06-07
MOCK-UAN-3532-6304,28,Maharashtra,Maharashtra,Gig Worker,501,Semi-skilled,PM-Kisan,2025-06-20
MOCK-UAN-7830-5413,32,Uttar Pradesh,Tamil Nadu,Agriculture,455,Semi-skilled,Ayushman Bharat,2025-08-22
MOCK-UAN-6166-8368,37,Gujarat,Karnataka,Construction,883,Highly-skilled,PM-SYM,2025-11-07
MOCK-UAN-3292-8485,35,Andhra Pradesh,Andhra Pradesh,Gig Worker,4,Semi-skilled,Ayushman Bharat,2025-07-13
MOCK-UAN-1387-6273,14,Gujarat,Odisha,Gig Worker,2500,Highly-skilled,PM-Kisan,2026-02-12
MOCK-UAN-5488-2750,16,Maharashtra,West Bengal,Domestic Worker,2500,Highly-skilled,PM-SYM,2026-07-22
MOCK-UAN-8979-5093,35,Odisha,Andhra Pradesh,Construction,372,Unskilled,Ayushman Bharat,2025-06-24
MOCK-UAN-8178-5656,-2,Karnataka,Bihar,Agriculture,899,Highly-skilled,eShram,2025-02-16
MOCK-UAN-4276-2441,46,Maharashtra,Odisha,Agriculture,627,Skilled,PM-SYM,2025-02-05
MOCK-UAN-2114-6143,41,Karnataka,Karnataka,Gig Worker,561,Semi-skilled,Ayushman Bharat,2026-01-07
MOCK-UAN-6934-6456,30,Uttar Pradesh,Andhra Pradesh,Gig Worker,468,Unskilled,None,2025-11-26
MOCK-UAN-8968-1786,51,Andhra Pradesh,Andhra Pradesh,Domestic Worker,606,Skilled,PM-SYM,2026-04-17
MOCK-UAN-1525-9261,38,West Bengal,Tamil Nadu,Construction,328,Unskilled,PM-Kisan,2024-12-18
MOCK-UAN-2840-9712,28,West Bengal,West Bengal,Construction,956,Highly-skilled,PM-Kisan,2026-07-12
MOCK-UAN-2197-8060,35,Karnataka,Jharkhand,Agriculture,327,Unskilled,eShram,2026-07-10
MOCK-UAN-8439-9646,62,Gujarat,Gujarat,Manufacturing,602,Skilled,PM-SYM,2026-06-15
MOCK-UAN-1309-1139,32,Tamil Nadu,Uttar Pradesh,Gig Worker,702,Skilled,PM-Kisan,2025-12-27
MOCK-UAN-4282-6810,63,Odisha,Jharkhand,Gig Worker,664,Skilled,eShram,2026-04-18
MOCK-UAN-6710-2134,38,Tamil Nadu,Tamil Nadu,Gig Worker,516,Semi-skilled,Ayushman Bharat,2025-03-01
MOCK-UAN-5441-4817,31,Tamil Nadu,West Bengal,Construction,879,Highly-skilled,PM-SYM,2025-12-13
MOCK-UAN-4417-7232,21,Karnataka,Maharashtra,Gig Worker,1087,Highly-skilled,PM-Kisan,2026-06-19
MOCK-UAN-9462-2993,28,Maharashtra,West Bengal,Domestic Worker,537,Skilled,Ayushman Bharat,2026-06-12
MOCK-UAN-8831-5182,-4,Bihar,Bihar,Construction,315,Unskilled,None,2025-11-19
MOCK-UAN-2639-6811,41,Uttar Pradesh,Uttar Pradesh,Manufacturing,564,Skilled,eShram,2025-05-01
MOCK-UAN-5500-6296,20,Jharkhand,Jharkhand,Gig Worker,444,Unskilled,eShram,2025-04-02
MOCK-UAN-4437-5801,41,Odisha,Jharkhand,Manufacturing,435,Semi-skilled,eShram,2026-02-28
MOCK-UAN-3975-6981,25,Jharkhand,Uttar Pradesh,Agriculture,962,Highly-skilled,Ayushman Bharat,2025-06-13
MOCK-UAN-1466-1423,39,Andhra Pradesh,Andhra Pradesh,Construction,466,Semi-skilled,None,2024-11-01
MOCK-UAN-9604-3781,28,Bihar,Uttar Pradesh,Construction,963,Highly-skilled,PM-SYM,2025-01-08
MOCK-UAN-8609-7800,52,Karnataka,Andhra Pradesh,Agriculture,858,Highly-skilled,None,2025-06-22
MOCK-UAN-2579-8828,49,Odisha,Maharashtra,Domestic Worker,557,Semi-skilled,eShram,2025-05-03
MOCK-UAN-2553-7616,36,Odisha,Maharashtra,Agriculture,390,Semi-skilled,Ayushman Bharat,2025-08-17
MOCK-UAN-8571-9518,51,Odisha,Odisha,Agriculture,465,Semi-skilled,Ayushman Bharat,2025-11-21
MOCK-UAN-3379-1560,65,Gujarat,Gujarat,Gig Worker,581,Semi-skilled,PM-SYM,2025-02-08
MOCK-UAN-4896-3652,43,Tamil Nadu,West Bengal,Manufacturing,620,Skilled,eShram,2026-06-20
MOCK-UAN-7646-8407,31,Karnataka,Karnataka,Domestic Worker,890,Highly-skilled,PM-SYM,2025-06-28
MOCK-UAN-9429-6527,39,Jharkhand,West Bengal,Domestic Worker,893,Highly-skilled,PM-SYM,2026-07-31
MOCK-UAN-9504-5306,22,Tamil Nadu,Andhra Pradesh,Domestic Worker,452,Semi-skilled,PM-SYM,2025-05-05
MOCK-UAN-2820-2970,53,Uttar Pradesh,Gujarat,Agriculture,892,Highly-skilled,None,2026-04-04
MOCK-UAN-2359-9269,-2,Gujarat,Gujarat,Domestic Worker,498,Semi-skilled,eShram,2026-08-12
MOCK-UAN-1273-4255,64,Tamil Nadu,Jharkhand,Domestic Worker,410,Unskilled,PM-Kisan,2025-09-21
MOCK-UAN-9697-3732,14,Jharkhand,Maharashtra,Domestic Worker,2500,Highly-skilled,eShram,2026-03-22
MOCK-UAN-7947-4312,35,Andhra Pradesh,Andhra Pradesh,Manufacturing,531,Skilled,None,2026-03-03
MOCK-UAN-8807-8667,38,Jharkhand,Jharkhand,Agriculture,295,Unskilled,PM-SYM,2025-05-30
MOCK-UAN-6105-4420,64,Odisha,Bihar,Construction,1078,Highly-skilled,eShram,2025-02-09
MOCK-UAN-3625-4972,43,Jharkhand,Jharkhand,Manufacturing,409,Semi-skilled,eShram,2025-04-13
MOCK-UAN-3022-3487,31,Karnataka,Uttar Pradesh,Agriculture,381,Unskilled,PM-SYM,2026-03-02
MOCK-UAN-2681-8718,32,Karnataka,Bihar,Domestic Worker,983,Highly-skilled,eShram,2024-11-26
MOCK-UAN-6593-5458,20,Gujarat,Gujarat,Agriculture,272,Unskilled,None,2025-11-25
MOCK-UAN-8983-5769,32,West Bengal,Tamil Nadu,Gig Worker,1028,Highly-skilled,None,2026-05-27
MOCK-UAN-5519-5123,58,West Bengal,Uttar Pradesh,Agriculture,381,Unskilled,PM-SYM,2024-12-27
MOCK-UAN-8955-4977,55,Karnataka,Gujarat,Agriculture,281,Unskilled,None,2026-04-12
MOCK-UAN-7157-9502,60,Gujarat,Bihar,Domestic Worker,289,Unskilled,PM-Kisan,2026-05-19
MOCK-UAN-7911-7451,63,Andhra Pradesh,West Bengal,Manufacturing,270,Unskilled,None,2026-06-20
MOCK-UAN-8074-1420,31,Odisha,Tamil Nadu,Construction,599,Skilled,None,2024-10-14
MOCK-UAN-5153-6875,61,Tamil Nadu,Maharashtra,Agriculture,867,Highly-skilled,PM-SYM,2025-08-13
MOCK-UAN-5311-3631,31,West Bengal,West Bengal,Domestic Worker,538,Skilled,None,2025-09-06
MOCK-UAN-3818-9189,23,Tamil Nadu,Odisha,Gig Worker,701,Skilled,Ayushman Bharat,2024-12-27
MOCK-UAN-2481-7652,38,Odisha,Jharkhand,Manufacturing,411,Semi-skilled,Ayushman Bharat,2026-09-09
MOCK-UAN-6521-8172,41,Jharkhand,Jharkhand,Agriculture,311,Unskilled,PM-SYM,2025-03-28
MOCK-UAN-9292-5853,53,West Bengal,Bihar,Gig Worker,322,Unskilled,PM-SYM,2026-09-13
MOCK-UAN-7629-5315,-4,Tamil Nadu,Karnataka,Gig Worker,1016,Highly-skilled,PM-SYM,2025-07-12
MOCK-UAN-2346-6305,32,Karnataka,Karnataka,Gig Worker,591,Semi-skilled,Ayushman Bharat,2024-10-11
MOCK-UAN-4587-5019,32,Karnataka,Karnataka,Gig Worker,450,Semi-skilled,PM-SYM,2025-07-15
MOCK-UAN-1340-8917,46,Gujarat,Maharashtra,Manufacturing,468,Semi-skilled,PM-Kisan,2026-05-02
MOCK-UAN-7342-5284,16,Tamil Nadu,Tamil Nadu,Agriculture,2500,Highly-skilled,Ayushman Bharat,2025-09-23
MOCK-UAN-4845-6245,52,Tamil Nadu,Jharkhand,Agriculture,389,Semi-skilled,PM-Kisan,2025-06-11
MOCK-UAN-2717-4732,64,Tamil Nadu,Tamil Nadu,Domestic Worker,533,Semi-skilled,None,2025-06-17
MOCK-UAN-1871-8540,57,Karnataka,Gujarat,Construction,520,Semi-skilled,PM-SYM,2026-04-11
MOCK-UAN-1942-6695,48,Jharkhand,Gujarat,Construction,614,Skilled,PM-Kisan,2025-05-31
MOCK-UAN-1451-9041,45,Jharkhand,Jharkhand,Gig Worker,997,Highly-skilled,Ayushman Bharat,2026-03-20
MOCK-UAN-5991-6415,15,Odisha,Odisha,Domestic Worker,2500,Highly-skilled,eShram,2026-03-21
MOCK-UAN-6152-1111,57,Andhra Pradesh,Andhra Pradesh,Agriculture,303,Unskilled,PM-SYM,2025-06-06
MOCK-UAN-4188-5076,56,Jharkhand,Jharkhand,Construction,976,Highly-skilled,PM-SYM,2025-06-23
MOCK-UAN-7347-7677,42,Karnataka,Tamil Nadu,Gig Worker,353,Unskilled,Ayushman Bharat,2025-05-16
MOCK-UAN-2486-4023,34,Gujarat,Tamil Nadu,Construction,18043,Skilled,None,2024-12-20
MOCK-UAN-1334-1997,53,Andhra Pradesh,Andhra Pradesh,Construction,10593,Semi-skilled,PM-SYM,2025-05-10
MOCK-UAN-1453-7141,22,Jharkhand,West Bengal,Gig Worker,544,Semi-skilled,Ayushman Bharat,2024-12-23
MOCK-UAN-3534-7130,54,Jharkhand,Jharkhand,Gig Worker,504,Semi-skilled,None,2024-10-16
MOCK-UAN-9807-2970,37,Uttar Pradesh,Jharkhand,Domestic Worker,413,Semi-skilled,PM-SYM,2026-06-11
MOCK-UAN-8449-9978,42,Karnataka,Karnataka,Domestic Worker,361,Unskilled,Ayushman Bharat,2025-05-25
MOCK-UAN-4923-9040,30,Gujarat,Andhra Pradesh,Manufacturing,354,Unskilled,PM-Kisan,2024-12-17
MOCK-UAN-6251-9639,54,Odisha,Odisha,Domestic Worker,6,Highly-skilled,PM-Kisan,2026-07-05
MOCK-UAN-6248-3219,46,Maharashtra,Karnataka,Manufacturing,845,Highly-skilled,None,2024-12-08
MOCK-UAN-9048-2709,38,West Bengal,Gujarat,Agriculture,884,Highly-skilled,Ayushman Bharat,2026-08-16
MOCK-UAN-9643-1682,30,Bihar,Odisha,Gig Worker,760,Skilled,PM-SYM,2025-05-07
MOCK-UAN-6763-9810,21,Gujarat,Gujarat,Domestic Worker,457,Semi-skilled,PM-Kisan,2025-09-29
MOCK-UAN-1732-4514,24,Karnataka,Karnataka,Gig Worker,815,Skilled,PM-SYM,2025-04-11
MOCK-UAN-1255-1741,42,Maharashtra,Maharashtra,Construction,669,Skilled,PM-SYM,2025-05-19
MOCK-UAN-6419-3900,42,Maharashtra,Karnataka,Construction,509,Semi-skilled,eShram,2026-05-21
MOCK-UAN-5230-7927,61,Odisha,Odisha,Agriculture,434,Semi-skilled,Ayushman Bharat,2025-11-08
MOCK-UAN-7813-7777,42,Uttar Pradesh,Uttar Pradesh,Gig Worker,1006,Highly-skilled,Ayushman Bharat,2025-04-23
MOCK-UAN-8358-3111,60,Maharashtra,Bihar,Construction,492,Semi-skilled,None,2025-04-24
MOCK-UAN-5202-7524,36,West Bengal,Uttar Pradesh,Construction,16259,Unskilled,None,2025-04-09
MOCK-UAN-9158-4289,26,West Bengal,West Bengal,Manufacturing,947,Highly-skilled,PM-SYM,2025-01-07
MOCK-UAN-7358-4022,23,Bihar,Gujarat,Manufacturing,410,Semi-skilled,None,2026-05-19
MOCK-UAN-9251-4096,-5,Tamil Nadu,Andhra Pradesh,Gig Worker,633,Skilled,Ayushman Bharat,2025-03-13
MOCK-UAN-4287-1924,43,Gujarat,Uttar Pradesh,Domestic Worker,208,Unskilled,eShram,2025-03-22
MOCK-UAN-6503-8190,19,Karnataka,Maharashtra,Domestic Worker,625,Skilled,PM-Kisan,2025-04-04
MOCK-UAN-2067-7716,51,West Bengal,Jharkhand,Agriculture,544,Skilled,PM-SYM,2025-02-08
MOCK-UAN-4828-1096,42,Andhra Pradesh,Karnataka,Domestic Worker,192,Unskilled,eShram,2026-04-21
MOCK-UAN-8805-7325,36,Odisha,Maharashtra,Manufacturing,619,Skilled,Ayushman Bharat,2026-06-28
MOCK-UAN-3509-8441,52,Tamil Nadu,Uttar Pradesh,Gig Worker,1124,Highly-skilled,Ayushman Bharat,2025-02-26
MOCK-UAN-1343-8073,37,Jharkhand,Karnataka,Domestic Worker,449,Semi-skilled,None,2025-01-21
MOCK-UAN-6782-4409,43,Gujarat,Gujarat,Manufacturing,941,Highly-skilled,None,2025-10-17
MOCK-UAN-6534-6341,60,Gujarat,Odisha,Gig Worker,554,Semi-skilled,eShram,2026-06-22
MOCK-UAN-6954-8591,53,Gujarat,Uttar Pradesh,Gig Worker,995,Highly-skilled,eShram,2025-05-27
MOCK-UAN-7752-1833,30,Maharashtra,Jharkhand,Manufacturing,945,Highly-skilled,eShram,2026-05-19
MOCK-UAN-3823-5478,65,Odisha,Odisha,Manufacturing,435,Semi-skilled,eShram,2025-11-10
MOCK-UAN-5025-3139,49,Tamil Nadu,Tamil Nadu,Domestic Worker,313,Unskilled,PM-SYM,2026-04-11
MOCK-UAN-2473-6133,40,Maharashtra,Maharashtra,Gig Worker,716,Skilled,PM-SYM,2025-09-21
MOCK-UAN-6169-8317,48,Tamil Nadu,Tamil Nadu,Agriculture,566,Skilled,PM-SYM,2026-04-14
MOCK-UAN-2940-9721,57,Gujarat,Odisha,Manufacturing,649,Skilled,eShram,2025-01-09
MOCK-UAN-3402-8289,24,Andhra Pradesh,Karnataka,Manufacturing,891,Highly-skilled,None,2025-03-08
MOCK-UAN-6937-8224,55,Odisha,Andhra Pradesh,Manufacturing,562,Skilled,Ayushman Bharat,2024-12-11
MOCK-UAN-2128-3903,26,Odisha,Gujarat,Gig Worker,426,Unskilled,eShram,2026-06-26
MOCK-UAN-2361-6811,56,Karnataka,Gujarat,Gig Worker,655,Skilled,Ayushman Bharat,2025-03-30
MOCK-UAN-9526-1384,49,Tamil Nadu,Tamil Nadu,Construction,501,Semi-skilled,Ayushman Bharat,2025-06-11
MOCK-UAN-8093-6529,20,Uttar Pradesh,Uttar Pradesh,Manufacturing,299,Unskilled,Ayushman Bharat,2026-06-19
MOCK-UAN-1314-5959,42,Maharashtra,Maharashtra,Manufacturing,954,Highly-skilled,PM-SYM,2026-08-27
MOCK-UAN-7146-6499,41,West Bengal,West Bengal,Manufacturing,923,Highly-skilled,Ayushman Bharat,2025-01-28
MOCK-UAN-5285-4160,49,Uttar Pradesh,West Bengal,Construction,648,Skilled,PM-Kisan,2026-04-08
MOCK-UAN-2219-3901,41,Bihar,Uttar Pradesh,Construction,390,Unskilled,PM-SYM,2024-09-28
MOCK-UAN-6589-2153,27,Odisha,Odisha,Manufacturing,669,Skilled,PM-SYM,2026-04-24
MOCK-UAN-2329-4040,23,Bihar,Uttar Pradesh,Gig Worker,427,Unskilled,PM-SYM,2025-10-16
MOCK-UAN-9672-4156,48,Maharashtra,Maharashtra,Manufacturing,450,Semi-skilled,None,2025-07-06
MOCK-UAN-2003-8250,29,West Bengal,Jharkhand,Gig Worker,634,Skilled,eShram,2026-03-24
MOCK-UAN-4102-3031,62,Bihar,Gujarat,Gig Worker,496,Semi-skilled,None,2026-06-27
MOCK-UAN-5861-7754,50,Uttar Pradesh,Tamil Nadu,Agriculture,434,Semi-skilled,PM-Kisan,2024-09-22
MOCK-UAN-5123-5611,28,Bihar,West Bengal,Agriculture,269,Unskilled,PM-Kisan,2025-04-24
MOCK-UAN-2445-6216,55,Tamil Nadu,Tamil Nadu,Domestic Worker,290,Unskilled,PM-Kisan,2025-06-10
MOCK-UAN-6227-8385,40,Karnataka,Uttar Pradesh,Manufacturing,602,Skilled,PM-Kisan,2025-03-28
MOCK-UAN-3794-1699,62,Tamil Nadu,West Bengal,Agriculture,926,Highly-skilled,None,2026-01-03
MOCK-UAN-3327-7317,44,Andhra Pradesh,Andhra Pradesh,Agriculture,896,Highly-skilled,eShram,2025-10-29
MOCK-UAN-8116-3830,27,Odisha,Odisha,Gig Worker,424,Unskilled,PM-SYM,2025-10-20
MOCK-UAN-5438-6526,30,Andhra Pradesh,Maharashtra,Agriculture,603,Skilled,eShram,2025-03-28
MOCK-UAN-9177-8091,45,Jharkhand,Andhra Pradesh,Agriculture,201,Unskilled,PM-SYM,2025-08-12
MOCK-UAN-5740-3317,33,West Bengal,West Bengal,Gig Worker,953,Highly-skilled,None,2024-09-28
MOCK-UAN-3598-6547,58,Uttar Pradesh,Uttar Pradesh,Manufacturing,292,Unskilled,PM-Kisan,2025-01-25
MOCK-UAN-6588-7117,62,Jharkhand,West Bengal,Construction,289,Unskilled,None,2025-09-28
MOCK-UAN-4431-6344,62,Maharashtra,Maharashtra,Agriculture,929,Highly-skilled,Ayushman Bharat,2026-04-06
MOCK-UAN-6424-4184,26,Tamil Nadu,Tamil Nadu,Domestic Worker,526,Semi-skilled,PM-Kisan,2026-06-01
MOCK-UAN-5081-9005,54,Karnataka,Karnataka,Agriculture,360,Unskilled,None,2025-02-13
MOCK-UAN-2332-9670,49,Karnataka,Karnataka,Agriculture,289,Unskilled,None,2025-10-18
MOCK-UAN-5525-3344,41,Andhra Pradesh,Uttar Pradesh,Construction,724,Skilled,Ayushman Bharat,2026-06-12
MOCK-UAN-3394-5468,38,Karnataka,Karnataka,Domestic Worker,457,Semi-skilled,eShram,2026-05-19
MOCK-UAN-5843-1992,65,Maharashtra,Odisha,Agriculture,433,Semi-skilled,None,2025-11-22
MOCK-UAN-1178-5885,34,Maharashtra,Andhra Pradesh,Construction,919,Highly-skilled,PM-SYM,2025-09-27
MOCK-UAN-3418-8318,58,Gujarat,West Bengal,Agriculture,284,Unskilled,Ayushman Bharat,2025-12-25
MOCK-UAN-8427-5665,28,Odisha,Andhra Pradesh,Construction,330,Unskilled,Ayushman Bharat,2026-04-03
MOCK-UAN-3322-6165,64,Gujarat,Karnataka,Agriculture,908,Highly-skilled,eShram,2025-08-15
MOCK-UAN-1565-5635,38,Odisha,Odisha,Construction,358,Unskilled,eShram,2026-04-05
MOCK-UAN-2675-9565,28,Maharashtra,Gujarat,Agriculture,600,Skilled,PM-SYM,2025-11-11
MOCK-UAN-2139-9068,43,West Bengal,Gujarat,Manufacturing,471,Semi-skilled,PM-Kisan,2024-12-15
MOCK-UAN-8348-3606,25,Uttar Pradesh,Andhra Pradesh,Domestic Worker,359,Unskilled,PM-SYM,2026-07-05
MOCK-UAN-4694-8842,20,Andhra Pradesh,Uttar Pradesh,Gig Worker,597,Semi-skilled,PM-Kisan,2025-08-08
MOCK-UAN-7484-1315,50,Uttar Pradesh,Karnataka,Domestic Worker,225,Unskilled,PM-SYM,2025-04-07
MOCK-UAN-4421-4760,55,Karnataka,Bihar,Domestic Worker,472,Skilled,PM-Kisan,2025-03-02
MOCK-UAN-3494-9785,18,Odisha,West Bengal,Agriculture,946,Highly-skilled,eShram,2025-04-09
MOCK-UAN-5198-6480,30,Tamil Nadu,Tamil Nadu,Manufacturing,231,Unskilled,Ayushman Bharat,2025-04-06
MOCK-UAN-2846-1682,42,Bihar,Bihar,Gig Worker,538,Semi-skilled,PM-Kisan,2025-07-17
MOCK-UAN-4511-5970,41,Karnataka,Maharashtra,Domestic Worker,541,Skilled,eShram,2026-04-27
MOCK-UAN-3964-6471,31,Karnataka,Karnataka,Manufacturing,509,Skilled,None,2025-10-20
MOCK-UAN-3707-9055,48,West Bengal,Maharashtra,Construction,377,Unskilled,PM-SYM,2024-10-16
MOCK-UAN-1183-5493,18,Uttar Pradesh,Jharkhand,Construction,387,Unskilled,Ayushman Bharat,2025-04-23
MOCK-UAN-7933-7108,22,Uttar Pradesh,Andhra Pradesh,Agriculture,271,Unskilled,PM-SYM,2025-04-04
MOCK-UAN-1497-8807,29,Andhra Pradesh,Uttar Pradesh,Manufacturing,470,Skilled,Ayushman Bharat,2024-10-08
MOCK-UAN-8859-2036,64,Jharkhand,Karnataka,Manufacturing,272,Unskilled,PM-SYM,2026-02-06
MOCK-UAN-8630-7757,29,Andhra Pradesh,Bihar,Construction,669,Skilled,Ayushman Bharat,2026-01-18
MOCK-UAN-5379-1399,60,Uttar Pradesh,Uttar Pradesh,Gig Worker,476,Semi-skilled,None,2024-09-16
MOCK-UAN-1722-8132,53,Karnataka,Karnataka,Construction,659,Skilled,Ayushman Bharat,2024-12-14
MOCK-UAN-8475-8741,52,Jharkhand,Gujarat,Domestic Worker,449,Semi-skilled,Ayushman Bharat,2026-07-01
MOCK-UAN-3850-7582,41,Karnataka,Karnataka,Agriculture,478,Semi-skilled,None,2026-08-07
MOCK-UAN-6903-8073,23,Odisha,Jharkhand,Agriculture,605,Skilled,None,2025-12-20
MOCK-UAN-3691-1700,39,West Bengal,West Bengal,Gig Worker,651,Skilled,PM-Kisan,2026-06-24
MOCK-UAN-3612-3285,31,Gujarat,Karnataka,Construction,409,Unskilled,PM-Kisan,2024-12-30
MOCK-UAN-5173-3698,65,Maharashtra,Maharashtra,Agriculture,892,Highly-skilled,PM-SYM,2025-08-14
MOCK-UAN-7116-9985,43,West Bengal,West Bengal,Manufacturing,448,Semi-skilled,PM-Kisan,2025-09-09
MOCK-UAN-2743-4699,58,Karnataka,Maharashtra,Construction,303,Unskilled,None,2025-02-09
MOCK-UAN-6022-4962,43,Uttar Pradesh,Uttar Pradesh,Domestic Worker,277,Unskilled,eShram,2025-04-07
MOCK-UAN-4042-2168,22,Uttar Pradesh,Bihar,Manufacturing,555,Skilled,None,2024-09-25
MOCK-UAN-5918-6622,42,Tamil Nadu,Karnataka,Domestic Worker,891,Highly-skilled,PM-Kisan,2025-04-16
MOCK-UAN-6236-6758,19,Uttar Pradesh,Uttar Pradesh,Manufacturing,385,Unskilled,None,2026-08-21
MOCK-UAN-6751-9033,19,Gujarat,West Bengal,Construction,881,Highly-skilled,Ayushman Bharat,2026-06-27
MOCK-UAN-2540-8449,42,Tamil Nadu,West Bengal,Construction,569,Skilled,Ayushman Bharat,2026-04-03
MOCK-UAN-8392-4548,57,Gujarat,Jharkhand,Domestic Worker,373,Unskilled,PM-Kisan,2026-05-09
MOCK-UAN-7359-9776,59,Andhra Pradesh,Jharkhand,Domestic Worker,889,Highly-skilled,eShram,2025-12-21
MOCK-UAN-3666-1652,36,Odisha,Bihar,Gig Worker,366,Unskilled,eShram,2026-01-21
MOCK-UAN-1093-7345,65,Jharkhand,Jharkhand,Construction,701,Skilled,eShram,2025-05-01
MOCK-UAN-9083-4747,63,Karnataka,Karnataka,Construction,319,Unskilled,eShram,2026-05-16
MOCK-UAN-7007-8044,19,West Bengal,West Bengal,Agriculture,391,Unskilled,None,2025-06-23
MOCK-UAN-7918-2096,22,Bihar,Gujarat,Manufacturing,933,Highly-skilled,PM-Kisan,2025-05-22
MOCK-UAN-3253-2982,19,Jharkhand,Maharashtra,Gig Worker,975,Highly-skilled,PM-Kisan,2025-10-02
MOCK-UAN-8829-2094,60,Jharkhand,Bihar,Domestic Worker,407,Unskilled,eShram,2026-06-23
MOCK-UAN-7401-1183,41,Andhra Pradesh,Bihar,Construction,619,Skilled,PM-Kisan,2026-05-08
MOCK-UAN-8870-4498,30,Karnataka,Maharashtra,Construction,537,Semi-skilled,None,2026-04-04
MOCK-UAN-9870-2161,27,Jharkhand,Jharkhand,Gig Worker,414,Unskilled,None,2026-02-22
MOCK-UAN-2189-3698,33,Gujarat,Gujarat,Agriculture,515,Semi-skilled,Ayushman Bharat,2025-04-28
MOCK-UAN-6250-7465,19,Maharashtra,Maharashtra,Agriculture,978,Highly-skilled,None,2026-05-28
MOCK-UAN-4681-3086,48,Odisha,Odisha,Domestic Worker,901,Highly-skilled,eShram,2025-05-20
MOCK-UAN-5712-9145,22,Gujarat,Karnataka,Construction,312,Unskilled,eShram,2025-05-09
MOCK-UAN-8610-6594,37,West Bengal,West Bengal,Agriculture,922,Highly-skilled,PM-Kisan,2026-01-27
MOCK-UAN-3248-8689,39,Bihar,Bihar,Agriculture,266,Unskilled,Ayushman Bharat,2026-06-21
MOCK-UAN-5444-5734,56,West Bengal,Tamil Nadu,Gig Worker,650,Semi-skilled,Ayushman Bharat,2025-06-22
MOCK-UAN-7742-5563,34,Odisha,Maharashtra,Domestic Worker,456,Semi-skilled,Ayushman Bharat,2025-03-28
MOCK-UAN-6922-9892,53,Tamil Nadu,West Bengal,Domestic Worker,431,Semi-skilled,PM-SYM,2025-07-10
MOCK-UAN-4370-6527,29,Karnataka,Gujarat,Manufacturing,609,Skilled,PM-Kisan,2025-12-29
MOCK-UAN-3397-5173,56,Bihar,Karnataka,Domestic Worker,832,Highly-skilled,PM-SYM,2025-05-15
MOCK-UAN-5539-9374,54,Gujarat,Andhra Pradesh,Manufacturing,851,Highly-skilled,PM-Kisan,2025-01-03
MOCK-UAN-7338-6130,25,Jharkhand,Gujarat,Construction,410,Unskilled,PM-SYM,2025-04-26
MOCK-UAN-2571-7934,31,Andhra Pradesh,Andhra Pradesh,Domestic Worker,267,Unskilled,PM-SYM,2025-01-07
MOCK-UAN-5541-5656,45,Maharashtra,Tamil Nadu,Domestic Worker,547,Skilled,eShram,2025-04-06
MOCK-UAN-7279-4328,52,Odisha,Jharkhand,Construction,676,Skilled,None,2025-04-08
MOCK-UAN-8528-3713,29,Maharashtra,Andhra Pradesh,Gig Worker,759,Skilled,None,2026-05-01
MOCK-UAN-7335-8309,31,Maharashtra,Bihar,Manufacturing,4,Highly-skilled,None,2025-02-15
MOCK-UAN-7299-7228,19,West Bengal,West Bengal,Gig Worker,1049,Highly-skilled,None,2026-03-05
MOCK-UAN-1339-9176,50,Odisha,Karnataka,Domestic Worker,412,Semi-skilled,Ayushman Bharat,2025-02-09
MOCK-UAN-7187-3758,43,Maharashtra,Gujarat,Manufacturing,528,Skilled,eShram,2025-07-09
MOCK-UAN-7216-8695,19,Odisha,Bihar,Manufacturing,375,Unskilled,None,2026-04-23
MOCK-UAN-7241-1335,17,Gujarat,Gujarat,Manufacturing,2500,Highly-skilled,None,2025-06-03
MOCK-UAN-5409-7006,34,Karnataka,Maharashtra,Domestic Worker,437,Semi-skilled,PM-SYM,2025-10-10
MOCK-UAN-4745-2474,63,Jharkhand,Odisha,Construction,716,Skilled,PM-SYM,2026-03-06
MOCK-UAN-8423-3441,36,Jharkhand,Jharkhand,Agriculture,477,Semi-skilled,eShram,2025-11-08
MOCK-UAN-9528-2094,32,Bihar,Bihar,Domestic Worker,472,Semi-skilled,Ayushman Bharat,2026-03-30
MOCK-UAN-7934-3751,18,Andhra Pradesh,Andhra Pradesh,Gig Worker,2500,Highly-skilled,PM-SYM,2024-12-27
MOCK-UAN-3928-9748,25,Karnataka,Tamil Nadu,Gig Worker,517,Semi-skilled,PM-Kisan,2025-03-25
MOCK-UAN-1143-6332,28,Uttar Pradesh,Andhra Pradesh,Domestic Worker,346,Unskilled,None,2025-04-28
MOCK-UAN-3167-4963,56,Tamil Nadu,Uttar Pradesh,Manufacturing,452,Semi-skilled,None,2025-03-13
MOCK-UAN-5066-3655,58,Odisha,Odisha,Construction,963,Highly-skilled,eShram,2024-09-15
MOCK-UAN-9665-9027,61,Gujarat,Karnataka,Domestic Worker,976,Highly-skilled,PM-Kisan,2025-09-12
MOCK-UAN-7638-5119,51,Gujarat,West Bengal,Gig Worker,425,Unskilled,eShram,2024-11-29
MOCK-UAN-7021-5889,25,Odisha,Odisha,Manufacturing,926,Highly-skilled,Ayushman Bharat,2025-04-25
MOCK-UAN-1262-4531,45,Jharkhand,Maharashtra,Agriculture,953,Highly-skilled,eShram,2026-05-09
MOCK-UAN-8975-7541,47,Karnataka,Maharashtra,Manufacturing,431,Semi-skilled,None,2024-11-06
MOCK-UAN-3384-2659,36,Tamil Nadu,West Bengal,Manufacturing,858,Highly-skilled,PM-SYM,2026-05-20
MOCK-UAN-9397-8816,20,Karnataka,Tamil Nadu,Gig Worker,647,Skilled,PM-Kisan,2026-04-24
MOCK-UAN-5417-1981,19,West Bengal,Odisha,Agriculture,201,Unskilled,None,2025-11-02
MOCK-UAN-8541-6684,57,Tamil Nadu,Andhra Pradesh,Domestic Worker,402,Unskilled,None,2026-01-27
MOCK-UAN-9420-1592,60,West Bengal,West Bengal,Domestic Worker,244,Unskilled,eShram,2025-10-06
MOCK-UAN-8206-5376,27,Jharkhand,Jharkhand,Gig Worker,388,Unskilled,PM-Kisan,2025-10-13
MOCK-UAN-4608-1686,20,Uttar Pradesh,Jharkhand,Gig Worker,986,Highly-skilled,PM-Kisan,2025-04-01
MOCK-UAN-3484-7994,53,Odisha,Maharashtra,Construction,365,Unskilled,eShram,2024-10-23
MOCK-UAN-8907-2082,32,Karnataka,Karnataka,Gig Worker,1040,Highly-skilled,PM-SYM,2024-12-05
MOCK-UAN-6615-7096,48,Uttar Pradesh,Odisha,Agriculture,643,Skilled,PM-Kisan,2025-02-21
MOCK-UAN-9520-5570,56,Maharashtra,Andhra Pradesh,Manufacturing,870,Highly-skilled,Ayushman Bharat,2025-08-17
MOCK-UAN-5924-9173,64,Gujarat,Uttar Pradesh,Agriculture,291,Unskilled,eShram,2026-04-06
MOCK-UAN-4587-5075,47,Jharkhand,Jharkhand,Domestic Worker,614,Skilled,None,2025-10-29
MOCK-UAN-6426-5900,23,Maharashtra,West Bengal,Construction,637,Skilled,PM-SYM,2025-12-05
MOCK-UAN-8080-3523,44,Karnataka,Karnataka,Agriculture,680,Skilled,PM-SYM,2025-07-27
MOCK-UAN-9058-7493,55,Maharashtra,Uttar Pradesh,Agriculture,474,Semi-skilled,PM-Kisan,2025-03-02
MOCK-UAN-6359-7174,23,Bihar,Andhra Pradesh,Gig Worker,1036,Highly-skilled,None,2024-12-18
MOCK-UAN-3488-1841,18,Karnataka,Jharkhand,Agriculture,633,Skilled,Ayushman Bharat,2026-07-29
MOCK-UAN-1662-3706,37,Tamil Nadu,Bihar,Construction,408,Unskilled,eShram,2025-03-08
MOCK-UAN-9034-2761,35,Odisha,West Bengal,Construction,659,Skilled,eShram,2024-11-20
MOCK-UAN-5259-3578,59,West Bengal,Maharashtra,Agriculture,235,Unskilled,None,2025-08-27
MOCK-UAN-8744-8413,40,West Bengal,Gujarat,Manufacturing,469,Semi-skilled,Ayushman Bharat,2026-07-29
MOCK-UAN-4943-8557,27,Jharkhand,Andhra Pradesh,Domestic Worker,267,Unskilled,eShram,2025-01-03
MOCK-UAN-3066-3446,64,Bihar,Gujarat,Agriculture,423,Semi-skilled,None,2025-12-04
MOCK-UAN-5956-4436,48,Andhra Pradesh,Karnataka,Gig Worker,729,Skilled,PM-SYM,2025-05-06
MOCK-UAN-9152-8594,60,Gujarat,Gujarat,Agriculture,961,Highly-skilled,eShram,2025-08-15
MOCK-UAN-7919-6157,54,Jharkhand,Maharashtra,Agriculture,901,Highly-skilled,PM-SYM,2026-01-26
MOCK-UAN-6481-3427,20,Jharkhand,West Bengal,Agriculture,465,Semi-skilled,eShram,2026-06-12
MOCK-UAN-6619-7111,39,Andhra Pradesh,Odisha,Gig Worker,635,Semi-skilled,eShram,2025-08-21
MOCK-UAN-9273-5480,51,Gujarat,Gujarat,Domestic Worker,462,Semi-skilled,None,2024-10-25
MOCK-UAN-9964-5754,52,Karnataka,Tamil Nadu,Construction,1080,Highly-skilled,PM-Kisan,2026-06-19
MOCK-UAN-2028-8774,44,Karnataka,Karnataka,Domestic Worker,478,Semi-skilled,Ayushman Bharat,2026-05-13
MOCK-UAN-5336-5919,-1,Andhra Pradesh,Andhra Pradesh,Domestic Worker,511,Skilled,None,2026-04-08
MOCK-UAN-8360-4915,43,Andhra Pradesh,Jharkhand,Agriculture,937,Highly-skilled,PM-SYM,2026-02-10
MOCK-UAN-6016-1838,49,Odisha,West Bengal,Agriculture,319,Unskilled,eShram,2025-10-18
MOCK-UAN-6383-3903,52,Maharashtra,Karnataka,Construction,714,Skilled,eShram,2026-06-24
MOCK-UAN-5230-3769,60,Uttar Pradesh,Uttar Pradesh,Manufacturing,483,Semi-skilled,None,2025-04-11
MOCK-UAN-6921-2599,36,Uttar Pradesh,Uttar Pradesh,Domestic Worker,293,Unskilled,PM-SYM,2025-02-21
MOCK-UAN-1054-4924,22,Uttar Pradesh,Uttar Pradesh,Construction,888,Highly-skilled,Ayushman Bharat,2025-01-17
MOCK-UAN-9758-8623,50,Bihar,Tamil Nadu,Construction,639,Skilled,PM-SYM,2026-06-09
MOCK-UAN-1298-2415,22,Jharkhand,Maharashtra,Domestic Worker,407,Semi-skilled,None,2026-06-23
MOCK-UAN-6573-7377,45,Bihar,Bihar,Manufacturing,420,Semi-skilled,eShram,2025-03-28
MOCK-UAN-8920-2096,65,Maharashtra,Maharashtra,Manufacturing,929,Highly-skilled,None,2025-08-10
MOCK-UAN-4262-1687,20,Karnataka,Tamil Nadu,Construction,733,Skilled,Ayushman Bharat,2025-11-14
MOCK-UAN-1121-6163,47,Bihar,Jharkhand,Domestic Worker,319,Unskilled,PM-Kisan,2025-02-01
MOCK-UAN-6582-2962,57,Andhra Pradesh,Andhra Pradesh,Agriculture,390,Semi-skilled,Ayushman Bharat,2026-03-18
MOCK-UAN-5807-1637,24,Andhra Pradesh,Andhra Pradesh,Gig Worker,722,Skilled,None,2025-02-18
MOCK-UAN-7750-2218,51,Tamil Nadu,Uttar Pradesh,Agriculture,959,Highly-skilled,PM-SYM,2024-10-11
MOCK-UAN-6369-4027,63,Bihar,Bihar,Domestic Worker,269,Unskilled,Ayushman Bharat,2025-05-11
MOCK-UAN-3027-3992,54,Maharashtra,Bihar,Gig Worker,393,Unskilled,Ayushman Bharat,2025-07-30
MOCK-UAN-9868-2305,63,West Bengal,West Bengal,Domestic Worker,600,Skilled,PM-Kisan,2026-07-20
MOCK-UAN-7613-1667,37,Gujarat,Tamil Nadu,Agriculture,260,Unskilled,eShram,2026-04-16
MOCK-UAN-1696-8687,41,Gujarat,Uttar Pradesh,Gig Worker,582,Semi-skilled,PM-SYM,2026-06-26
MOCK-UAN-1275-8705,31,Jharkhand,Odisha,Gig Worker,993,Highly-skilled,PM-SYM,2026-08-13
MOCK-UAN-5477-4072,49,West Bengal,Gujarat,Gig Worker,1020,Highly-skilled,eShram,2026-03-09
MOCK-UAN-3231-7627,55,Gujarat,Gujarat,Agriculture,555,Skilled,eShram,2026-06-08
MOCK-UAN-3042-7884,34,Odisha,Bihar,Manufacturing,428,Semi-skilled,Ayushman Bharat,2026-06-19
MOCK-UAN-2965-5076,26,Andhra Pradesh,Uttar Pradesh,Construction,386,Unskilled,None,2025-01-29
MOCK-UAN-5530-2845,54,Andhra Pradesh,Andhra Pradesh,Construction,331,Unskilled,None,2025-01-02
MOCK-UAN-8324-3365,27,Bihar,Bihar,Agriculture,986,Highly-skilled,None,2026-07-22
MOCK-UAN-5506-8264,60,Maharashtra,Maharashtra,Gig Worker,530,Semi-skilled,None,2026-05-16
MOCK-UAN-5487-8167,21,Uttar Pradesh,West Bengal,Gig Worker,411,Unskilled,PM-SYM,2025-12-28
MOCK-UAN-4339-7773,25,Uttar Pradesh,Tamil Nadu,Gig Worker,1046,Highly-skilled,PM-SYM,2026-01-12
MOCK-UAN-9676-2069,55,Karnataka,Maharashtra,Manufacturing,379,Semi-skilled,Ayushman Bharat,2026-01-16
MOCK-UAN-5417-3628,48,Maharashtra,Jharkhand,Construction,411,Semi-skilled,None,2025-10-13
MOCK-UAN-9350-3370,25,Uttar Pradesh,Uttar Pradesh,Domestic Worker,523,Skilled,PM-SYM,2025-06-20
MOCK-UAN-9462-6082,65,Gujarat,Bihar,Gig Worker,763,Skilled,Ayushman Bharat,2025-05-23
MOCK-UAN-9682-3997,58,Karnataka,Karnataka,Construction,472,Semi-skilled,PM-SYM,2025-08-16
MOCK-UAN-7876-6591,18,Karnataka,Bihar,Agriculture,1027,Highly-skilled,Ayushman Bharat,2026-08-28
MOCK-UAN-4268-7585,60,Odisha,Tamil Nadu,Construction,921,Highly-skilled,None,2026-05-02
MOCK-UAN-6507-6847,48,Maharashtra,West Bengal,Gig Worker,1009,Highly-skilled,PM-Kisan,2024-10-01
MOCK-UAN-2690-3244,32,Gujarat,Gujarat,Gig Worker,1077,Highly-skilled,None,2026-03-16
MOCK-UAN-2189-2681,61,West Bengal,Jharkhand,Gig Worker,650,Semi-skilled,eShram,2025-04-19
MOCK-UAN-7703-2970,35,Odisha,Odisha,Gig Worker,503,Unskilled,Ayushman Bharat,2025-05-15
MOCK-UAN-2532-5101,56,West Bengal,West Bengal,Gig Worker,460,Unskilled,None,2026-08-21
MOCK-UAN-3736-1104,49,Maharashtra,Maharashtra,Agriculture,351,Unskilled,PM-SYM,2026-02-12
MOCK-UAN-5549-1001,45,Tamil Nadu,Tamil Nadu,Manufacturing,479,Semi-skilled,PM-SYM,2024-12-23
MOCK-UAN-1349-5509,30,Jharkhand,Jharkhand,Gig Worker,438,Unskilled,eShram,2025-04-03
MOCK-UAN-4238-3172,36,Karnataka,West Bengal,Gig Worker,522,Semi-skilled,PM-SYM,2025-01-13
MOCK-UAN-4345-7007,58,Uttar Pradesh,Uttar Pradesh,Manufacturing,409,Semi-skilled,PM-SYM,2025-02-24
MOCK-UAN-1124-3807,41,Andhra Pradesh,Karnataka,Construction,349,Unskilled,eShram,2025-04-14
MOCK-UAN-4756-3722,35,West Bengal,West Bengal,Domestic Worker,591,Skilled,None,2025-02-23
MOCK-UAN-9730-4532,15,Gujarat,West Bengal,Agriculture,2500,Highly-skilled,Ayushman Bharat,2026-05-28
MOCK-UAN-1328-4215,17,Uttar Pradesh,Odisha,Manufacturing,2500,Highly-skilled,PM-Kisan,2025-01-11
MOCK-UAN-3077-1881,32,West Bengal,West Bengal,Construction,997,Highly-skilled,None,2026-07-12
MOCK-UAN-3215-1865,-4,Jharkhand,Uttar Pradesh,Gig Worker,554,Semi-skilled,PM-SYM,2026-02-17
MOCK-UAN-9907-2215,33,West Bengal,Tamil Nadu,Domestic Worker,373,Unskilled,Ayushman Bharat,2025-06-09
MOCK-UAN-3231-3921,-4,Gujarat,Maharashtra,Gig Worker,492,Semi-skilled,PM-SYM,2025-04-14
MOCK-UAN-9957-2313,65,Tamil Nadu,Uttar Pradesh,Agriculture,290,Unskilled,PM-SYM,2024-09-26
MOCK-UAN-1396-1497,23,Tamil Nadu,Bihar,Construction,464,Semi-skilled,None,2024-12-24
MOCK-UAN-9831-7087,21,Odisha,Jharkhand,Agriculture,506,Skilled,None,2025-05-09
MOCK-UAN-3609-2393,52,Jharkhand,Jharkhand,Domestic Worker,895,Highly-skilled,Ayushman Bharat,2026-01-30
MOCK-UAN-2255-3467,29,Uttar Pradesh,Andhra Pradesh,Agriculture,893,Highly-skilled,None,2024-10-26
MOCK-UAN-8656-1430,20,Odisha,Uttar Pradesh,Gig Worker,1075,Highly-skilled,Ayushman Bharat,2026-06-28
MOCK-UAN-6922-9452,35,West Bengal,Gujarat,Domestic Worker,331,Unskilled,eShram,2025-06-08
MOCK-UAN-6269-7054,60,Andhra Pradesh,Maharashtra,Domestic Worker,848,Highly-skilled,PM-SYM,2026-04-03
MOCK-UAN-8696-1868,44,Maharashtra,Odisha,Manufacturing,692,Skilled,PM-SYM,2026-06-16
MOCK-UAN-9615-4027,26,Bihar,Andhra Pradesh,Construction,1011,Highly-skilled,Ayushman Bharat,2026-05-21
MOCK-UAN-5237-3907,53,Karnataka,Maharashtra,Domestic Worker,479,Semi-skilled,None,2025-03-26
MOCK-UAN-2051-7548,-2,Maharashtra,Bihar,Gig Worker,988,Highly-skilled,PM-Kisan,2026-08-10
MOCK-UAN-3799-9547,54,Uttar Pradesh,Jharkhand,Construction,452,Semi-skilled,None,2025-01-26
MOCK-UAN-9656-8059,31,Bihar,Tamil Nadu,Construction,931,Highly-skilled,PM-SYM,2025-10-19
MOCK-UAN-7387-3566,40,Tamil Nadu,Tamil Nadu,Construction,18112,Semi-skilled,None,2025-05-07
MOCK-UAN-7046-6569,52,Jharkhand,Andhra Pradesh,Construction,1044,Highly-skilled,None,2025-07-27
MOCK-UAN-5584-5761,50,Odisha,Odisha,Domestic Worker,377,Unskilled,eShram,2025-01-04
MOCK-UAN-9207-9499,29,Uttar Pradesh,Jharkhand,Manufacturing,275,Unskilled,Ayushman Bharat,2024-10-23
MOCK-UAN-1942-5773,33,Maharashtra,Maharashtra,Gig Worker,644,Skilled,eShram,2026-03-07
MOCK-UAN-6162-3001,43,Maharashtra,Maharashtra,Construction,357,Unskilled,PM-SYM,2026-09-13
MOCK-UAN-9621-8642,64,Bihar,Uttar Pradesh,Gig Worker,311,Unskilled,eShram,2026-02-01
MOCK-UAN-7635-6292,32,Andhra Pradesh,Andhra Pradesh,Construction,366,Unskilled,PM-SYM,2026-06-03
MOCK-UAN-9137-6364,42,Bihar,Odisha,Manufacturing,292,Unskilled,PM-SYM,2025-03-23
MOCK-UAN-1435-1481,55,Bihar,Karnataka,Construction,476,Semi-skilled,PM-Kisan,2026-03-05
MOCK-UAN-5004-7181,39,Karnataka,Karnataka,Manufacturing,520,Skilled,Ayushman Bharat,2025-04-20
MOCK-UAN-4501-7418,41,Odisha,Odisha,Gig Worker,425,Unskilled,PM-SYM,2025-07-30
MOCK-UAN-3018-9617,58,Odisha,West Bengal,Agriculture,423,Semi-skilled,eShram,2025-10-26
MOCK-UAN-6618-1432,55,Jharkhand,Jharkhand,Manufacturing,391,Semi-skilled,eShram,2025-02-23
MOCK-UAN-9287-3422,22,Maharashtra,Gujarat,Agriculture,756,Highly-skilled,PM-SYM,2024-12-18
MOCK-UAN-1597-5816,26,West Bengal,Andhra Pradesh,Agriculture,298,Unskilled,Ayushman Bharat,2025-05-16
MOCK-UAN-7479-8023,45,Andhra Pradesh,Jharkhand,Construction,588,Semi-skilled,None,2024-10-03
MOCK-UAN-4161-1907,51,Maharashtra,Karnataka,Domestic Worker,383,Unskilled,PM-SYM,2025-04-11
MOCK-UAN-4487-2637,29,Maharashtra,Gujarat,Agriculture,277,Unskilled,None,2026-02-18
MOCK-UAN-8147-2782,49,Karnataka,Odisha,Gig Worker,519,Semi-skilled,PM-Kisan,2025-06-12
MOCK-UAN-1660-2897,33,Uttar Pradesh,Uttar Pradesh,Construction,973,Highly-skilled,eShram,2025-08-31
MOCK-UAN-8813-9660,26,Gujarat,Maharashtra,Agriculture,250,Unskilled,PM-SYM,2024-12-28
MOCK-UAN-8397-1295,56,Andhra Pradesh,Jharkhand,Agriculture,615,Skilled,PM-Kisan,2025-03-20
MOCK-UAN-8423-5181,55,Jharkhand,Karnataka,Domestic Worker,938,Highly-skilled,Ayushman Bharat,2026-04-03
MOCK-UAN-8474-2468,51,Uttar Pradesh,Gujarat,Domestic Worker,961,Highly-skilled,PM-Kisan,2026-05-01
MOCK-UAN-9199-6072,54,Odisha,Odisha,Gig Worker,544,Semi-skilled,eShram,2026-05-25
MOCK-UAN-3314-8043,43,Odisha,Andhra Pradesh,Manufacturing,289,Unskilled,PM-Kisan,2026-05-25
MOCK-UAN-7843-1500,59,Karnataka,Maharashtra,Agriculture,406,Semi-skilled,PM-Kisan,2026-05-29
MOCK-UAN-6927-4997,51,Jharkhand,Jharkhand,Domestic Worker,258,Unskilled,Ayushman Bharat,2024-09-18
MOCK-UAN-7676-2930,27,Odisha,Odisha,Agriculture,288,Unskilled,PM-Kisan,2025-02-12
MOCK-UAN-6877-9921,61,Jharkhand,Tamil Nadu,Construction,968,Highly-skilled,PM-Kisan,2025-10-07
MOCK-UAN-2192-4549,18,West Bengal,Gujarat,Construction,545,Semi-skilled,eShram,2026-03-10
MOCK-UAN-6518-2969,34,Maharashtra,Maharashtra,Manufacturing,409,Semi-skilled,eShram,2026-05-09
MOCK-UAN-6091-9339,35,Andhra Pradesh,Andhra Pradesh,Gig Worker,1074,Highly-skilled,eShram,2025-06-13
MOCK-UAN-7378-2025,21,Bihar,Bihar,Manufacturing,436,Semi-skilled,PM-SYM,2024-12-07
MOCK-UAN-6486-1417,21,Bihar,Andhra Pradesh,Domestic Worker,598,Skilled,PM-SYM,2025-07-12
MOCK-UAN-2198-6265,21,Karnataka,Jharkhand,Domestic Worker,412,Semi-skilled,PM-Kisan,2025-12-12
MOCK-UAN-3353-1824,64,Tamil Nadu,Uttar Pradesh,Agriculture,178,Unskilled,None,2025-12-10
MOCK-UAN-5612-7401,28,Andhra Pradesh,Andhra Pradesh,Manufacturing,494,Semi-skilled,None,2025-11-10
MOCK-UAN-3247-6645,19,West Bengal,West Bengal,Manufacturing,936,Highly-skilled,None,2024-11-02
MOCK-UAN-2094-5317,19,Gujarat,Gujarat,Domestic Worker,585,Skilled,PM-SYM,2025-04-03
MOCK-UAN-3173-6147,40,Jharkhand,Karnataka,Construction,953,Highly-skilled,PM-Kisan,2024-12-05
MOCK-UAN-4357-3691,61,Bihar,Maharashtra,Construction,975,Highly-skilled,PM-SYM,2025-04-27
MOCK-UAN-4898-9409,60,Tamil Nadu,West Bengal,Domestic Worker,521,Skilled,None,2025-04-22
MOCK-UAN-9932-5861,37,Uttar Pradesh,Jharkhand,Domestic Worker,573,Skilled,PM-SYM,2025-02-06
MOCK-UAN-5817-9360,20,Bihar,Tamil Nadu,Construction,539,Semi-skilled,None,2025-04-12
MOCK-UAN-2664-7526,48,West Bengal,Jharkhand,Manufacturing,837,Highly-skilled,PM-Kisan,2025-03-08
MOCK-UAN-2231-1229,28,Bihar,Bihar,Domestic Worker,464,Semi-skilled,PM-SYM,2025-04-19
MOCK-UAN-9947-6572,65,Karnataka,Karnataka,Domestic Worker,832,Highly-skilled,eShram,2025-11-25
MOCK-UAN-4795-9836,33,Bihar,Bihar,Gig Worker,723,Skilled,None,2024-10-14
MOCK-UAN-8366-1375,49,Odisha,Gujarat,Manufacturing,298,Unskilled,None,2026-01-17
MOCK-UAN-7597-9134,33,Gujarat,Jharkhand,Construction,569,Skilled,PM-SYM,2025-10-05
MOCK-UAN-2382-3800,29,Maharashtra,Maharashtra,Agriculture,508,Semi-skilled,PM-SYM,2025-10-22
MOCK-UAN-6997-1243,39,West Bengal,West Bengal,Construction,613,Skilled,None,2026-06-21
MOCK-UAN-3854-2191,-2,Jharkhand,Karnataka,Manufacturing,259,Unskilled,PM-Kisan,2026-05-12
MOCK-UAN-5399-4853,45,Odisha,Odisha,Agriculture,310,Unskilled,eShram,2025-01-22
MOCK-UAN-1619-6421,20,Odisha,Odisha,Gig Worker,1057,Highly-skilled,PM-Kisan,2026-08-24
MOCK-UAN-5781-3129,37,Odisha,West Bengal,Domestic Worker,249,Unskilled,PM-SYM,2025-07-02
MOCK-UAN-9940-9315,47,Andhra Pradesh,Andhra Pradesh,Manufacturing,303,Unskilled,Ayushman Bharat,2025-03-17
MOCK-UAN-9912-7580,46,Gujarat,Odisha,Gig Worker,421,Unskilled,PM-Kisan,2025-12-21
MOCK-UAN-2277-2040,64,Karnataka,Odisha,Manufacturing,934,Highly-skilled,PM-Kisan,2025-02-15
MOCK-UAN-8151-9287,49,Jharkhand,Jharkhand,Gig Worker,708,Skilled,PM-Kisan,2026-06-18
MOCK-UAN-6214-9591,18,Gujarat,Gujarat,Gig Worker,681,Skilled,PM-SYM,2026-08-28
MOCK-UAN-1489-6904,42,Gujarat,Gujarat,Agriculture,858,Highly-skilled,PM-Kisan,2026-04-09
MOCK-UAN-9876-3882,65,Tamil Nadu,Tamil Nadu,Agriculture,604,Skilled,eShram,2026-03-05
MOCK-UAN-7456-4213,26,Tamil Nadu,Tamil Nadu,Domestic Worker,546,Skilled,eShram,2026-06-30
MOCK-UAN-3180-9727,65,Odisha,Odisha,Manufacturing,303,Semi-skilled,eShram,2026-03-28
MOCK-UAN-2689-6573,43,Jharkhand,Gujarat,Gig Worker,721,Skilled,None,2025-03-16
MOCK-UAN-6625-7374,28,Odisha,Maharashtra,Gig Worker,745,Skilled,PM-Kisan,2026-05-30
MOCK-UAN-7062-2674,32,West Bengal,Gujarat,Agriculture,481,Skilled,PM-SYM,2026-07-08
MOCK-UAN-5306-7328,53,Tamil Nadu,Gujarat,Manufacturing,5,Skilled,Ayushman Bharat,2025-06-20
MOCK-UAN-2965-9393,-1,Bihar,Bihar,Construction,980,Highly-skilled,PM-Kisan,2026-06-27
MOCK-UAN-6465-4866,35,Andhra Pradesh,Gujarat,Gig Worker,1102,Highly-skilled,Ayushman Bharat,2024-12-14
MOCK-UAN-8433-2761,38,Tamil Nadu,Maharashtra,Gig Worker,701,Skilled,PM-Kisan,2025-04-22
MOCK-UAN-8796-9593,24,Maharashtra,Maharashtra,Manufacturing,563,Skilled,PM-SYM,2024-10-01
MOCK-UAN-5354-3452,62,Bihar,Jharkhand,Construction,640,Skilled,eShram,2025-12-26
MOCK-UAN-9670-2999,62,Odisha,West Bengal,Construction,568,Semi-skilled,None,2024-09-21
MOCK-UAN-3126-4850,50,West Bengal,Tamil Nadu,Manufacturing,417,Semi-skilled,eShram,2025-08-19
MOCK-UAN-8014-7817,21,Tamil Nadu,Tamil Nadu,Domestic Worker,860,Highly-skilled,None,2026-03-20
MOCK-UAN-5893-3745,26,Karnataka,Karnataka,Domestic Worker,575,Skilled,Ayushman Bharat,2026-03-23
MOCK-UAN-7913-6959,38,Odisha,West Bengal,Gig Worker,652,Skilled,PM-Kisan,2025-01-14
MOCK-UAN-8014-6444,19,Jharkhand,Jharkhand,Construction,356,Unskilled,PM-SYM,2025-02-21
MOCK-UAN-7103-4761,55,Maharashtra,Uttar Pradesh,Gig Worker,481,Unskilled,Ayushman Bharat,2026-05-11
MOCK-UAN-8872-1553,51,Maharashtra,Maharashtra,Manufacturing,466,Semi-skilled,PM-SYM,2025-07-02
MOCK-UAN-9516-9598,57,Gujarat,West Bengal,Gig Worker,987,Highly-skilled,eShram,2025-11-22
MOCK-UAN-8226-5795,59,Gujarat,Andhra Pradesh,Gig Worker,685,Skilled,PM-Kisan,2025-05-07
MOCK-UAN-2140-9615,14,Jharkhand,Jharkhand,Construction,2500,Highly-skilled,eShram,2026-06-01
MOCK-UAN-5994-2517,21,Gujarat,Gujarat,Construction,544,Semi-skilled,None,2025-06-10
MOCK-UAN-4341-8588,40,Andhra Pradesh,West Bengal,Manufacturing,296,Unskilled,None,2025-03-15
MOCK-UAN-6735-8865,47,Tamil Nadu,Gujarat,Domestic Worker,590,Skilled,None,2025-01-31
MOCK-UAN-1535-6331,27,Odisha,Karnataka,Manufacturing,609,Semi-skilled,PM-SYM,2026-06-15
MOCK-UAN-2981-8680,29,Bihar,Uttar Pradesh,Gig Worker,1014,Highly-skilled,eShram,2026-04-16
MOCK-UAN-4049-1479,38,Jharkhand,Uttar Pradesh,Manufacturing,412,Semi-skilled,PM-SYM,2025-11-26
MOCK-UAN-2234-5967,33,West Bengal,Maharashtra,Gig Worker,678,Skilled,Ayushman Bharat,2026-09-04
MOCK-UAN-9850-4329,38,West Bengal,West Bengal,Agriculture,957,Highly-skilled,PM-SYM,2026-01-28
MOCK-UAN-8586-9078,32,Jharkhand,Jharkhand,Agriculture,455,Semi-skilled,PM-SYM,2026-04-22
MOCK-UAN-5159-9161,57,Bihar,West Bengal,Domestic Worker,828,Highly-skilled,PM-SYM,2025-03-25
MOCK-UAN-8211-2144,28,Andhra Pradesh,West Bengal,Domestic Worker,945,Highly-skilled,PM-SYM,2025-04-22
MOCK-UAN-6355-3265,55,West Bengal,West Bengal,Domestic Worker,416,Semi-skilled,eShram,2026-04-26
MOCK-UAN-6968-7506,64,Andhra Pradesh,Maharashtra,Construction,443,Unskilled,Ayushman Bharat,2026-04-05
MOCK-UAN-8628-9497,50,West Bengal,West Bengal,Manufacturing,654,Skilled,eShram,2026-08-25
MOCK-UAN-7098-9426,-1,Jharkhand,Odisha,Manufacturing,277,Unskilled,PM-SYM,2025-04-13
MOCK-UAN-2343-6254,25,Karnataka,Jharkhand,Gig Worker,464,Unskilled,PM-SYM,2025-02-14
MOCK-UAN-3743-6705,60,Andhra Pradesh,Uttar Pradesh,Manufacturing,603,Skilled,PM-Kisan,2026-04-19
MOCK-UAN-7808-8702,23,Maharashtra,Maharashtra,Manufacturing,342,Unskilled,PM-Kisan,2026-06-05
MOCK-UAN-3486-2893,31,Jharkhand,West Bengal,Manufacturing,924,Highly-skilled,eShram,2026-04-04
MOCK-UAN-7268-7597,24,Jharkhand,Jharkhand,Construction,307,Unskilled,PM-Kisan,2024-10-17
MOCK-UAN-6618-9669,46,Maharashtra,Uttar Pradesh,Construction,617,Skilled,PM-Kisan,2025-03-31
MOCK-UAN-6526-4414,52,Andhra Pradesh,Andhra Pradesh,Manufacturing,651,Skilled,PM-Kisan,2025-04-04
MOCK-UAN-2476-5660,19,West Bengal,West Bengal,Domestic Worker,433,Semi-skilled,Ayushman Bharat,2024-09-23
MOCK-UAN-6351-3205,27,Odisha,Jharkhand,Construction,479,Semi-skilled,Ayushman Bharat,2025-09-08
MOCK-UAN-2081-1020,31,Odisha,Jharkhand,Domestic Worker,852,Highly-skilled,PM-SYM,2024-12-23
MOCK-UAN-8433-2943,27,Uttar Pradesh,Gujarat,Domestic Worker,621,Skilled,PM-Kisan,2025-09-25
MOCK-UAN-3135-4473,19,Uttar Pradesh,Uttar Pradesh,Gig Worker,503,Unskilled,eShram,2026-01-21
MOCK-UAN-7921-3017,41,Odisha,Maharashtra,Domestic Worker,846,Highly-skilled,Ayushman Bharat,2026-05-24
MOCK-UAN-2398-8065,45,Odisha,Maharashtra,Gig Worker,551,Semi-skilled,Ayushman Bharat,2026-03-12
MOCK-UAN-2753-6609,38,Uttar Pradesh,Uttar Pradesh,Gig Worker,470,Unskilled,eShram,2026-09-03
MOCK-UAN-5676-1530,33,Andhra Pradesh,Gujarat,Manufacturing,896,Highly-skilled,PM-Kisan,2026-07-02
MOCK-UAN-7933-6050,57,Bihar,Gujarat,Agriculture,622,Skilled,None,2025-03-10
MOCK-UAN-5116-8857,24,Jharkhand,Jharkhand,Agriculture,846,Highly-skilled,None,2026-04-26
MOCK-UAN-9424-3009,20,Maharashtra,Karnataka,Domestic Worker,471,Semi-skilled,PM-SYM,2025-12-19
MOCK-UAN-2474-9011,28,Gujarat,Odisha,Construction,340,Unskilled,Ayushman Bharat,2026-06-04
MOCK-UAN-6615-1996,47,Bihar,Andhra Pradesh,Manufacturing,949,Highly-skilled,PM-SYM,2026-05-03
MOCK-UAN-1783-5714,41,West Bengal,West Bengal,Manufacturing,659,Skilled,eShram,2026-04-01
MOCK-UAN-8128-3977,40,West Bengal,West Bengal,Agriculture,1029,Highly-skilled,None,2026-09-05
MOCK-UAN-5157-9129,19,Maharashtra,Andhra Pradesh,Agriculture,478,Semi-skilled,eShram,2026-05-29
MOCK-UAN-8200-5165,45,Gujarat,Jharkhand,Construction,666,Skilled,PM-Kisan,2024-11-19
MOCK-UAN-3264-8782,14,Andhra Pradesh,Tamil Nadu,Manufacturing,2500,Highly-skilled,None,2024-12-26
MOCK-UAN-6412-1408,22,Bihar,West Bengal,Manufacturing,282,Unskilled,Ayushman Bharat,2025-06-08
MOCK-UAN-9910-2113,63,Odisha,Odisha,Agriculture,316,Unskilled,Ayushman Bharat,2025-05-28
MOCK-UAN-2077-6188,29,Andhra Pradesh,Odisha,Construction,635,Skilled,PM-Kisan,2026-02-05
MOCK-UAN-7471-9670,49,Maharashtra,Maharashtra,Gig Worker,1008,Highly-skilled,PM-Kisan,2025-12-08
MOCK-UAN-7792-7262,56,West Bengal,West Bengal,Construction,1015,Highly-skilled,None,2025-05-02
MOCK-UAN-8946-8862,54,Uttar Pradesh,Jharkhand,Agriculture,849,Highly-skilled,eShram,2025-04-18
MOCK-UAN-9444-5736,55,Odisha,Odisha,Domestic Worker,956,Highly-skilled,PM-SYM,2024-11-22
MOCK-UAN-5327-3705,45,Jharkhand,West Bengal,Construction,1015,Highly-skilled,PM-Kisan,2025-04-27
MOCK-UAN-3594-1449,58,Uttar Pradesh,Odisha,Construction,494,Semi-skilled,Ayushman Bharat,2026-08-16
MOCK-UAN-9404-9265,55,Karnataka,Karnataka,Construction,243,Unskilled,None,2024-10-07
MOCK-UAN-9806-9251,58,Odisha,Odisha,Domestic Worker,269,Unskilled,PM-SYM,2026-03-28
MOCK-UAN-5260-5982,52,Jharkhand,Bihar,Manufacturing,664,Skilled,PM-Kisan,2026-02-22
MOCK-UAN-4819-8214,50,Tamil Nadu,Andhra Pradesh,Domestic Worker,448,Semi-skilled,PM-SYM,2024-10-11
MOCK-UAN-1767-7861,48,Tamil Nadu,Bihar,Gig Worker,500,Semi-skilled,None,2025-04-25
MOCK-UAN-2376-3585,50,Karnataka,Karnataka,Domestic Worker,574,Skilled,eShram,2026-05-22
MOCK-UAN-9268-3464,47,Gujarat,West Bengal,Construction,692,Skilled,PM-SYM,2026-05-10
MOCK-UAN-2931-5237,23,Odisha,Tamil Nadu,Manufacturing,327,Unskilled,None,2026-04-03
MOCK-UAN-3900-8987,36,West Bengal,Tamil Nadu,Manufacturing,588,Skilled,PM-SYM,2025-12-30
MOCK-UAN-7523-3977,36,Andhra Pradesh,Andhra Pradesh,Manufacturing,581,Skilled,PM-Kisan,2025-10-05
MOCK-UAN-5073-5338,57,Gujarat,West Bengal,Domestic Worker,580,Skilled,eShram,2024-11-20
MOCK-UAN-3505-6538,24,Gujarat,Tamil Nadu,Domestic Worker,403,Semi-skilled,None,2025-06-23
MOCK-UAN-3048-1005,50,Odisha,Odisha,Gig Worker,780,Skilled,PM-Kisan,2025-10-29
MOCK-UAN-9221-4734,57,Andhra Pradesh,Andhra Pradesh,Gig Worker,683,Skilled,None,2025-06-19
MOCK-UAN-2116-7961,19,Odisha,Odisha,Construction,710,Skilled,PM-SYM,2025-04-22
MOCK-UAN-2850-5067,40,Odisha,Odisha,Gig Worker,626,Semi-skilled,None,2025-01-03
MOCK-UAN-8784-7678,18,Tamil Nadu,Maharashtra,Construction,699,Skilled,Ayushman Bharat,2026-04-07
MOCK-UAN-7563-6446,62,Andhra Pradesh,Andhra Pradesh,Agriculture,578,Skilled,Ayushman Bharat,2026-06-04
MOCK-UAN-8027-6208,59,Andhra Pradesh,Andhra Pradesh,Agriculture,620,Skilled,PM-SYM,2026-04-18
MOCK-UAN-2035-8701,65,Karnataka,Karnataka,Construction,498,Semi-skilled,Ayushman Bharat,2026-05-16
MOCK-UAN-9955-1685,52,West Bengal,West Bengal,Construction,904,Highly-skilled,None,2025-04-15
MOCK-UAN-5437-7778,51,Bihar,Bihar,Agriculture,466,Semi-skilled,None,2026-06-18
MOCK-UAN-5342-9944,45,Odisha,Odisha,Domestic Worker,391,Semi-skilled,PM-Kisan,2025-10-25
MOCK-UAN-8214-6105,50,Gujarat,Bihar,Agriculture,659,Skilled,PM-Kisan,2025-06-09
MOCK-UAN-1807-2812,25,Odisha,Jharkhand,Construction,926,Highly-skilled,Ayushman Bharat,2025-05-25
MOCK-UAN-7250-1728,40,Bihar,Jharkhand,Manufacturing,310,Unskilled,eShram,2026-05-18
MOCK-UAN-7469-4393,44,Tamil Nadu,Jharkhand,Construction,664,Skilled,Ayushman Bharat,2025-10-01
MOCK-UAN-7209-8954,18,Andhra Pradesh,Tamil Nadu,Gig Worker,687,Skilled,PM-Kisan,2026-05-02
MOCK-UAN-1769-5805,42,Gujarat,Gujarat,Agriculture,929,Highly-skilled,None,2026-02-06
MOCK-UAN-6355-8140,34,Jharkhand,Tamil Nadu,Agriculture,876,Highly-skilled,Ayushman Bharat,2026-01-29
MOCK-UAN-6569-9806,19,Odisha,Uttar Pradesh,Agriculture,493,Semi-skilled,eShram,2026-02-15
MOCK-UAN-1473-7965,26,Maharashtra,Maharashtra,Agriculture,532,Skilled,None,2025-10-10
MOCK-UAN-4019-7860,39,Uttar Pradesh,Karnataka,Agriculture,606,Skilled,eShram,2025-04-28
MOCK-UAN-4059-2940,29,Jharkhand,West Bengal,Manufacturing,996,Highly-skilled,None,2025-07-30
MOCK-UAN-6177-2103,42,Andhra Pradesh,Maharashtra,Agriculture,249,Unskilled,PM-SYM,2025-10-01
MOCK-UAN-9247-5115,52,West Bengal,West Bengal,Construction,316,Unskilled,PM-Kisan,2025-05-23
MOCK-UAN-9102-3094,30,Bihar,Gujarat,Manufacturing,325,Unskilled,Ayushman Bharat,2025-05-28
MOCK-UAN-3688-7963,22,Jharkhand,Jharkhand,Gig Worker,408,Unskilled,eShram,2026-03-10
MOCK-UAN-8843-6605,-2,Gujarat,Karnataka,Domestic Worker,317,Unskilled,None,2026-04-05
MOCK-UAN-3765-7037,34,West Bengal,Jharkhand,Construction,524,Semi-skilled,PM-Kisan,2025-08-13
MOCK-UAN-6931-5396,21,Andhra Pradesh,Andhra Pradesh,Manufacturing,631,Skilled,Ayushman Bharat,2026-07-15
MOCK-UAN-8654-6546,65,Jharkhand,Jharkhand,Construction,405,Unskilled,eShram,2025-05-25
MOCK-UAN-9802-9048,61,Odisha,Odisha,Construction,970,Highly-skilled,None,2025-10-27
MOCK-UAN-4979-5808,59,Jharkhand,Andhra Pradesh,Gig Worker,987,Highly-skilled,eShram,2024-11-28
MOCK-UAN-6793-1206,59,West Bengal,Bihar,Domestic Worker,933,Highly-skilled,eShram,2024-10-27
MOCK-UAN-4184-1543,42,Odisha,Odisha,Gig Worker,794,Skilled,PM-Kisan,2026-02-12
MOCK-UAN-5370-4759,39,Maharashtra,Maharashtra,Construction,343,Unskilled,PM-SYM,2025-05-16
MOCK-UAN-9276-5695,50,Bihar,Bihar,Agriculture,401,Semi-skilled,Ayushman Bharat,2025-06-02
MOCK-UAN-6889-5286,34,Gujarat,Odisha,Gig Worker,755,Skilled,PM-SYM,2026-01-14
MOCK-UAN-4562-8378,63,West Bengal,Tamil Nadu,Gig Worker,393,Unskilled,eShram,2026-03-18
MOCK-UAN-9230-9396,60,Uttar Pradesh,Uttar Pradesh,Manufacturing,791,Highly-skilled,PM-Kisan,2026-03-09
MOCK-UAN-3539-1998,37,Tamil Nadu,Jharkhand,Manufacturing,342,Unskilled,Ayushman Bharat,2025-12-19
MOCK-UAN-5158-7174,32,Andhra Pradesh,Andhra Pradesh,Domestic Worker,873,Highly-skilled,Ayushman Bharat,2025-03-13
MOCK-UAN-4337-4709,55,Karnataka,Maharashtra,Gig Worker,395,Unskilled,eShram,2025-01-08
MOCK-UAN-9191-1492,43,Jharkhand,Jharkhand,Domestic Worker,466,Semi-skilled,eShram,2026-02-26
MOCK-UAN-1808-4474,28,Jharkhand,Bihar,Construction,509,Semi-skilled,eShram,2025-03-13
MOCK-UAN-1266-2032,62,West Bengal,Gujarat,Manufacturing,335,Unskilled,PM-SYM,2024-10-15
MOCK-UAN-8878-7328,25,Andhra Pradesh,Tamil Nadu,Gig Worker,678,Skilled,None,2024-12-19
MOCK-UAN-4854-5740,38,Maharashtra,Maharashtra,Construction,375,Unskilled,None,2025-06-24
MOCK-UAN-3265-4194,38,Uttar Pradesh,Gujarat,Construction,337,Unskilled,PM-SYM,2025-04-06
MOCK-UAN-1276-8488,43,Jharkhand,Tamil Nadu,Agriculture,936,Highly-skilled,None,2024-11-30
MOCK-UAN-1754-8141,45,Gujarat,Bihar,Construction,380,Unskilled,None,2025-09-29
MOCK-UAN-2417-2479,63,Maharashtra,Maharashtra,Construction,903,Highly-skilled,PM-Kisan,2025-06-16
MOCK-UAN-1687-9565,57,Andhra Pradesh,Odisha,Gig Worker,1054,Highly-skilled,None,2026-03-30
MOCK-UAN-3307-7191,52,Odisha,Gujarat,Gig Worker,973,Highly-skilled,PM-Kisan,2025-12-29
MOCK-UAN-9650-4835,52,Gujarat,Odisha,Domestic Worker,340,Unskilled,None,2026-03-10
MOCK-UAN-8951-2190,41,Andhra Pradesh,Karnataka,Gig Worker,718,Skilled,None,2024-12-03
MOCK-UAN-7177-1382,62,Odisha,Andhra Pradesh,Construction,591,Semi-skilled,None,2026-09-03
MOCK-UAN-6873-8447,58,West Bengal,Jharkhand,Manufacturing,288,Unskilled,Ayushman Bharat,2024-12-04
MOCK-UAN-1095-7038,26,Bihar,Bihar,Agriculture,582,Skilled,PM-Kisan,2025-08-02
MOCK-UAN-2929-8545,49,Karnataka,Bihar,Gig Worker,999,Highly-skilled,Ayushman Bharat,2025-10-14
MOCK-UAN-2222-2582,52,West Bengal,Bihar,Domestic Worker,7,Highly-skilled,eShram,2025-12-05
MOCK-UAN-3665-3308,56,Karnataka,Bihar,Manufacturing,339,Unskilled,Ayushman Bharat,2025-09-25
MOCK-UAN-3160-2724,53,Tamil Nadu,Tamil Nadu,Agriculture,819,Highly-skilled,PM-SYM,2025-08-07
MOCK-UAN-9286-3071,18,Odisha,Tamil Nadu,Manufacturing,247,Unskilled,PM-Kisan,2024-10-03
MOCK-UAN-1815-2038,58,Gujarat,Tamil Nadu,Manufacturing,546,Skilled,PM-SYM,2026-05-28
MOCK-UAN-8700-3910,50,Jharkhand,Jharkhand,Domestic Worker,647,Skilled,Ayushman Bharat,2025-06-21
MOCK-UAN-9465-3994,28,Uttar Pradesh,Uttar Pradesh,Gig Worker,485,Unskilled,eShram,2025-04-16
MOCK-UAN-2079-1965,40,West Bengal,West Bengal,Construction,344,Unskilled,PM-SYM,2026-04-26
MOCK-UAN-1016-3916,47,Bihar,Bihar,Construction,641,Skilled,eShram,2026-06-12
MOCK-UAN-4725-8218,21,Odisha,Andhra Pradesh,Construction,3,Highly-skilled,PM-SYM,2025-11-29
MOCK-UAN-1240-1075,48,Uttar Pradesh,Uttar Pradesh,Construction,708,Skilled,PM-Kisan,2026-09-13
MOCK-UAN-5801-4719,59,Jharkhand,Jharkhand,Domestic Worker,853,Highly-skilled,None,2026-05-15
MOCK-UAN-4495-7752,40,Jharkhand,Tamil Nadu,Manufacturing,311,Unskilled,None,2024-12-14
MOCK-UAN-9432-3314,48,Maharashtra,Maharashtra,Domestic Worker,348,Unskilled,eShram,2025-04-05
MOCK-UAN-6763-7607,32,Jharkhand,Tamil Nadu,Gig Worker,725,Skilled,None,2025-06-04
MOCK-UAN-4964-6527,27,Gujarat,Karnataka,Agriculture,909,Highly-skilled,PM-SYM,2025-11-28
MOCK-UAN-9977-4588,63,Uttar Pradesh,Uttar Pradesh,Domestic Worker,500,Semi-skilled,PM-Kisan,2025-07-22
MOCK-UAN-6208-4733,42,Uttar Pradesh,Jharkhand,Domestic Worker,164,Unskilled,Ayushman Bharat,2025-05-23
MOCK-UAN-1821-7446,41,Karnataka,Karnataka,Agriculture,333,Unskilled,Ayushman Bharat,2026-06-27
MOCK-UAN-1159-1557,52,Tamil Nadu,Tamil Nadu,Agriculture,267,Unskilled,PM-SYM,2026-02-02
MOCK-UAN-6070-1451,60,Odisha,Maharashtra,Construction,258,Unskilled,PM-SYM,2026-01-01
MOCK-UAN-7355-2552,56,Andhra Pradesh,Tamil Nadu,Manufacturing,925,Highly-skilled,PM-SYM,2026-08-19
MOCK-UAN-3755-1389,43,Odisha,Maharashtra,Agriculture,668,Skilled,PM-SYM,2026-04-22
MOCK-UAN-3215-3985,46,Tamil Nadu,Tamil Nadu,Domestic Worker,593,Skilled,PM-SYM,2025-06-02
MOCK-UAN-2293-6234,25,Tamil Nadu,Jharkhand,Agriculture,647,Skilled,None,2026-06-25
MOCK-UAN-6567-1524,46,Uttar Pradesh,West Bengal,Construction,1030,Highly-skilled,eShram,2025-01-25
MOCK-UAN-1811-6797,63,Odisha,Odisha,Construction,565,Semi-skilled,PM-SYM,2025-05-22
MOCK-UAN-4542-5981,64,Andhra Pradesh,Jharkhand,Construction,731,Skilled,Ayushman Bharat,2025-01-22
MOCK-UAN-4514-8019,20,West Bengal,West Bengal,Agriculture,337,Unskilled,PM-SYM,2026-03-24
MOCK-UAN-2536-4627,59,Tamil Nadu,Tamil Nadu,Domestic Worker,453,Semi-skilled,PM-Kisan,2025-09-17
MOCK-UAN-4991-7124,61,Odisha,Andhra Pradesh,Agriculture,819,Highly-skilled,PM-SYM,2025-06-19
MOCK-UAN-1213-1314,43,Odisha,West Bengal,Construction,337,Unskilled,PM-Kisan,2025-10-16
MOCK-UAN-8823-5305,20,Maharashtra,Maharashtra,Domestic Worker,557,Skilled,eShram,2025-04-26
MOCK-UAN-5734-6025,55,Tamil Nadu,Tamil Nadu,Construction,458,Unskilled,None,2026-01-30
MOCK-UAN-3575-6475,38,Andhra Pradesh,Gujarat,Construction,341,Unskilled,None,2025-04-20
MOCK-UAN-6129-5179,26,Gujarat,Bihar,Manufacturing,606,Skilled,eShram,2026-06-19
MOCK-UAN-3448-4585,32,Uttar Pradesh,Bihar,Construction,377,Unskilled,PM-SYM,2025-06-02
MOCK-UAN-6835-5002,-4,West Bengal,Gujarat,Domestic Worker,602,Skilled,eShram,2026-04-13
MOCK-UAN-7432-8275,32,Jharkhand,Jharkhand,Construction,734,Skilled,Ayushman Bharat,2025-12-26
MOCK-UAN-9897-8391,38,Odisha,Odisha,Construction,468,Semi-skilled,PM-Kisan,2026-05-15
MOCK-UAN-6106-3744,43,Andhra Pradesh,Uttar Pradesh,Manufacturing,459,Semi-skilled,PM-SYM,2025-05-17
MOCK-UAN-4056-2273,34,Karnataka,Karnataka,Construction,462,Semi-skilled,PM-SYM,2025-04-08
MOCK-UAN-1100-3964,15,Gujarat,Gujarat,Gig Worker,2500,Highly-skilled,PM-Kisan,2025-06-26
MOCK-UAN-3039-9556,54,Karnataka,Karnataka,Agriculture,9,Unskilled,None,2025-01-01
MOCK-UAN-9243-8152,31,West Bengal,Odisha,Domestic Worker,298,Unskilled,PM-Kisan,2025-08-01
MOCK-UAN-8598-8707,28,Bihar,Odisha,Construction,328,Unskilled,Ayushman Bharat,2025-05-15
MOCK-UAN-4538-2100,53,Gujarat,Gujarat,Gig Worker,965,Highly-skilled,eShram,2026-02-18
MOCK-UAN-6095-1875,60,Bihar,Bihar,Gig Worker,479,Semi-skilled,None,2026-06-07
MOCK-UAN-5825-9792,-3,Maharashtra,Jharkhand,Construction,645,Skilled,PM-SYM,2025-06-26
MOCK-UAN-5567-4463,64,Jharkhand,Jharkhand,Domestic Worker,224,Unskilled,PM-SYM,2025-11-20
MOCK-UAN-6896-4215,62,Andhra Pradesh,Andhra Pradesh,Construction,538,Semi-skilled,PM-SYM,2026-06-26
MOCK-UAN-1830-5538,63,Jharkhand,Maharashtra,Gig Worker,1004,Highly-skilled,None,2025-09-17
MOCK-UAN-3083-2691,33,Tamil Nadu,Tamil Nadu,Construction,427,Semi-skilled,PM-Kisan,2024-12-19
MOCK-UAN-1770-7670,34,Gujarat,Andhra Pradesh,Agriculture,434,Semi-skilled,None,2025-12-26
MOCK-UAN-7518-2572,57,West Bengal,Bihar,Construction,462,Semi-skilled,PM-Kisan,2024-12-15
MOCK-UAN-2212-8695,37,Gujarat,Gujarat,Construction,515,Semi-skilled,PM-Kisan,2026-03-12
MOCK-UAN-1477-5319,-2,West Bengal,West Bengal,Construction,1017,Highly-skilled,None,2026-04-04
MOCK-UAN-7877-8976,18,West Bengal,Gujarat,Domestic Worker,506,Skilled,None,2025-10-22
MOCK-UAN-1664-7277,32,Gujarat,Gujarat,Construction,955,Highly-skilled,Ayushman Bharat,2025-05-10
MOCK-UAN-1592-8224,45,Gujarat,Gujarat,Agriculture,441,Semi-skilled,eShram,2026-04-19
MOCK-UAN-1139-5952,59,Odisha,Karnataka,Gig Worker,583,Semi-skilled,eShram,2026-04-10
MOCK-UAN-3406-5189,31,Gujarat,Gujarat,Agriculture,610,Skilled,Ayushman Bharat,2026-06-24
MOCK-UAN-9077-2607,65,Odisha,Odisha,Gig Worker,512,Semi-skilled,Ayushman Bharat,2025-05-08
MOCK-UAN-4293-6551,33,Jharkhand,Jharkhand,Agriculture,884,Highly-skilled,eShram,2025-09-24
MOCK-UAN-6974-9710,33,Maharashtra,Uttar Pradesh,Construction,460,Semi-skilled,PM-SYM,2024-12-04
MOCK-UAN-6993-9667,49,Gujarat,Uttar Pradesh,Agriculture,953,Highly-skilled,None,2026-08-22
MOCK-UAN-5400-9181,39,Karnataka,Uttar Pradesh,Agriculture,451,Semi-skilled,Ayushman Bharat,2025-05-18
MOCK-UAN-8736-5437,43,Gujarat,Gujarat,Domestic Worker,995,Highly-skilled,PM-SYM,2025-11-30
MOCK-UAN-5593-3072,23,Jharkhand,Gujarat,Construction,346,Unskilled,PM-Kisan,2025-08-21
MOCK-UAN-6019-9323,23,Tamil Nadu,Karnataka,Domestic Worker,414,Semi-skilled,Ayushman Bharat,2025-09-30
MOCK-UAN-7505-5949,46,Jharkhand,Uttar Pradesh,Construction,874,Highly-skilled,Ayushman Bharat,2025-02-01
MOCK-UAN-2944-5353,29,Gujarat,Uttar Pradesh,Construction,559,Skilled,PM-Kisan,2026-05-27
MOCK-UAN-2906-5931,38,Uttar Pradesh,Andhra Pradesh,Manufacturing,820,Highly-skilled,eShram,2026-07-20
MOCK-UAN-4702-2708,61,Andhra Pradesh,Jharkhand,Manufacturing,613,Skilled,eShram,2025-02-07
MOCK-UAN-2300-7035,-4,West Bengal,Odisha,Agriculture,625,Skilled,eShram,2025-04-17
MOCK-UAN-5577-3887,45,West Bengal,West Bengal,Agriculture,520,Skilled,None,2026-06-06
MOCK-UAN-1414-9667,44,Tamil Nadu,Tamil Nadu,Gig Worker,594,Semi-skilled,None,2026-01-01
MOCK-UAN-8044-7558,61,Tamil Nadu,Maharashtra,Manufacturing,275,Unskilled,PM-SYM,2025-06-27
MOCK-UAN-1764-6850,27,Karnataka,Karnataka,Construction,357,Unskilled,Ayushman Bharat,2025-08-14
MOCK-UAN-1747-1595,19,Jharkhand,Maharashtra,Gig Worker,480,Unskilled,Ayushman Bharat,2025-03-24
MOCK-UAN-4192-2964,45,Andhra Pradesh,Andhra Pradesh,Gig Worker,444,Unskilled,eShram,2025-10-27
MOCK-UAN-2422-9099,28,Andhra Pradesh,Uttar Pradesh,Manufacturing,586,Skilled,Ayushman Bharat,2025-04-24
MOCK-UAN-1438-4055,54,Karnataka,Karnataka,Agriculture,405,Semi-skilled,Ayushman Bharat,2026-06-07
MOCK-UAN-4493-4844,27,Jharkhand,West Bengal,Gig Worker,442,Semi-skilled,PM-Kisan,2026-05-25
MOCK-UAN-1023-5707,41,Karnataka,Karnataka,Gig Worker,664,Skilled,eShram,2025-01-25
MOCK-UAN-7993-2427,50,Tamil Nadu,Tamil Nadu,Manufacturing,889,Highly-skilled,PM-SYM,2024-11-04
MOCK-UAN-8522-1746,50,Jharkhand,West Bengal,Construction,450,Semi-skilled,eShram,2026-05-04
MOCK-UAN-3555-7495,24,Tamil Nadu,Tamil Nadu,Domestic Worker,443,Semi-skilled,PM-Kisan,2026-08-10
MOCK-UAN-3996-2468,49,Gujarat,Gujarat,Agriculture,603,Skilled,None,2026-01-17
MOCK-UAN-8251-5303,26,Jharkhand,Uttar Pradesh,Gig Worker,538,Semi-skilled,eShram,2026-09-14
MOCK-UAN-2738-5784,34,Jharkhand,Maharashtra,Gig Worker,517,Semi-skilled,Ayushman Bharat,2026-06-11
MOCK-UAN-4458-7088,59,Andhra Pradesh,Andhra Pradesh,Gig Worker,1008,Highly-skilled,eShram,2024-11-22
MOCK-UAN-2879-9709,21,Uttar Pradesh,West Bengal,Agriculture,322,Unskilled,eShram,2024-09-21
MOCK-UAN-6165-4753,53,Uttar Pradesh,Uttar Pradesh,Domestic Worker,545,Skilled,eShram,2024-09-28
MOCK-UAN-2175-4600,42,Jharkhand,Andhra Pradesh,Domestic Worker,670,Skilled,None,2025-05-07
MOCK-UAN-8758-6986,42,Bihar,Tamil Nadu,Manufacturing,295,Unskilled,Ayushman Bharat,2025-08-07
MOCK-UAN-2191-3855,58,Bihar,Karnataka,Agriculture,300,Unskilled,PM-SYM,2026-04-17
MOCK-UAN-6606-6405,45,Uttar Pradesh,Bihar,Domestic Worker,935,Highly-skilled,PM-Kisan,2025-04-19
MOCK-UAN-8386-9964,49,Tamil Nadu,Tamil Nadu,Construction,961,Highly-skilled,PM-SYM,2026-05-06
MOCK-UAN-1244-2165,57,Karnataka,Bihar,Gig Worker,747,Skilled,PM-SYM,2025-04-09
MOCK-UAN-8045-7611,47,West Bengal,Karnataka,Manufacturing,314,Unskilled,PM-Kisan,2026-03-04
MOCK-UAN-2215-3702,45,Karnataka,Karnataka,Gig Worker,369,Unskilled,PM-Kisan,2025-06-25
MOCK-UAN-1463-8542,39,Odisha,Odisha,Domestic Worker,918,Highly-skilled,PM-Kisan,2025-11-19
MOCK-UAN-4407-6058,30,Bihar,Bihar,Manufacturing,542,Skilled,Ayushman Bharat,2025-04-08
MOCK-UAN-3042-3371,-4,Jharkhand,Bihar,Agriculture,305,Unskilled,Ayushman Bharat,2026-01-25
MOCK-UAN-5461-5633,54,Karnataka,Karnataka,Agriculture,898,Highly-skilled,PM-SYM,2026-05-18
MOCK-UAN-8606-7482,37,Uttar Pradesh,Karnataka,Manufacturing,889,Highly-skilled,Ayushman Bharat,2026-04-24
MOCK-UAN-8375-6071,23,Gujarat,Gujarat,Manufacturing,593,Skilled,None,2026-08-23
MOCK-UAN-5209-6416,20,Andhra Pradesh,Gujarat,Agriculture,355,Semi-skilled,None,2025-05-19
MOCK-UAN-7989-4055,47,Karnataka,Tamil Nadu,Gig Worker,972,Highly-skilled,eShram,2025-08-09
MOCK-UAN-7077-8634,64,Andhra Pradesh,Gujarat,Construction,504,Semi-skilled,PM-Kisan,2025-02-26
MOCK-UAN-4381-7988,37,Maharashtra,Maharashtra,Agriculture,607,Skilled,PM-Kisan,2026-06-12
MOCK-UAN-6495-7446,40,Uttar Pradesh,Karnataka,Gig Worker,648,Skilled,Ayushman Bharat,2025-06-10
MOCK-UAN-5786-4627,37,Uttar Pradesh,Uttar Pradesh,Agriculture,363,Unskilled,None,2026-04-21
MOCK-UAN-5007-4972,63,Uttar Pradesh,West Bengal,Agriculture,406,Semi-skilled,PM-Kisan,2025-06-18
MOCK-UAN-5322-1281,51,West Bengal,Maharashtra,Construction,698,Skilled,PM-Kisan,2025-06-07
MOCK-UAN-9735-9558,55,Uttar Pradesh,Jharkhand,Construction,371,Unskilled,PM-Kisan,2026-04-28
MOCK-UAN-8843-1710,48,Tamil Nadu,Odisha,Agriculture,417,Semi-skilled,Ayushman Bharat,2026-06-22
MOCK-UAN-7763-7070,39,Karnataka,Karnataka,Gig Worker,638,Semi-skilled,PM-SYM,2025-05-19
MOCK-UAN-8091-5987,42,Bihar,Uttar Pradesh,Domestic Worker,240,Unskilled,PM-SYM,2025-02-06
MOCK-UAN-6828-2747,26,Bihar,West Bengal,Agriculture,945,Highly-skilled,Ayushman Bharat,2026-03-10
MOCK-UAN-7416-4118,39,Odisha,Karnataka,Construction,1000,Highly-skilled,PM-SYM,2026-04-25
MOCK-UAN-2126-5277,63,Tamil Nadu,Maharashtra,Agriculture,566,Skilled,None,2025-10-17
MOCK-UAN-2187-4650,52,West Bengal,Maharashtra,Agriculture,519,Semi-skilled,eShram,2026-04-28
MOCK-UAN-5074-4193,37,Karnataka,Uttar Pradesh,Manufacturing,437,Semi-skilled,PM-SYM,2024-10-04
MOCK-UAN-8385-7810,50,Gujarat,Gujarat,Domestic Worker,314,Unskilled,PM-SYM,2026-04-03
MOCK-UAN-6141-3307,54,Uttar Pradesh,Andhra Pradesh,Gig Worker,413,Unskilled,None,2025-12-07
MOCK-UAN-2055-8631,34,Maharashtra,Maharashtra,Agriculture,443,Semi-skilled,Ayushman Bharat,2025-04-06
MOCK-UAN-3653-5592,45,Gujarat,West Bengal,Agriculture,490,Semi-skilled,eShram,2026-06-26
MOCK-UAN-4830-1152,26,Andhra Pradesh,Karnataka,Domestic Worker,339,Unskilled,eShram,2025-04-12
MOCK-UAN-4763-1359,32,Maharashtra,West Bengal,Manufacturing,212,Unskilled,PM-SYM,2026-08-02
MOCK-UAN-8475-6983,18,Karnataka,Karnataka,Gig Worker,1065,Highly-skilled,PM-Kisan,2026-06-01
MOCK-UAN-6164-5081,65,Andhra Pradesh,Gujarat,Gig Worker,316,Unskilled,PM-SYM,2025-03-11
MOCK-UAN-5232-8989,14,Maharashtra,Tamil Nadu,Gig Worker,2500,Highly-skilled,eShram,2026-03-22
MOCK-UAN-2115-1268,23,Karnataka,Karnataka,Gig Worker,606,Semi-skilled,Ayushman Bharat,2024-11-07
MOCK-UAN-1958-8198,-2,Gujarat,Gujarat,Agriculture,845,Highly-skilled,PM-SYM,2026-01-15
MOCK-UAN-9113-6261,34,Gujarat,Jharkhand,Agriculture,279,Unskilled,None,2025-09-18
MOCK-UAN-4725-9795,46,Jharkhand,Jharkhand,Manufacturing,394,Semi-skilled,Ayushman Bharat,2026-02-14
MOCK-UAN-2050-3947,27,Tamil Nadu,Gujarat,Manufacturing,889,Highly-skilled,PM-Kisan,2025-06-30
MOCK-UAN-9308-3415,33,Karnataka,Maharashtra,Manufacturing,284,Unskilled,eShram,2026-04-04
MOCK-UAN-9698-8502,50,Andhra Pradesh,Gujarat,Domestic Worker,938,Highly-skilled,PM-Kisan,2024-11-05
MOCK-UAN-2211-8445,21,Karnataka,Andhra Pradesh,Gig Worker,615,Semi-skilled,Ayushman Bharat,2024-12-30
MOCK-UAN-5125-6815,29,Odisha,Bihar,Manufacturing,369,Unskilled,eShram,2025-05-24
MOCK-UAN-5170-5092,32,West Bengal,Jharkhand,Construction,621,Skilled,Ayushman Bharat,2025-04-13
MOCK-UAN-6251-5270,55,Gujarat,Gujarat,Gig Worker,539,Semi-skilled,PM-SYM,2026-08-24
MOCK-UAN-4203-4315,36,Uttar Pradesh,Andhra Pradesh,Agriculture,2,Highly-skilled,PM-Kisan,2026-05-21
MOCK-UAN-6416-1192,35,Karnataka,Jharkhand,Construction,609,Skilled,PM-Kisan,2026-08-15
MOCK-UAN-9314-6723,-5,Odisha,Odisha,Agriculture,498,Semi-skilled,None,2026-02-05
MOCK-UAN-3976-7508,45,Maharashtra,Gujarat,Manufacturing,530,Semi-skilled,Ayushman Bharat,2025-03-23
MOCK-UAN-9159-8768,38,Jharkhand,Gujarat,Domestic Worker,4,Semi-skilled,PM-SYM,2025-05-18
MOCK-UAN-2371-3322,56,Jharkhand,Gujarat,Domestic Worker,420,Semi-skilled,eShram,2026-05-14
MOCK-UAN-2168-6285,44,Maharashtra,Gujarat,Agriculture,898,Highly-skilled,eShram,2025-12-05
MOCK-UAN-3525-7694,29,Odisha,Odisha,Gig Worker,414,Unskilled,None,2025-06-17
MOCK-UAN-1443-6564,24,Maharashtra,Bihar,Gig Worker,359,Unskilled,PM-SYM,2025-06-21
MOCK-UAN-4677-3572,22,Bihar,Maharashtra,Construction,521,Semi-skilled,PM-SYM,2025-10-01
MOCK-UAN-9378-2845,63,Tamil Nadu,Karnataka,Domestic Worker,4,Highly-skilled,PM-Kisan,2026-02-08
MOCK-UAN-5881-1138,24,Odisha,Tamil Nadu,Agriculture,299,Unskilled,None,2025-07-28
MOCK-UAN-3188-1015,20,Gujarat,Odisha,Manufacturing,927,Highly-skilled,PM-Kisan,2026-01-19
MOCK-UAN-6139-9532,38,Gujarat,Gujarat,Agriculture,900,Highly-skilled,Ayushman Bharat,2025-01-14
MOCK-UAN-3118-4566,36,Jharkhand,Maharashtra,Manufacturing,428,Semi-skilled,eShram,2026-05-23
MOCK-UAN-2047-1745,36,Jharkhand,Jharkhand,Domestic Worker,444,Semi-skilled,PM-SYM,2025-06-30
MOCK-UAN-9373-2833,23,Karnataka,Karnataka,Manufacturing,445,Semi-skilled,None,2026-05-10
MOCK-UAN-5549-9631,24,Jharkhand,Uttar Pradesh,Construction,331,Unskilled,PM-SYM,2025-04-27
MOCK-UAN-7918-7714,19,Jharkhand,Jharkhand,Construction,337,Unskilled,Ayushman Bharat,2025-04-04
MOCK-UAN-9834-6515,30,West Bengal,Bihar,Construction,729,Skilled,PM-SYM,2025-08-15
MOCK-UAN-5426-5002,51,Maharashtra,Andhra Pradesh,Agriculture,478,Semi-skilled,None,2026-04-15
MOCK-UAN-7522-9748,62,Gujarat,West Bengal,Manufacturing,435,Semi-skilled,eShram,2025-03-15
MOCK-UAN-4388-9218,57,Gujarat,Gujarat,Gig Worker,584,Semi-skilled,None,2025-11-06
MOCK-UAN-2364-9284,39,Bihar,Bihar,Domestic Worker,883,Highly-skilled,eShram,2025-10-27
MOCK-UAN-5060-8111,53,Uttar Pradesh,Uttar Pradesh,Construction,408,Unskilled,PM-SYM,2026-04-08
MOCK-UAN-3496-2624,61,West Bengal,West Bengal,Gig Worker,718,Skilled,eShram,2025-12-31
MOCK-UAN-2037-9656,48,Tamil Nadu,Tamil Nadu,Construction,944,Highly-skilled,None,2026-02-01
MOCK-UAN-1711-7922,58,Tamil Nadu,Tamil Nadu,Gig Worker,7,Unskilled,PM-Kisan,2025-04-25
MOCK-UAN-2229-3087,47,Odisha,Gujarat,Construction,871,Highly-skilled,PM-Kisan,2025-06-28
MOCK-UAN-9736-5046,52,Uttar Pradesh,West Bengal,Gig Worker,343,Unskilled,eShram,2026-09-03
MOCK-UAN-7039-7541,52,Gujarat,Gujarat,Domestic Worker,540,Skilled,PM-Kisan,2025-04-10
MOCK-UAN-9310-3662,16,Tamil Nadu,Uttar Pradesh,Manufacturing,2500,Highly-skilled,None,2025-07-17
MOCK-UAN-1368-8291,35,Karnataka,Gujarat,Manufacturing,686,Skilled,PM-SYM,2025-12-07
MOCK-UAN-7493-8936,19,West Bengal,Karnataka,Agriculture,1011,Highly-skilled,Ayushman Bharat,2026-04-10
MOCK-UAN-5656-7645,35,Bihar,Bihar,Gig Worker,731,Skilled,PM-SYM,2025-11-09
MOCK-UAN-5734-8509,51,Tamil Nadu,Odisha,Domestic Worker,325,Unskilled,None,2025-07-11
MOCK-UAN-9744-1458,34,Uttar Pradesh,Jharkhand,Domestic Worker,809,Highly-skilled,PM-SYM,2025-08-15
MOCK-UAN-2937-1514,28,Gujarat,West Bengal,Construction,922,Highly-skilled,None,2025-07-08
MOCK-UAN-2002-1296,52,Jharkhand,Tamil Nadu,Agriculture,260,Unskilled,eShram,2024-09-15
MOCK-UAN-9841-4112,60,Andhra Pradesh,Tamil Nadu,Domestic Worker,418,Semi-skilled,PM-Kisan,2026-05-17
MOCK-UAN-5291-2736,53,Tamil Nadu,Maharashtra,Construction,491,Semi-skilled,None,2025-09-29
MOCK-UAN-1774-1010,-3,Andhra Pradesh,Andhra Pradesh,Manufacturing,876,Highly-skilled,PM-SYM,2026-05-14
MOCK-UAN-6830-4330,19,Tamil Nadu,Bihar,Domestic Worker,501,Skilled,PM-Kisan,2025-03-30
MOCK-UAN-9869-5820,45,Karnataka,Odisha,Manufacturing,337,Unskilled,PM-SYM,2026-03-12
MOCK-UAN-7790-1572,19,Bihar,Bihar,Gig Worker,946,Highly-skilled,Ayushman Bharat,2026-05-10
MOCK-UAN-5964-5129,26,Odisha,Andhra Pradesh,Manufacturing,911,Highly-skilled,Ayushman Bharat,2026-07-28
MOCK-UAN-7913-7567,41,Jharkhand,Andhra Pradesh,Manufacturing,553,Semi-skilled,eShram,2025-01-12
MOCK-UAN-6639-8146,48,Jharkhand,Karnataka,Gig Worker,504,Semi-skilled,eShram,2025-01-20
MOCK-UAN-6435-4865,31,Uttar Pradesh,Andhra Pradesh,Agriculture,773,Highly-skilled,Ayushman Bharat,2026-01-19
MOCK-UAN-5973-9866,14,Tamil Nadu,Maharashtra,Domestic Worker,2500,Highly-skilled,Ayushman Bharat,2026-06-08
MOCK-UAN-6120-1100,49,Bihar,Bihar,Agriculture,655,Skilled,Ayushman Bharat,2026-04-24
MOCK-UAN-5081-7461,26,Jharkhand,Jharkhand,Construction,1047,Highly-skilled,eShram,2025-05-06
MOCK-UAN-7973-5435,52,West Bengal,West Bengal,Domestic Worker,538,Skilled,PM-Kisan,2025-08-09
MOCK-UAN-6263-6320,28,Jharkhand,Tamil Nadu,Gig Worker,724,Skilled,eShram,2026-09-14
MOCK-UAN-2661-7653,25,West Bengal,Tamil Nadu,Domestic Worker,276,Unskilled,None,2026-06-28
MOCK-UAN-1772-6951,37,Odisha,Karnataka,Manufacturing,594,Skilled,Ayushman Bharat,2026-01-10
MOCK-UAN-6998-4519,40,Jharkhand,Odisha,Agriculture,432,Unskilled,None,2025-01-14
MOCK-UAN-5919-8527,14,Uttar Pradesh,Maharashtra,Construction,2500,Highly-skilled,eShram,2026-01-28
MOCK-UAN-1496-4641,30,Bihar,Karnataka,Construction,362,Unskilled,eShram,2025-05-18
MOCK-UAN-9538-3985,45,Andhra Pradesh,Odisha,Domestic Worker,473,Semi-skilled,PM-Kisan,2024-11-23
MOCK-UAN-3852-8862,52,Karnataka,Uttar Pradesh,Domestic Worker,954,Highly-skilled,eShram,2025-08-04
MOCK-UAN-6135-3974,25,Karnataka,Karnataka,Manufacturing,604,Skilled,eShram,2025-08-16
MOCK-UAN-8907-9386,21,Bihar,Jharkhand,Agriculture,915,Highly-skilled,None,2025-03-26
MOCK-UAN-7250-9135,23,Karnataka,Gujarat,Gig Worker,980,Highly-skilled,PM-Kisan,2024-11-20
MOCK-UAN-4677-4439,43,Jharkhand,Tamil Nadu,Manufacturing,913,Highly-skilled,Ayushman Bharat,2026-06-02
MOCK-UAN-2837-1790,52,Odisha,Karnataka,Gig Worker,382,Unskilled,PM-Kisan,2025-05-12
MOCK-UAN-6576-3682,24,Bihar,Karnataka,Domestic Worker,631,Skilled,Ayushman Bharat,2025-03-08
MOCK-UAN-7387-5537,65,West Bengal,West Bengal,Agriculture,881,Highly-skilled,PM-Kisan,2025-09-29
MOCK-UAN-7077-9032,39,Odisha,West Bengal,Gig Worker,418,Unskilled,PM-Kisan,2026-05-24
MOCK-UAN-8581-9827,56,Bihar,Bihar,Agriculture,448,Semi-skilled,PM-Kisan,2025-12-21
MOCK-UAN-8571-1235,39,Odisha,Uttar Pradesh,Agriculture,356,Unskilled,Ayushman Bharat,2025-04-14
MOCK-UAN-3619-9570,43,West Bengal,Jharkhand,Gig Worker,397,Unskilled,eShram,2026-03-09
MOCK-UAN-8117-9787,25,Bihar,West Bengal,Domestic Worker,211,Unskilled,Ayushman Bharat,2025-08-25
MOCK-UAN-1371-3734,24,Karnataka,Andhra Pradesh,Agriculture,9,Skilled,eShram,2026-04-11
MOCK-UAN-7929-4403,32,Tamil Nadu,Gujarat,Domestic Worker,254,Unskilled,None,2024-09-27
MOCK-UAN-6216-4197,26,Gujarat,Bihar,Construction,467,Semi-skilled,PM-Kisan,2026-06-16
MOCK-UAN-6036-3202,59,Tamil Nadu,Maharashtra,Manufacturing,270,Unskilled,PM-Kisan,2024-11-14
MOCK-UAN-6375-9765,24,West Bengal,West Bengal,Construction,718,Skilled,Ayushman Bharat,2024-11-16
MOCK-UAN-5904-4476,63,Karnataka,Bihar,Agriculture,793,Highly-skilled,eShram,2025-10-08
MOCK-UAN-3291-8206,23,Maharashtra,Maharashtra,Domestic Worker,1056,Highly-skilled,PM-Kisan,2025-05-24
MOCK-UAN-4964-1988,63,Andhra Pradesh,Andhra Pradesh,Domestic Worker,652,Skilled,None,2024-12-16
MOCK-UAN-5782-8378,60,Maharashtra,Gujarat,Manufacturing,4,Highly-skilled,eShram,2026-05-06
MOCK-UAN-4046-6850,40,Bihar,Tamil Nadu,Gig Worker,997,Highly-skilled,PM-Kisan,2024-10-28
MOCK-UAN-9324-4931,48,Karnataka,Andhra Pradesh,Gig Worker,1014,Highly-skilled,None,2026-05-06
MOCK-UAN-9539-2346,42,Uttar Pradesh,Karnataka,Construction,376,Unskilled,PM-SYM,2026-06-15
MOCK-UAN-8566-6297,58,Maharashtra,Tamil Nadu,Manufacturing,632,Skilled,PM-SYM,2025-10-02
MOCK-UAN-1613-4095,60,West Bengal,Jharkhand,Manufacturing,477,Semi-skilled,PM-SYM,2025-04-14
MOCK-UAN-3200-9341,24,Uttar Pradesh,Uttar Pradesh,Agriculture,904,Highly-skilled,PM-SYM,2026-03-10
MOCK-UAN-4766-6193,31,Andhra Pradesh,Bihar,Manufacturing,4,Highly-skilled,None,2025-06-08
MOCK-UAN-1058-3845,29,West Bengal,Uttar Pradesh,Domestic Worker,892,Highly-skilled,Ayushman Bharat,2025-08-08
MOCK-UAN-6744-2833,63,Maharashtra,Maharashtra,Agriculture,890,Highly-skilled,eShram,2025-04-01
MOCK-UAN-7960-2963,24,Gujarat,Gujarat,Agriculture,356,Unskilled,eShram,2025-07-24
MOCK-UAN-9255-9564,22,West Bengal,Odisha,Manufacturing,929,Highly-skilled,Ayushman Bharat,2026-02-21
MOCK-UAN-4834-4513,43,Uttar Pradesh,Uttar Pradesh,Manufacturing,152,Unskilled,Ayushman Bharat,2024-12-20
MOCK-UAN-1138-1204,57,Bihar,Bihar,Agriculture,482,Semi-skilled,PM-Kisan,2026-06-29
MOCK-UAN-1379-4052,52,Jharkhand,Gujarat,Agriculture,459,Semi-skilled,PM-SYM,2026-04-03
MOCK-UAN-1570-6834,46,Karnataka,Uttar Pradesh,Agriculture,299,Unskilled,PM-SYM,2024-11-11
MOCK-UAN-9105-5458,24,Odisha,Uttar Pradesh,Agriculture,430,Semi-skilled,PM-Kisan,2025-06-20
MOCK-UAN-6071-2618,58,Jharkhand,Tamil Nadu,Domestic Worker,956,Highly-skilled,PM-SYM,2026-05-09
MOCK-UAN-8776-3474,65,Gujarat,Gujarat,Domestic Worker,947,Highly-skilled,eShram,2026-05-27
MOCK-UAN-5891-3361,29,Uttar Pradesh,Maharashtra,Gig Worker,961,Highly-skilled,PM-SYM,2025-01-03
MOCK-UAN-1845-1580,30,Uttar Pradesh,Karnataka,Construction,970,Highly-skilled,eShram,2024-11-05
MOCK-UAN-3446-9948,43,Karnataka,Karnataka,Gig Worker,351,Unskilled,eShram,2025-04-13
MOCK-UAN-7784-3220,22,Odisha,Gujarat,Domestic Worker,231,Unskilled,PM-SYM,2025-08-28
MOCK-UAN-6128-1491,21,Bihar,Maharashtra,Agriculture,268,Unskilled,PM-SYM,2025-12-31
MOCK-UAN-8560-2465,30,Andhra Pradesh,Andhra Pradesh,Gig Worker,593,Semi-skilled,PM-SYM,2025-01-04
MOCK-UAN-7236-1675,65,West Bengal,Bihar,Manufacturing,947,Highly-skilled,eShram,2025-05-28
MOCK-UAN-5576-7676,25,Karnataka,Jharkhand,Domestic Worker,325,Unskilled,None,2024-09-21
MOCK-UAN-6019-5012,44,Andhra Pradesh,Andhra Pradesh,Gig Worker,586,Semi-skilled,Ayushman Bharat,2025-07-12
MOCK-UAN-3158-4009,41,Jharkhand,Karnataka,Construction,525,Semi-skilled,Ayushman Bharat,2025-03-19
MOCK-UAN-5421-2348,27,Andhra Pradesh,Tamil Nadu,Manufacturing,867,Highly-skilled,eShram,2025-10-04
MOCK-UAN-4411-3992,44,Tamil Nadu,Maharashtra,Gig Worker,1021,Highly-skilled,None,2024-12-04
MOCK-UAN-5916-1394,61,Jharkhand,Gujarat,Agriculture,640,Skilled,PM-SYM,2026-04-19
MOCK-UAN-2809-6237,52,Odisha,Odisha,Construction,537,Semi-skilled,None,2026-03-22
MOCK-UAN-5678-9779,44,Uttar Pradesh,Karnataka,Domestic Worker,959,Highly-skilled,eShram,2025-04-22
MOCK-UAN-1963-1158,50,West Bengal,Karnataka,Agriculture,335,Unskilled,PM-Kisan,2025-05-09
MOCK-UAN-2451-2794,54,Andhra Pradesh,Maharashtra,Construction,967,Highly-skilled,Ayushman Bharat,2026-05-20
MOCK-UAN-3094-4233,38,Maharashtra,Tamil Nadu,Domestic Worker,953,Highly-skilled,Ayushman Bharat,2025-12-18
MOCK-UAN-1640-9260,28,Bihar,Odisha,Manufacturing,598,Skilled,Ayushman Bharat,2026-04-03
MOCK-UAN-3727-4265,16,Karnataka,Karnataka,Gig Worker,2500,Highly-skilled,Ayushman Bharat,2026-04-01
MOCK-UAN-1998-1337,19,West Bengal,Maharashtra,Agriculture,891,Highly-skilled,None,2025-05-18
MOCK-UAN-1079-1055,51,West Bengal,Bihar,Construction,612,Skilled,PM-SYM,2025-11-04
MOCK-UAN-1379-2512,42,Odisha,Odisha,Gig Worker,516,Semi-skilled,eShram,2026-08-17
MOCK-UAN-8483-9715,54,Karnataka,Karnataka,Domestic Worker,292,Unskilled,None,2024-09-24
MOCK-UAN-6518-5918,52,Bihar,Bihar,Domestic Worker,860,Highly-skilled,None,2025-06-06
MOCK-UAN-1665-1830,19,Odisha,Odisha,Domestic Worker,584,Skilled,eShram,2025-05-28
MOCK-UAN-2585-5002,46,Bihar,Bihar,Domestic Worker,205,Unskilled,Ayushman Bharat,2024-12-18
MOCK-UAN-7051-5245,39,West Bengal,Uttar Pradesh,Gig Worker,410,Unskilled,eShram,2026-06-28
MOCK-UAN-1197-2120,41,Maharashtra,Uttar Pradesh,Agriculture,900,Highly-skilled,None,2024-10-15
MOCK-UAN-7145-5102,36,Odisha,Odisha,Agriculture,859,Highly-skilled,None,2026-04-02
MOCK-UAN-3260-5374,59,Andhra Pradesh,Andhra Pradesh,Domestic Worker,332,Unskilled,PM-Kisan,2025-02-17
MOCK-UAN-4645-9410,46,Odisha,Odisha,Agriculture,346,Unskilled,eShram,2025-06-03
MOCK-UAN-9140-5293,62,Tamil Nadu,Tamil Nadu,Manufacturing,369,Semi-skilled,Ayushman Bharat,2026-06-29
MOCK-UAN-7743-6104,28,Maharashtra,West Bengal,Construction,311,Unskilled,Ayushman Bharat,2026-06-05
MOCK-UAN-6439-2756,53,Bihar,Bihar,Construction,461,Semi-skilled,Ayushman Bharat,2025-09-04
MOCK-UAN-5699-7513,25,Andhra Pradesh,Maharashtra,Gig Worker,353,Unskilled,Ayushman Bharat,2025-11-25
MOCK-UAN-1881-2396,26,West Bengal,Jharkhand,Manufacturing,341,Unskilled,PM-SYM,2024-12-15
MOCK-UAN-3879-4285,26,Odisha,Odisha,Manufacturing,290,Unskilled,Ayushman Bharat,2025-06-23
MOCK-UAN-7131-1188,49,Gujarat,Tamil Nadu,Gig Worker,686,Skilled,Ayushman Bharat,2025-10-10
MOCK-UAN-6004-3911,27,Karnataka,Maharashtra,Agriculture,799,Highly-skilled,PM-SYM,2025-01-02
MOCK-UAN-6454-4876,18,Tamil Nadu,Maharashtra,Agriculture,931,Highly-skilled,eShram,2025-06-07
MOCK-UAN-7911-2361,49,Gujarat,Jharkhand,Agriculture,238,Unskilled,eShram,2025-12-28
MOCK-UAN-4002-7459,46,Andhra Pradesh,Karnataka,Manufacturing,602,Skilled,None,2025-02-18
MOCK-UAN-5522-2254,57,Karnataka,Karnataka,Manufacturing,913,Highly-skilled,PM-Kisan,2025-06-18
MOCK-UAN-5807-8754,17,Bihar,Bihar,Domestic Worker,2500,Highly-skilled,eShram,2025-04-26
MOCK-UAN-9360-5969,50,Odisha,Uttar Pradesh,Gig Worker,484,Semi-skilled,eShram,2025-08-01
MOCK-UAN-4432-6039,21,Uttar Pradesh,Uttar Pradesh,Manufacturing,299,Semi-skilled,PM-SYM,2025-05-20
MOCK-UAN-6837-3680,40,Uttar Pradesh,Jharkhand,Construction,959,Highly-skilled,Ayushman Bharat,2025-07-01
MOCK-UAN-2440-3027,24,Odisha,Maharashtra,Domestic Worker,390,Unskilled,PM-Kisan,2025-02-12
MOCK-UAN-1041-8029,32,Uttar Pradesh,Tamil Nadu,Domestic Worker,511,Semi-skilled,PM-SYM,2026-03-09
MOCK-UAN-7877-9795,19,Gujarat,Andhra Pradesh,Agriculture,310,Unskilled,PM-SYM,2026-05-10
MOCK-UAN-4212-5570,23,Jharkhand,Andhra Pradesh,Construction,925,Highly-skilled,PM-SYM,2025-07-30
MOCK-UAN-9648-7944,18,Maharashtra,Bihar,Domestic Worker,940,Highly-skilled,PM-SYM,2024-11-13
MOCK-UAN-2023-4303,24,Odisha,Andhra Pradesh,Construction,301,Unskilled,Ayushman Bharat,2024-10-18
MOCK-UAN-4438-5879,48,Bihar,West Bengal,Construction,18970,Highly-skilled,PM-Kisan,2026-06-25
MOCK-UAN-7356-3549,40,Odisha,Odisha,Construction,675,Skilled,PM-SYM,2026-05-03
MOCK-UAN-8645-9583,39,Tamil Nadu,Tamil Nadu,Construction,403,Unskilled,eShram,2025-12-07
MOCK-UAN-6532-9685,28,Bihar,Maharashtra,Domestic Worker,1037,Highly-skilled,PM-Kisan,2024-09-18
MOCK-UAN-8667-1921,63,Maharashtra,Karnataka,Construction,969,Highly-skilled,PM-SYM,2026-04-03
MOCK-UAN-2819-8700,27,Jharkhand,Jharkhand,Domestic Worker,874,Highly-skilled,Ayushman Bharat,2026-01-20
MOCK-UAN-2976-9773,30,Karnataka,Maharashtra,Construction,948,Highly-skilled,None,2026-04-11
MOCK-UAN-1114-3982,36,West Bengal,Odisha,Agriculture,511,Skilled,None,2026-06-09
MOCK-UAN-5803-4181,26,Maharashtra,Maharashtra,Gig Worker,515,Semi-skilled,PM-SYM,2025-10-20
MOCK-UAN-7298-7265,53,Tamil Nadu,Tamil Nadu,Agriculture,879,Highly-skilled,None,2024-10-05
MOCK-UAN-8249-6841,22,Gujarat,Gujarat,Construction,473,Semi-skilled,PM-Kisan,2025-09-23
MOCK-UAN-3327-2465,38,Andhra Pradesh,Andhra Pradesh,Manufacturing,607,Skilled,eShram,2025-04-07
MOCK-UAN-4237-6963,20,West Bengal,West Bengal,Gig Worker,658,Skilled,eShram,2026-09-04
MOCK-UAN-2843-9817,-5,Odisha,West Bengal,Agriculture,356,Unskilled,eShram,2026-06-14
MOCK-UAN-2222-1253,38,Maharashtra,Bihar,Agriculture,300,Unskilled,None,2026-01-15
MOCK-UAN-7359-5764,43,Maharashtra,Gujarat,Gig Worker,699,Skilled,PM-Kisan,2025-04-27
MOCK-UAN-2941-5524,49,Gujarat,Jharkhand,Manufacturing,883,Highly-skilled,PM-SYM,2025-08-08
MOCK-UAN-6520-6258,65,Bihar,Jharkhand,Manufacturing,907,Highly-skilled,Ayushman Bharat,2025-06-16
MOCK-UAN-9301-2613,39,Tamil Nadu,Karnataka,Construction,991,Highly-skilled,eShram,2025-05-05
MOCK-UAN-1309-3515,36,Uttar Pradesh,Gujarat,Agriculture,856,Highly-skilled,None,2025-04-15
MOCK-UAN-2667-1447,47,Maharashtra,Odisha,Manufacturing,267,Unskilled,Ayushman Bharat,2025-10-13
MOCK-UAN-8875-9709,59,Maharashtra,Andhra Pradesh,Gig Worker,384,Unskilled,None,2025-08-06
MOCK-UAN-4739-9684,19,Jharkhand,Jharkhand,Agriculture,232,Unskilled,Ayushman Bharat,2026-02-12
MOCK-UAN-8520-3966,42,Andhra Pradesh,Maharashtra,Agriculture,559,Skilled,None,2026-08-17
MOCK-UAN-3416-8387,29,West Bengal,Uttar Pradesh,Construction,926,Highly-skilled,None,2025-11-27
MOCK-UAN-1168-8296,59,Gujarat,Gujarat,Gig Worker,1043,Highly-skilled,PM-SYM,2026-09-08
MOCK-UAN-6542-4411,64,West Bengal,West Bengal,Manufacturing,913,Highly-skilled,None,2026-04-17
MOCK-UAN-8065-9256,48,Odisha,Andhra Pradesh,Agriculture,909,Highly-skilled,PM-Kisan,2026-08-11
MOCK-UAN-1942-6482,41,Maharashtra,Gujarat,Construction,542,Semi-skilled,None,2025-04-07
MOCK-UAN-2373-6363,56,Karnataka,Uttar Pradesh,Construction,643,Skilled,eShram,2026-08-14
MOCK-UAN-6270-7741,46,Andhra Pradesh,Andhra Pradesh,Domestic Worker,919,Highly-skilled,None,2026-09-12
MOCK-UAN-5172-3601,45,Bihar,Andhra Pradesh,Gig Worker,694,Skilled,eShram,2025-03-19
MOCK-UAN-7593-3133,47,Maharashtra,Jharkhand,Gig Worker,563,Semi-skilled,None,2026-05-27
MOCK-UAN-7078-9029,45,Odisha,Karnataka,Construction,920,Highly-skilled,eShram,2024-11-12
MOCK-UAN-3582-9899,41,Bihar,Odisha,Manufacturing,328,Semi-skilled,PM-SYM,2026-05-19
MOCK-UAN-1128-4396,55,Jharkhand,Maharashtra,Manufacturing,293,Unskilled,PM-SYM,2025-05-16
MOCK-UAN-2268-1992,45,West Bengal,Bihar,Manufacturing,971,Highly-skilled,PM-SYM,2025-04-24
MOCK-UAN-2317-7554,30,Karnataka,Karnataka,Construction,696,Skilled,PM-SYM,2024-10-18
MOCK-UAN-4248-4418,29,Gujarat,Gujarat,Gig Worker,748,Skilled,Ayushman Bharat,2025-10-05
MOCK-UAN-2853-8218,28,Odisha,Karnataka,Manufacturing,511,Semi-skilled,PM-Kisan,2024-09-20
MOCK-UAN-1532-7515,38,Uttar Pradesh,Gujarat,Domestic Worker,604,Skilled,PM-SYM,2026-08-31
MOCK-UAN-4684-3084,47,Jharkhand,Jharkhand,Manufacturing,459,Semi-skilled,PM-Kisan,2026-05-08
MOCK-UAN-6702-1782,37,Odisha,Odisha,Construction,469,Semi-skilled,None,2025-11-18
MOCK-UAN-6425-3812,47,Jharkhand,Tamil Nadu,Agriculture,434,Semi-skilled,PM-Kisan,2026-01-28
MOCK-UAN-7121-1383,46,Andhra Pradesh,Odisha,Manufacturing,630,Skilled,PM-SYM,2025-11-17
MOCK-UAN-6953-7763,19,Jharkhand,Andhra Pradesh,Construction,560,Semi-skilled,PM-Kisan,2026-05-25
MOCK-UAN-5903-4902,57,Andhra Pradesh,Odisha,Domestic Worker,293,Unskilled,PM-Kisan,2026-05-07
MOCK-UAN-5051-4379,29,Andhra Pradesh,Andhra Pradesh,Gig Worker,677,Skilled,PM-SYM,2025-06-26
MOCK-UAN-6429-6636,21,Bihar,Bihar,Gig Worker,700,Skilled,Ayushman Bharat,2025-08-17
MOCK-UAN-1547-4703,43,Odisha,West Bengal,Domestic Worker,630,Skilled,eShram,2026-04-06
MOCK-UAN-5825-5035,43,Jharkhand,Maharashtra,Construction,277,Unskilled,Ayushman Bharat,2026-04-15
MOCK-UAN-9820-4776,25,Jharkhand,Jharkhand,Agriculture,485,Skilled,PM-SYM,2025-02-27
MOCK-UAN-1942-8279,39,Odisha,Jharkhand,Construction,322,Unskilled,eShram,2025-05-21
MOCK-UAN-7577-4245,22,Karnataka,Tamil Nadu,Agriculture,388,Semi-skilled,PM-SYM,2024-09-30
MOCK-UAN-5394-2522,54,Maharashtra,Maharashtra,Agriculture,274,Unskilled,PM-Kisan,2025-04-23
MOCK-UAN-4753-2636,48,Tamil Nadu,Karnataka,Gig Worker,992,Highly-skilled,Ayushman Bharat,2026-01-12
MOCK-UAN-9334-7531,34,Gujarat,Jharkhand,Construction,927,Highly-skilled,PM-SYM,2025-12-18
MOCK-UAN-4744-1433,18,Odisha,West Bengal,Agriculture,672,Skilled,eShram,2026-06-04
MOCK-UAN-2028-6797,62,Maharashtra,Maharashtra,Agriculture,5447,Unskilled,Ayushman Bharat,2024-12-20
MOCK-UAN-3286-2644,-3,Bihar,Andhra Pradesh,Domestic Worker,915,Highly-skilled,None,2026-05-13
MOCK-UAN-3288-5275,47,Odisha,Odisha,Agriculture,631,Skilled,eShram,2025-02-19
MOCK-UAN-9220-9933,33,Uttar Pradesh,Uttar Pradesh,Agriculture,243,Unskilled,PM-Kisan,2025-03-18
MOCK-UAN-1121-5956,52,Karnataka,Gujarat,Manufacturing,951,Highly-skilled,PM-Kisan,2025-04-06
MOCK-UAN-4841-3787,55,Odisha,Odisha,Manufacturing,596,Skilled,PM-SYM,2025-09-16
MOCK-UAN-1936-3718,39,Karnataka,Karnataka,Agriculture,933,Highly-skilled,Ayushman Bharat,2024-11-12
MOCK-UAN-6464-9248,40,West Bengal,Odisha,Gig Worker,646,Skilled,None,2026-09-12
MOCK-UAN-3211-7627,29,Andhra Pradesh,Andhra Pradesh,Agriculture,822,Highly-skilled,None,2025-01-21
MOCK-UAN-3757-6937,37,Maharashtra,Maharashtra,Agriculture,640,Skilled,PM-SYM,2026-05-07
MOCK-UAN-3605-3828,29,Tamil Nadu,Bihar,Domestic Worker,468,Semi-skilled,Ayushman Bharat,2026-07-26
MOCK-UAN-7647-3752,37,Karnataka,Gujarat,Gig Worker,654,Skilled,eShram,2026-04-08
MOCK-UAN-5481-2428,36,Odisha,Andhra Pradesh,Construction,906,Highly-skilled,None,2025-03-08
MOCK-UAN-8264-1651,26,Gujarat,Uttar Pradesh,Agriculture,356,Unskilled,PM-Kisan,2025-09-19
MOCK-UAN-4032-2093,48,Uttar Pradesh,Uttar Pradesh,Construction,440,Semi-skilled,PM-Kisan,2026-06-08
MOCK-UAN-5024-7074,30,West Bengal,West Bengal,Gig Worker,632,Semi-skilled,Ayushman Bharat,2026-05-28
MOCK-UAN-1094-1766,44,Andhra Pradesh,Andhra Pradesh,Gig Worker,954,Highly-skilled,None,2025-05-13
MOCK-UAN-2816-7848,21,Karnataka,Karnataka,Gig Worker,1031,Highly-skilled,Ayushman Bharat,2025-04-26
MOCK-UAN-6799-1169,18,Odisha,Karnataka,Gig Worker,533,Semi-skilled,Ayushman Bharat,2025-06-05
MOCK-UAN-4652-2823,31,Maharashtra,Maharashtra,Construction,380,Unskilled,PM-Kisan,2025-06-07
MOCK-UAN-2526-8131,37,Jharkhand,Jharkhand,Construction,922,Highly-skilled,Ayushman Bharat,2025-06-24
MOCK-UAN-5713-2905,65,Maharashtra,West Bengal,Manufacturing,891,Highly-skilled,PM-Kisan,2025-09-20
MOCK-UAN-7884-1518,45,Maharashtra,Maharashtra,Domestic Worker,602,Skilled,eShram,2026-06-15
MOCK-UAN-5545-8021,22,Karnataka,Tamil Nadu,Construction,899,Highly-skilled,PM-SYM,2024-12-12
MOCK-UAN-9100-4093,29,Uttar Pradesh,Uttar Pradesh,Construction,537,Semi-skilled,Ayushman Bharat,2026-04-11
MOCK-UAN-6040-5368,35,Bihar,Bihar,Gig Worker,524,Semi-skilled,Ayushman Bharat,2025-09-03
MOCK-UAN-6492-4217,50,Gujarat,West Bengal,Domestic Worker,288,Unskilled,eShram,2025-09-17
MOCK-UAN-9782-7057,65,Maharashtra,Jharkhand,Manufacturing,250,Unskilled,Ayushman Bharat,2026-08-20
MOCK-UAN-4241-9449,45,Uttar Pradesh,Andhra Pradesh,Construction,521,Skilled,eShram,2026-02-09
MOCK-UAN-6127-8892,65,Uttar Pradesh,Karnataka,Agriculture,440,Semi-skilled,Ayushman Bharat,2026-05-12
MOCK-UAN-1532-4610,48,West Bengal,Gujarat,Construction,770,Skilled,None,2026-07-10
MOCK-UAN-2537-5810,32,Karnataka,Odisha,Agriculture,639,Skilled,eShram,2025-04-18
MOCK-UAN-8395-6757,44,Uttar Pradesh,Uttar Pradesh,Manufacturing,449,Semi-skilled,None,2025-05-12
MOCK-UAN-2100-7025,60,Uttar Pradesh,Uttar Pradesh,Construction,636,Skilled,PM-Kisan,2026-05-31
MOCK-UAN-1979-3443,46,Karnataka,Karnataka,Gig Worker,401,Unskilled,PM-SYM,2026-02-26
MOCK-UAN-1671-8445,59,West Bengal,Uttar Pradesh,Gig Worker,727,Skilled,None,2026-04-23
MOCK-UAN-5062-8277,35,Gujarat,Maharashtra,Gig Worker,340,Unskilled,None,2026-01-22
MOCK-UAN-4456-1364,43,Karnataka,Karnataka,Construction,555,Semi-skilled,eShram,2025-03-21
MOCK-UAN-8788-5607,23,Odisha,West Bengal,Manufacturing,935,Highly-skilled,Ayushman Bharat,2025-04-26
MOCK-UAN-6398-1764,42,Karnataka,Karnataka,Domestic Worker,935,Highly-skilled,eShram,2025-07-23
MOCK-UAN-3771-9438,62,Odisha,Odisha,Domestic Worker,921,Highly-skilled,None,2024-10-09
MOCK-UAN-6159-6286,19,Uttar Pradesh,Jharkhand,Construction,950,Highly-skilled,PM-SYM,2025-06-10
MOCK-UAN-7923-2273,52,Gujarat,Gujarat,Manufacturing,333,Unskilled,None,2025-10-20
MOCK-UAN-2002-2142,43,Jharkhand,Andhra Pradesh,Manufacturing,479,Semi-skilled,PM-Kisan,2026-06-19
MOCK-UAN-9790-3617,49,Bihar,Karnataka,Agriculture,432,Semi-skilled,eShram,2026-06-14
MOCK-UAN-6045-5299,28,Gujarat,Jharkhand,Construction,471,Semi-skilled,PM-Kisan,2026-03-17
MOCK-UAN-4840-2427,61,Maharashtra,Maharashtra,Agriculture,305,Unskilled,PM-SYM,2025-07-01
MOCK-UAN-7857-8366,19,Gujarat,Bihar,Domestic Worker,3,Skilled,PM-Kisan,2025-05-20
MOCK-UAN-9691-3660,35,Maharashtra,Odisha,Agriculture,388,Semi-skilled,PM-SYM,2026-05-24
MOCK-UAN-9827-2829,44,Karnataka,Andhra Pradesh,Manufacturing,826,Highly-skilled,Ayushman Bharat,2026-07-26
MOCK-UAN-2866-6631,59,West Bengal,Andhra Pradesh,Construction,958,Highly-skilled,Ayushman Bharat,2026-05-02
MOCK-UAN-3325-9372,23,Tamil Nadu,West Bengal,Construction,352,Unskilled,None,2024-11-09
MOCK-UAN-3557-7754,58,Uttar Pradesh,Andhra Pradesh,Gig Worker,408,Unskilled,PM-Kisan,2026-06-21
MOCK-UAN-9480-2074,47,Jharkhand,Odisha,Gig Worker,1012,Highly-skilled,PM-Kisan,2025-03-12
MOCK-UAN-5849-5901,51,Tamil Nadu,Tamil Nadu,Construction,338,Unskilled,None,2025-02-12
MOCK-UAN-6552-4012,59,Karnataka,Karnataka,Construction,424,Unskilled,None,2026-06-20
MOCK-UAN-7305-2805,28,Karnataka,Jharkhand,Construction,269,Unskilled,PM-Kisan,2025-01-29
MOCK-UAN-4933-2966,47,Andhra Pradesh,Andhra Pradesh,Gig Worker,958,Highly-skilled,eShram,2026-08-04
MOCK-UAN-5334-5597,35,Maharashtra,Karnataka,Gig Worker,694,Skilled,Ayushman Bharat,2026-03-03
MOCK-UAN-8938-1096,23,Jharkhand,Tamil Nadu,Gig Worker,617,Skilled,eShram,2026-07-20
MOCK-UAN-4521-7681,56,Andhra Pradesh,Maharashtra,Gig Worker,991,Highly-skilled,Ayushman Bharat,2025-06-15
MOCK-UAN-7636-1963,33,Odisha,Karnataka,Construction,583,Semi-skilled,Ayushman Bharat,2025-05-21
MOCK-UAN-3178-6051,20,Tamil Nadu,Karnataka,Agriculture,301,Unskilled,PM-Kisan,2025-12-09
MOCK-UAN-5561-1266,33,Gujarat,Gujarat,Agriculture,461,Semi-skilled,PM-SYM,2025-09-10
MOCK-UAN-8401-9165,33,West Bengal,Gujarat,Manufacturing,386,Semi-skilled,eShram,2025-01-23
MOCK-UAN-1629-7244,43,Karnataka,Karnataka,Domestic Worker,869,Highly-skilled,Ayushman Bharat,2025-06-10
MOCK-UAN-8939-3853,26,Andhra Pradesh,Andhra Pradesh,Gig Worker,981,Highly-skilled,eShram,2025-03-03
MOCK-UAN-3110-1181,42,Gujarat,West Bengal,Domestic Worker,884,Highly-skilled,eShram,2025-03-27
MOCK-UAN-7176-3528,55,Odisha,Odisha,Domestic Worker,514,Semi-skilled,eShram,2025-08-09
MOCK-UAN-8822-7550,53,West Bengal,Karnataka,Manufacturing,477,Semi-skilled,Ayushman Bharat,2026-04-09
MOCK-UAN-9604-3828,21,West Bengal,West Bengal,Agriculture,394,Semi-skilled,PM-SYM,2025-08-16
MOCK-UAN-9648-4106,56,Bihar,Maharashtra,Manufacturing,312,Unskilled,PM-SYM,2024-09-19
MOCK-UAN-5744-5874,21,Karnataka,Karnataka,Gig Worker,424,Unskilled,Ayushman Bharat,2026-07-14
MOCK-UAN-1553-5657,64,Odisha,Uttar Pradesh,Construction,407,Unskilled,eShram,2026-02-25
MOCK-UAN-9121-6265,27,West Bengal,Andhra Pradesh,Domestic Worker,979,Highly-skilled,Ayushman Bharat,2026-08-03
MOCK-UAN-3617-3218,36,Andhra Pradesh,Maharashtra,Construction,449,Semi-skilled,eShram,2025-08-25
MOCK-UAN-1507-8937,45,Gujarat,Gujarat,Construction,609,Skilled,PM-Kisan,2026-06-12
MOCK-UAN-9932-1556,59,Tamil Nadu,Jharkhand,Construction,287,Unskilled,None,2026-07-21
MOCK-UAN-1045-8349,57,Gujarat,Odisha,Manufacturing,588,Skilled,None,2025-02-18
MOCK-UAN-5757-1110,37,Maharashtra,Maharashtra,Agriculture,923,Highly-skilled,Ayushman Bharat,2025-01-16
MOCK-UAN-6209-4695,22,Maharashtra,Gujarat,Manufacturing,349,Unskilled,PM-SYM,2024-11-07
MOCK-UAN-9124-4218,59,Jharkhand,Gujarat,Construction,496,Semi-skilled,None,2024-12-12
MOCK-UAN-3938-1737,27,Tamil Nadu,Tamil Nadu,Domestic Worker,284,Unskilled,PM-Kisan,2025-04-06
MOCK-UAN-4168-4440,47,Andhra Pradesh,Maharashtra,Agriculture,607,Skilled,Ayushman Bharat,2025-12-18
MOCK-UAN-1001-5438,49,Gujarat,Odisha,Manufacturing,408,Semi-skilled,eShram,2025-08-03
MOCK-UAN-1084-8707,18,Tamil Nadu,Bihar,Manufacturing,2500,Highly-skilled,PM-Kisan,2026-06-06
MOCK-UAN-9818-6687,23,Uttar Pradesh,Maharashtra,Agriculture,219,Unskilled,PM-Kisan,2024-11-29
MOCK-UAN-6800-9337,18,Tamil Nadu,Bihar,Construction,659,Skilled,None,2025-06-08
MOCK-UAN-7429-6992,33,Odisha,Odisha,Manufacturing,401,Unskilled,None,2025-04-19
MOCK-UAN-5027-1206,63,Uttar Pradesh,Tamil Nadu,Construction,650,Skilled,PM-SYM,2025-05-27
MOCK-UAN-9944-3451,29,Bihar,Bihar,Construction,490,Semi-skilled,PM-Kisan,2025-10-11
MOCK-UAN-3626-1653,33,West Bengal,Odisha,Domestic Worker,9369,Highly-skilled,Ayushman Bharat,2026-06-20
MOCK-UAN-1344-8287,52,West Bengal,Gujarat,Agriculture,440,Semi-skilled,PM-Kisan,2026-08-30
MOCK-UAN-7260-5628,62,Gujarat,Gujarat,Gig Worker,618,Semi-skilled,eShram,2025-08-31
MOCK-UAN-3165-4278,21,Maharashtra,Maharashtra,Manufacturing,489,Skilled,Ayushman Bharat,2024-10-06
MOCK-UAN-9310-1875,45,Karnataka,Odisha,Manufacturing,376,Unskilled,PM-Kisan,2026-06-23
MOCK-UAN-2518-9861,64,Uttar Pradesh,Uttar Pradesh,Construction,278,Unskilled,eShram,2026-08-13
MOCK-UAN-3379-7386,18,Bihar,Odisha,Agriculture,2500,Highly-skilled,PM-Kisan,2024-11-02
MOCK-UAN-7542-4948,29,Bihar,Karnataka,Construction,628,Skilled,None,2026-08-16
MOCK-UAN-3603-3404,-5,Tamil Nadu,West Bengal,Construction,979,Highly-skilled,None,2025-06-21
MOCK-UAN-5563-5854,48,Andhra Pradesh,Andhra Pradesh,Gig Worker,470,Semi-skilled,PM-SYM,2025-12-13
MOCK-UAN-5739-7396,65,Bihar,Bihar,Domestic Worker,623,Skilled,eShram,2026-04-28
MOCK-UAN-8961-7348,44,Jharkhand,Jharkhand,Gig Worker,651,Semi-skilled,Ayushman Bharat,2026-09-04
MOCK-UAN-7159-1045,41,Maharashtra,Maharashtra,Gig Worker,931,Highly-skilled,PM-SYM,2026-03-16
MOCK-UAN-3125-7127,49,West Bengal,West Bengal,Construction,509,Semi-skilled,None,2026-02-26
MOCK-UAN-6417-1849,43,Maharashtra,Karnataka,Gig Worker,966,Highly-skilled,PM-SYM,2026-06-21
MOCK-UAN-8027-5357,18,Odisha,Bihar,Construction,521,Semi-skilled,PM-Kisan,2024-10-29
MOCK-UAN-3701-1961,65,Maharashtra,Maharashtra,Gig Worker,700,Skilled,eShram,2024-10-08
MOCK-UAN-6553-3589,62,Maharashtra,Maharashtra,Manufacturing,567,Skilled,PM-Kisan,2026-01-06
MOCK-UAN-7007-4789,25,Odisha,Odisha,Gig Worker,1024,Highly-skilled,PM-SYM,2024-11-04
MOCK-UAN-9739-8051,20,Jharkhand,Jharkhand,Manufacturing,690,Skilled,None,2025-07-14
MOCK-UAN-5223-5478,58,Odisha,Odisha,Construction,640,Skilled,Ayushman Bharat,2026-04-08
MOCK-UAN-5612-5674,39,Maharashtra,Bihar,Domestic Worker,335,Unskilled,PM-Kisan,2025-01-16
MOCK-UAN-7378-6699,58,Tamil Nadu,Uttar Pradesh,Agriculture,535,Skilled,None,2026-06-26
MOCK-UAN-7078-3447,25,Karnataka,Karnataka,Construction,602,Skilled,None,2025-04-26
MOCK-UAN-7881-3286,37,West Bengal,Karnataka,Construction,673,Skilled,None,2025-05-01
MOCK-UAN-3147-4223,40,Bihar,Gujarat,Construction,424,Unskilled,Ayushman Bharat,2025-04-06
MOCK-UAN-2111-8228,32,Bihar,Jharkhand,Agriculture,917,Highly-skilled,PM-SYM,2025-09-05
MOCK-UAN-2013-7118,26,Jharkhand,Bihar,Gig Worker,534,Semi-skilled,PM-Kisan,2025-08-15
MOCK-UAN-5347-1927,63,Gujarat,Gujarat,Agriculture,449,Semi-skilled,PM-SYM,2026-08-12
MOCK-UAN-8660-1891,38,Karnataka,Bihar,Domestic Worker,837,Highly-skilled,None,2025-07-19
MOCK-UAN-7629-4519,-2,Tamil Nadu,Bihar,Domestic Worker,480,Semi-skilled,eShram,2025-08-11
MOCK-UAN-9108-5322,58,West Bengal,Odisha,Construction,694,Skilled,None,2024-11-04
MOCK-UAN-4979-8835,48,Bihar,Uttar Pradesh,Construction,327,Unskilled,PM-Kisan,2025-05-16
MOCK-UAN-4963-4555,30,Jharkhand,Jharkhand,Domestic Worker,876,Highly-skilled,eShram,2025-05-09
MOCK-UAN-1654-4048,53,Jharkhand,Maharashtra,Manufacturing,913,Highly-skilled,None,2026-06-09
MOCK-UAN-4061-5231,28,Karnataka,Maharashtra,Domestic Worker,428,Semi-skilled,eShram,2026-03-16
MOCK-UAN-3305-1765,26,Maharashtra,Maharashtra,Construction,346,Unskilled,Ayushman Bharat,2026-08-21
MOCK-UAN-2069-7935,57,Maharashtra,Jharkhand,Domestic Worker,704,Skilled,Ayushman Bharat,2025-02-03
MOCK-UAN-5864-9104,60,Bihar,Bihar,Domestic Worker,437,Semi-skilled,PM-Kisan,2024-09-24
MOCK-UAN-8917-6429,38,Bihar,Tamil Nadu,Agriculture,432,Semi-skilled,None,2024-11-12
MOCK-UAN-8250-6301,45,Odisha,Odisha,Domestic Worker,267,Unskilled,eShram,2026-04-02
MOCK-UAN-3036-1482,18,Gujarat,Gujarat,Gig Worker,587,Semi-skilled,eShram,2025-03-22
MOCK-UAN-8086-3466,26,Karnataka,West Bengal,Gig Worker,540,Semi-skilled,PM-SYM,2025-11-13
MOCK-UAN-9294-1553,43,Gujarat,Gujarat,Manufacturing,267,Unskilled,None,2024-09-18
MOCK-UAN-6922-1857,33,Gujarat,Gujarat,Agriculture,666,Skilled,eShram,2026-06-15
MOCK-UAN-5984-3216,58,Uttar Pradesh,Andhra Pradesh,Manufacturing,670,Skilled,PM-SYM,2025-01-28
MOCK-UAN-5427-1303,61,Gujarat,Tamil Nadu,Domestic Worker,419,Semi-skilled,None,2025-12-23
MOCK-UAN-7082-1039,45,Jharkhand,Andhra Pradesh,Gig Worker,906,Highly-skilled,eShram,2026-02-17
MOCK-UAN-6846-7611,34,Gujarat,Gujarat,Agriculture,950,Highly-skilled,Ayushman Bharat,2025-08-03
MOCK-UAN-4422-2711,17,Maharashtra,Maharashtra,Domestic Worker,2500,Highly-skilled,PM-Kisan,2026-03-23
MOCK-UAN-2267-5221,56,West Bengal,Tamil Nadu,Agriculture,339,Unskilled,Ayushman Bharat,2026-05-19
MOCK-UAN-4400-3341,44,Gujarat,Jharkhand,Gig Worker,451,Semi-skilled,PM-Kisan,2025-06-05
MOCK-UAN-2661-3142,24,Jharkhand,Jharkhand,Domestic Worker,344,Unskilled,PM-SYM,2025-08-18
MOCK-UAN-6561-4735,34,Andhra Pradesh,Jharkhand,Gig Worker,939,Highly-skilled,None,2026-08-31
MOCK-UAN-3676-3252,30,Odisha,Odisha,Agriculture,936,Highly-skilled,Ayushman Bharat,2025-03-10
MOCK-UAN-3647-6587,43,Karnataka,Karnataka,Manufacturing,300,Unskilled,PM-Kisan,2026-02-10
MOCK-UAN-3109-4359,46,West Bengal,West Bengal,Manufacturing,252,Unskilled,Ayushman Bharat,2026-07-20
MOCK-UAN-5753-2104,42,West Bengal,Bihar,Gig Worker,679,Skilled,PM-Kisan,2026-07-04
MOCK-UAN-6012-8660,65,Odisha,Uttar Pradesh,Manufacturing,334,Unskilled,Ayushman Bharat,2026-02-24
MOCK-UAN-8271-5412,54,Gujarat,Odisha,Gig Worker,14481,Unskilled,PM-Kisan,2025-04-02
MOCK-UAN-9896-1972,54,Jharkhand,Karnataka,Manufacturing,479,Semi-skilled,PM-SYM,2024-12-25
MOCK-UAN-6838-6220,64,Karnataka,Karnataka,Manufacturing,698,Skilled,Ayushman Bharat,2026-02-08
MOCK-UAN-9564-7530,38,Tamil Nadu,Tamil Nadu,Agriculture,821,Highly-skilled,Ayushman Bharat,2024-12-26
MOCK-UAN-3820-5174,48,Gujarat,Andhra Pradesh,Construction,1030,Highly-skilled,PM-Kisan,2025-12-16
MOCK-UAN-7798-9699,26,Uttar Pradesh,Uttar Pradesh,Agriculture,305,Unskilled,None,2025-10-11
MOCK-UAN-6326-2745,27,Jharkhand,Jharkhand,Agriculture,555,Skilled,PM-SYM,2026-02-21
MOCK-UAN-8738-5851,18,Jharkhand,Jharkhand,Gig Worker,483,Semi-skilled,PM-Kisan,2025-11-05
MOCK-UAN-7976-1278,50,Maharashtra,Maharashtra,Manufacturing,290,Unskilled,PM-SYM,2026-05-07
MOCK-UAN-1746-5887,35,Jharkhand,Jharkhand,Domestic Worker,17488,Highly-skilled,PM-SYM,2025-06-02
MOCK-UAN-9856-9760,32,Andhra Pradesh,Andhra Pradesh,Agriculture,293,Unskilled,eShram,2025-06-17
MOCK-UAN-1198-8098,58,Bihar,Bihar,Manufacturing,975,Highly-skilled,PM-Kisan,2025-05-05
MOCK-UAN-5402-2794,31,Tamil Nadu,Uttar Pradesh,Domestic Worker,227,Unskilled,Ayushman Bharat,2025-08-06
MOCK-UAN-8602-4352,40,Gujarat,Gujarat,Manufacturing,599,Skilled,PM-Kisan,2024-09-29
MOCK-UAN-9163-4649,54,Uttar Pradesh,Uttar Pradesh,Agriculture,237,Unskilled,eShram,2026-07-20
MOCK-UAN-1017-3762,63,Odisha,Jharkhand,Construction,518,Semi-skilled,PM-SYM,2025-09-12
MOCK-UAN-3292-6441,51,Uttar Pradesh,Uttar Pradesh,Construction,994,Highly-skilled,eShram,2026-04-19
MOCK-UAN-8209-8533,48,Uttar Pradesh,West Bengal,Agriculture,578,Skilled,PM-SYM,2026-07-19
MOCK-UAN-9412-7969,65,Uttar Pradesh,Uttar Pradesh,Domestic Worker,319,Semi-skilled,eShram,2024-09-18
MOCK-UAN-3115-6242,59,West Bengal,West Bengal,Domestic Worker,609,Skilled,PM-SYM,2026-04-22
MOCK-UAN-5009-4600,28,Gujarat,Tamil Nadu,Domestic Worker,921,Highly-skilled,PM-Kisan,2025-05-10
MOCK-UAN-9459-4437,24,Karnataka,Andhra Pradesh,Manufacturing,920,Highly-skilled,eShram,2026-05-12
MOCK-UAN-2416-7087,23,West Bengal,West Bengal,Construction,1011,Highly-skilled,PM-Kisan,2026-05-27
MOCK-UAN-6927-6568,54,Uttar Pradesh,Odisha,Domestic Worker,246,Unskilled,None,2025-02-18
MOCK-UAN-8539-3366,32,Karnataka,Odisha,Domestic Worker,334,Unskilled,eShram,2025-03-09
MOCK-UAN-1927-1588,63,Gujarat,Uttar Pradesh,Domestic Worker,959,Highly-skilled,PM-SYM,2026-08-03
MOCK-UAN-5596-8635,46,Odisha,Uttar Pradesh,Construction,861,Highly-skilled,None,2026-02-05
MOCK-UAN-4318-9598,22,West Bengal,Andhra Pradesh,Manufacturing,465,Semi-skilled,None,2026-05-16
MOCK-UAN-1951-5956,41,West Bengal,West Bengal,Manufacturing,424,Semi-skilled,None,2026-04-01
MOCK-UAN-5318-9384,46,Gujarat,Andhra Pradesh,Gig Worker,395,Unskilled,None,2026-06-13
MOCK-UAN-2782-3955,25,Odisha,Tamil Nadu,Construction,367,Unskilled,eShram,2026-04-18
MOCK-UAN-9847-9568,59,Gujarat,Gujarat,Construction,475,Semi-skilled,PM-SYM,2026-07-11
MOCK-UAN-1115-7582,42,Odisha,Bihar,Construction,916,Highly-skilled,PM-Kisan,2025-01-28
MOCK-UAN-3404-3358,42,West Bengal,West Bengal,Gig Worker,551,Semi-skilled,Ayushman Bharat,2026-09-08
MOCK-UAN-8154-5977,17,Karnataka,Karnataka,Gig Worker,2500,Highly-skilled,PM-SYM,2025-11-19
MOCK-UAN-8540-9372,57,Gujarat,Gujarat,Gig Worker,495,Semi-skilled,Ayushman Bharat,2025-09-12
MOCK-UAN-1217-8976,46,Maharashtra,Maharashtra,Gig Worker,583,Semi-skilled,PM-SYM,2025-08-11
MOCK-UAN-1699-6214,46,Andhra Pradesh,Jharkhand,Domestic Worker,842,Highly-skilled,PM-Kisan,2026-05-25
MOCK-UAN-4647-9463,35,Uttar Pradesh,Tamil Nadu,Agriculture,483,Semi-skilled,PM-SYM,2024-12-02
MOCK-UAN-6055-8919,21,Bihar,Bihar,Gig Worker,723,Skilled,PM-SYM,2025-04-06
MOCK-UAN-8273-2865,38,Gujarat,Gujarat,Domestic Worker,213,Unskilled,PM-SYM,2026-05-04
MOCK-UAN-8378-8313,-2,Andhra Pradesh,Andhra Pradesh,Gig Worker,516,Semi-skilled,Ayushman Bharat,2026-06-19
MOCK-UAN-7985-9394,36,Uttar Pradesh,West Bengal,Domestic Worker,659,Skilled,PM-SYM,2025-05-10
MOCK-UAN-7934-8000,37,Andhra Pradesh,Uttar Pradesh,Gig Worker,650,Skilled,None,2025-04-26
MOCK-UAN-9290-4412,25,Tamil Nadu,West Bengal,Agriculture,876,Highly-skilled,eShram,2026-05-23
MOCK-UAN-3413-8195,32,Bihar,Odisha,Gig Worker,423,Unskilled,eShram,2026-04-16
MOCK-UAN-6430-7034,63,Uttar Pradesh,Uttar Pradesh,Gig Worker,589,Semi-skilled,eShram,2025-04-18
MOCK-UAN-6684-5166,52,Maharashtra,Karnataka,Construction,937,Highly-skilled,eShram,2025-07-19
MOCK-UAN-7296-8715,63,Uttar Pradesh,Bihar,Agriculture,570,Skilled,PM-Kisan,2025-07-02
MOCK-UAN-8979-5386,65,Odisha,Bihar,Manufacturing,371,Unskilled,Ayushman Bharat,2024-09-28
MOCK-UAN-3712-2260,50,Bihar,Odisha,Construction,736,Skilled,PM-SYM,2025-05-06
MOCK-UAN-5912-5480,60,Karnataka,Andhra Pradesh,Domestic Worker,648,Skilled,PM-Kisan,2025-04-11
MOCK-UAN-8368-5715,19,Jharkhand,Maharashtra,Domestic Worker,904,Highly-skilled,Ayushman Bharat,2026-07-27
MOCK-UAN-4954-4297,19,Jharkhand,Gujarat,Construction,909,Highly-skilled,eShram,2025-01-12
MOCK-UAN-4090-7809,42,Karnataka,Gujarat,Manufacturing,858,Highly-skilled,None,2025-06-13
MOCK-UAN-4940-5552,29,Andhra Pradesh,Maharashtra,Gig Worker,576,Semi-skilled,Ayushman Bharat,2026-06-05
MOCK-UAN-1649-2185,31,Karnataka,Karnataka,Domestic Worker,470,Semi-skilled,None,2026-01-27
MOCK-UAN-1264-2536,48,Karnataka,Karnataka,Agriculture,520,Semi-skilled,Ayushman Bharat,2025-06-24
MOCK-UAN-2970-5494,36,Andhra Pradesh,Andhra Pradesh,Gig Worker,582,Semi-skilled,Ayushman Bharat,2024-11-18
MOCK-UAN-7479-6906,45,Uttar Pradesh,Karnataka,Construction,274,Unskilled,PM-Kisan,2025-10-12
MOCK-UAN-3101-7219,31,Bihar,Gujarat,Manufacturing,652,Skilled,Ayushman Bharat,2026-05-04
MOCK-UAN-3993-8962,61,Karnataka,Uttar Pradesh,Construction,600,Skilled,PM-Kisan,2025-04-06
MOCK-UAN-6480-6624,22,Maharashtra,Maharashtra,Agriculture,580,Skilled,Ayushman Bharat,2026-03-31
MOCK-UAN-3304-3958,52,West Bengal,Andhra Pradesh,Agriculture,912,Highly-skilled,eShram,2025-05-13
MOCK-UAN-2371-7124,61,Karnataka,Maharashtra,Gig Worker,799,Skilled,PM-SYM,2025-01-10
MOCK-UAN-8503-9617,51,Karnataka,Tamil Nadu,Gig Worker,555,Unskilled,eShram,2026-06-11
MOCK-UAN-5676-4995,46,Karnataka,Karnataka,Manufacturing,330,Unskilled,PM-Kisan,2025-06-02
MOCK-UAN-1979-2636,64,West Bengal,Maharashtra,Construction,8255,Skilled,eShram,2026-04-09
MOCK-UAN-4749-8096,-1,West Bengal,Bihar,Construction,976,Highly-skilled,PM-Kisan,2024-12-03
MOCK-UAN-2594-1742,57,Gujarat,Gujarat,Agriculture,944,Highly-skilled,Ayushman Bharat,2025-01-24
MOCK-UAN-8440-1866,44,West Bengal,West Bengal,Construction,483,Semi-skilled,None,2026-04-30
MOCK-UAN-5004-2181,41,Uttar Pradesh,Maharashtra,Construction,1039,Highly-skilled,PM-SYM,2026-04-17
MOCK-UAN-8073-6492,59,Tamil Nadu,Tamil Nadu,Construction,661,Skilled,eShram,2025-03-06
MOCK-UAN-2565-2570,36,Jharkhand,Karnataka,Manufacturing,324,Unskilled,PM-SYM,2025-06-19
MOCK-UAN-3321-1312,24,Gujarat,Maharashtra,Gig Worker,583,Semi-skilled,eShram,2025-01-31
MOCK-UAN-5552-1612,20,Tamil Nadu,Jharkhand,Gig Worker,571,Semi-skilled,PM-SYM,2025-10-01
MOCK-UAN-1451-2566,60,Odisha,Odisha,Construction,391,Unskilled,eShram,2025-06-04
MOCK-UAN-4425-4663,54,Bihar,Maharashtra,Agriculture,419,Semi-skilled,PM-Kisan,2025-10-07
MOCK-UAN-2912-4517,28,Maharashtra,Maharashtra,Agriculture,572,Skilled,None,2026-08-11
MOCK-UAN-3068-4548,37,Jharkhand,Tamil Nadu,Agriculture,844,Highly-skilled,None,2025-05-07
MOCK-UAN-5384-3848,65,Andhra Pradesh,Andhra Pradesh,Domestic Worker,621,Skilled,eShram,2025-12-06
MOCK-UAN-8758-4973,35,Odisha,Tamil Nadu,Gig Worker,1038,Highly-skilled,eShram,2025-09-14
MOCK-UAN-2509-6482,62,Jharkhand,Jharkhand,Manufacturing,622,Skilled,Ayushman Bharat,2026-04-14
MOCK-UAN-5382-8994,42,Jharkhand,Uttar Pradesh,Domestic Worker,383,Unskilled,PM-Kisan,2025-11-15
MOCK-UAN-2724-5367,14,Tamil Nadu,Karnataka,Domestic Worker,2500,Highly-skilled,eShram,2025-07-07
MOCK-UAN-5436-7452,45,Tamil Nadu,Tamil Nadu,Agriculture,483,Semi-skilled,PM-Kisan,2026-05-02
MOCK-UAN-7680-3085,58,Odisha,Tamil Nadu,Gig Worker,495,Semi-skilled,Ayushman Bharat,2025-04-10
MOCK-UAN-7361-9091,55,Jharkhand,Gujarat,Manufacturing,280,Unskilled,eShram,2026-07-03
MOCK-UAN-7854-4219,65,West Bengal,West Bengal,Agriculture,634,Skilled,eShram,2026-07-22
MOCK-UAN-9987-6382,50,Gujarat,Andhra Pradesh,Manufacturing,342,Unskilled,None,2025-06-21
MOCK-UAN-4872-9951,60,Bihar,Gujarat,Gig Worker,385,Unskilled,PM-SYM,2025-10-23
MOCK-UAN-9442-4223,62,Karnataka,Maharashtra,Construction,946,Highly-skilled,eShram,2026-05-23
MOCK-UAN-3720-1066,24,Uttar Pradesh,Karnataka,Manufacturing,224,Unskilled,PM-Kisan,2025-02-05
MOCK-UAN-5507-4407,25,Jharkhand,Jharkhand,Agriculture,882,Highly-skilled,eShram,2026-05-14
MOCK-UAN-8242-7502,29,Tamil Nadu,Tamil Nadu,Gig Worker,594,Semi-skilled,None,2026-09-04
MOCK-UAN-7643-4360,30,Odisha,Jharkhand,Domestic Worker,628,Skilled,PM-SYM,2025-04-23
MOCK-UAN-5296-9284,60,Bihar,Bihar,Construction,525,Semi-skilled,None,2026-09-04
MOCK-UAN-5786-8539,23,Odisha,Andhra Pradesh,Manufacturing,452,Semi-skilled,eShram,2025-08-17
MOCK-UAN-2817-1538,24,Gujarat,Tamil Nadu,Domestic Worker,300,Unskilled,PM-SYM,2025-10-30
MOCK-UAN-5045-5458,64,Odisha,Bihar,Gig Worker,516,Semi-skilled,eShram,2025-06-20
MOCK-UAN-4529-8802,60,Gujarat,Gujarat,Gig Worker,734,Skilled,PM-Kisan,2024-12-26
MOCK-UAN-9937-5346,23,Andhra Pradesh,Andhra Pradesh,Manufacturing,921,Highly-skilled,PM-Kisan,2025-06-03
MOCK-UAN-2699-7561,18,Uttar Pradesh,Bihar,Construction,374,Unskilled,Ayushman Bharat,2026-07-18
MOCK-UAN-3646-1633,27,West Bengal,Gujarat,Manufacturing,273,Unskilled,None,2026-03-26
MOCK-UAN-2185-1648,33,Uttar Pradesh,Maharashtra,Agriculture,492,Skilled,Ayushman Bharat,2026-04-04
MOCK-UAN-3554-1981,31,Tamil Nadu,Karnataka,Construction,8,Highly-skilled,PM-Kisan,2026-04-18
MOCK-UAN-7261-1962,23,Tamil Nadu,Tamil Nadu,Construction,326,Unskilled,None,2025-01-11
MOCK-UAN-3215-2601,55,Uttar Pradesh,Uttar Pradesh,Construction,456,Semi-skilled,Ayushman Bharat,2026-01-03
MOCK-UAN-1070-3647,51,West Bengal,West Bengal,Construction,684,Skilled,PM-SYM,2025-06-10
MOCK-UAN-6195-3239,49,Bihar,Bihar,Domestic Worker,430,Semi-skilled,None,2026-01-15
MOCK-UAN-7037-9042,42,Uttar Pradesh,Uttar Pradesh,Gig Worker,452,Unskilled,eShram,2026-04-05
MOCK-UAN-2305-1614,58,Karnataka,Bihar,Manufacturing,330,Unskilled,PM-Kisan,2026-04-12
MOCK-UAN-5652-1784,22,Maharashtra,Gujarat,Gig Worker,734,Skilled,PM-SYM,2025-11-09
MOCK-UAN-8099-4039,17,Bihar,Tamil Nadu,Agriculture,2500,Highly-skilled,eShram,2025-06-10
MOCK-UAN-2229-1033,26,Tamil Nadu,Bihar,Manufacturing,660,Skilled,PM-Kisan,2026-03-07
MOCK-UAN-6880-7978,42,Odisha,Maharashtra,Construction,363,Unskilled,Ayushman Bharat,2025-01-01
MOCK-UAN-6582-8089,46,Tamil Nadu,Tamil Nadu,Manufacturing,431,Semi-skilled,Ayushman Bharat,2025-09-22
MOCK-UAN-5853-3386,29,Karnataka,Karnataka,Construction,957,Highly-skilled,eShram,2025-10-19
MOCK-UAN-6924-7637,41,Andhra Pradesh,Bihar,Manufacturing,211,Unskilled,PM-SYM,2024-12-08
MOCK-UAN-5496-2822,32,Andhra Pradesh,Andhra Pradesh,Manufacturing,920,Highly-skilled,eShram,2025-04-01
MOCK-UAN-1056-7747,44,West Bengal,Uttar Pradesh,Construction,898,Highly-skilled,eShram,2025-05-06
MOCK-UAN-4148-9216,64,Bihar,Maharashtra,Gig Worker,482,Semi-skilled,eShram,2026-06-05
MOCK-UAN-5651-1215,52,Uttar Pradesh,Jharkhand,Domestic Worker,373,Semi-skilled,Ayushman Bharat,2026-05-28
MOCK-UAN-5868-1523,18,Uttar Pradesh,Odisha,Agriculture,955,Highly-skilled,PM-Kisan,2025-01-11
MOCK-UAN-2667-2891,33,Tamil Nadu,Tamil Nadu,Agriculture,418,Semi-skilled,Ayushman Bharat,2025-12-12
MOCK-UAN-3698-9693,55,Jharkhand,Jharkhand,Construction,1026,Highly-skilled,Ayushman Bharat,2025-01-13
MOCK-UAN-6888-9017,53,Andhra Pradesh,West Bengal,Domestic Worker,423,Semi-skilled,PM-SYM,2025-01-23
MOCK-UAN-1281-2192,19,Uttar Pradesh,Tamil Nadu,Agriculture,364,Semi-skilled,Ayushman Bharat,2024-12-03
MOCK-UAN-3068-9364,24,Uttar Pradesh,Odisha,Manufacturing,844,Highly-skilled,Ayushman Bharat,2026-04-03
MOCK-UAN-9354-4658,19,Gujarat,Tamil Nadu,Manufacturing,361,Unskilled,eShram,2026-01-03
MOCK-UAN-2890-3390,24,Maharashtra,Maharashtra,Domestic Worker,892,Highly-skilled,Ayushman Bharat,2025-05-18
MOCK-UAN-7594-1225,38,Tamil Nadu,Gujarat,Manufacturing,572,Skilled,PM-Kisan,2026-04-23
MOCK-UAN-1341-9924,35,Jharkhand,Andhra Pradesh,Manufacturing,908,Highly-skilled,PM-Kisan,2025-05-05
MOCK-UAN-9516-9900,45,Andhra Pradesh,Bihar,Manufacturing,625,Skilled,None,2025-12-29
MOCK-UAN-8411-5478,41,Karnataka,Karnataka,Construction,1005,Highly-skilled,Ayushman Bharat,2025-02-09
MOCK-UAN-2527-4648,44,West Bengal,Odisha,Construction,572,Semi-skilled,Ayushman Bharat,2025-04-28
MOCK-UAN-9389-5593,30,Karnataka,Karnataka,Domestic Worker,432,Semi-skilled,PM-Kisan,2025-10-27
MOCK-UAN-5936-8533,49,Jharkhand,Andhra Pradesh,Domestic Worker,533,Skilled,eShram,2025-05-19
MOCK-UAN-5104-3852,31,Uttar Pradesh,Andhra Pradesh,Agriculture,279,Unskilled,None,2026-06-11
MOCK-UAN-6603-5040,43,Odisha,West Bengal,Agriculture,613,Skilled,None,2025-06-30
MOCK-UAN-1471-7294,29,Karnataka,Gujarat,Construction,451,Semi-skilled,Ayushman Bharat,2025-03-02
MOCK-UAN-2006-4918,31,Maharashtra,Maharashtra,Domestic Worker,552,Skilled,PM-Kisan,2025-07-10
MOCK-UAN-4641-2352,38,West Bengal,West Bengal,Gig Worker,1017,Highly-skilled,eShram,2024-11-01
MOCK-UAN-3290-8128,43,Jharkhand,Jharkhand,Domestic Worker,297,Unskilled,None,2025-04-20
MOCK-UAN-3274-3146,19,Uttar Pradesh,West Bengal,Domestic Worker,451,Semi-skilled,PM-SYM,2025-09-17
MOCK-UAN-3885-7653,42,Odisha,Andhra Pradesh,Manufacturing,412,Semi-skilled,eShram,2025-09-13
MOCK-UAN-4529-2984,32,Odisha,Andhra Pradesh,Agriculture,588,Skilled,PM-SYM,2025-04-22
MOCK-UAN-1798-2740,54,Maharashtra,Maharashtra,Gig Worker,653,Skilled,PM-Kisan,2025-05-04
MOCK-UAN-8982-2388,-1,Andhra Pradesh,Bihar,Gig Worker,744,Skilled,None,2024-12-25
MOCK-UAN-4018-6578,42,Uttar Pradesh,Uttar Pradesh,Construction,701,Skilled,Ayushman Bharat,2026-05-22
MOCK-UAN-8364-3336,32,Andhra Pradesh,Gujarat,Gig Worker,457,Semi-skilled,eShram,2024-12-08
MOCK-UAN-8679-8626,52,Bihar,Karnataka,Agriculture,853,Highly-skilled,Ayushman Bharat,2025-05-23
MOCK-UAN-2937-5844,40,Maharashtra,Maharashtra,Construction,275,Unskilled,None,2026-02-07
MOCK-UAN-7893-8012,39,Andhra Pradesh,West Bengal,Manufacturing,267,Unskilled,eShram,2024-10-12
MOCK-UAN-3623-2417,62,Tamil Nadu,Andhra Pradesh,Manufacturing,295,Unskilled,PM-Kisan,2026-04-22
MOCK-UAN-2865-7402,48,West Bengal,West Bengal,Manufacturing,227,Unskilled,None,2026-06-21
MOCK-UAN-8005-4350,39,Maharashtra,Uttar Pradesh,Manufacturing,253,Unskilled,PM-Kisan,2025-09-14
MOCK-UAN-2173-3261,42,West Bengal,West Bengal,Domestic Worker,549,Skilled,None,2025-04-28
MOCK-UAN-2372-2361,36,Jharkhand,Jharkhand,Gig Worker,410,Unskilled,PM-SYM,2024-10-14
MOCK-UAN-5011-8431,39,Maharashtra,Odisha,Domestic Worker,453,Semi-skilled,eShram,2026-09-04
MOCK-UAN-4394-3346,34,Gujarat,Odisha,Manufacturing,863,Highly-skilled,PM-Kisan,2025-06-23
MOCK-UAN-5224-2692,18,West Bengal,Karnataka,Manufacturing,2500,Highly-skilled,PM-Kisan,2024-11-27
MOCK-UAN-6584-4445,51,Jharkhand,Bihar,Agriculture,272,Unskilled,None,2025-05-10
MOCK-UAN-4014-8062,46,Maharashtra,Maharashtra,Agriculture,286,Unskilled,eShram,2025-05-12
MOCK-UAN-4614-5078,49,Tamil Nadu,Tamil Nadu,Agriculture,983,Highly-skilled,PM-Kisan,2026-01-08
MOCK-UAN-5262-9666,46,West Bengal,Gujarat,Gig Worker,10,Semi-skilled,Ayushman Bharat,2026-04-29
MOCK-UAN-7022-2971,19,Uttar Pradesh,Jharkhand,Agriculture,235,Unskilled,None,2025-05-13
MOCK-UAN-9746-6469,25,Jharkhand,Jharkhand,Construction,991,Highly-skilled,eShram,2025-12-17
MOCK-UAN-9064-3938,56,Maharashtra,Maharashtra,Construction,990,Highly-skilled,PM-Kisan,2025-04-23
MOCK-UAN-5412-3268,22,Jharkhand,Tamil Nadu,Manufacturing,542,Skilled,PM-SYM,2026-05-16
MOCK-UAN-8560-1102,36,Tamil Nadu,Tamil Nadu,Domestic Worker,940,Highly-skilled,eShram,2025-06-21
MOCK-UAN-1850-8519,19,Maharashtra,Odisha,Gig Worker,476,Unskilled,Ayushman Bharat,2025-12-22
MOCK-UAN-3359-4981,30,Karnataka,Karnataka,Gig Worker,343,Unskilled,PM-Kisan,2026-08-31
MOCK-UAN-6188-2049,63,Gujarat,West Bengal,Construction,904,Highly-skilled,eShram,2025-11-05
MOCK-UAN-3303-9523,45,Maharashtra,Bihar,Gig Worker,600,Semi-skilled,PM-SYM,2024-11-04
MOCK-UAN-9486-5787,50,Uttar Pradesh,Tamil Nadu,Domestic Worker,463,Semi-skilled,eShram,2025-04-20
MOCK-UAN-8395-7242,19,West Bengal,Odisha,Domestic Worker,927,Highly-skilled,None,2026-05-01
MOCK-UAN-6497-5148,56,Uttar Pradesh,Uttar Pradesh,Domestic Worker,467,Semi-skilled,PM-SYM,2026-04-13
MOCK-UAN-7869-5586,54,Andhra Pradesh,Uttar Pradesh,Gig Worker,719,Skilled,PM-Kisan,2025-09-28
MOCK-UAN-2533-4525,41,Andhra Pradesh,Andhra Pradesh,Construction,283,Unskilled,PM-SYM,2025-08-20
MOCK-UAN-2797-8785,40,West Bengal,West Bengal,Construction,402,Unskilled,eShram,2026-03-05
MOCK-UAN-1585-5683,34,Bihar,Andhra Pradesh,Agriculture,508,Semi-skilled,PM-SYM,2025-09-06
MOCK-UAN-9338-6569,22,Maharashtra,Maharashtra,Gig Worker,388,Unskilled,Ayushman Bharat,2026-02-24
MOCK-UAN-8820-6083,-3,Tamil Nadu,Andhra Pradesh,Gig Worker,397,Unskilled,PM-Kisan,2025-06-11
MOCK-UAN-7249-5617,-1,Bihar,West Bengal,Domestic Worker,523,Skilled,PM-SYM,2024-12-17
MOCK-UAN-1609-3535,47,Bihar,Odisha,Domestic Worker,475,Semi-skilled,None,2026-04-12
MOCK-UAN-9453-7377,45,West Bengal,West Bengal,Construction,378,Unskilled,PM-Kisan,2026-04-22
MOCK-UAN-7314-8185,40,Odisha,Odisha,Domestic Worker,446,Semi-skilled,eShram,2025-02-25
MOCK-UAN-8806-1682,64,Tamil Nadu,Tamil Nadu,Agriculture,506,Semi-skilled,Ayushman Bharat,2025-03-28
MOCK-UAN-9832-2097,55,Tamil Nadu,West Bengal,Gig Worker,683,Skilled,eShram,2025-09-23
MOCK-UAN-5054-9342,28,Uttar Pradesh,Karnataka,Gig Worker,428,Unskilled,None,2026-09-02
MOCK-UAN-1709-2090,61,Tamil Nadu,Uttar Pradesh,Manufacturing,849,Highly-skilled,PM-Kisan,2026-01-24
MOCK-UAN-4408-1070,30,Andhra Pradesh,Odisha,Agriculture,448,Semi-skilled,eShram,2025-05-19
MOCK-UAN-4636-5178,38,Bihar,Bihar,Construction,491,Semi-skilled,Ayushman Bharat,2025-01-21
MOCK-UAN-7072-5912,45,Bihar,Bihar,Construction,961,Highly-skilled,eShram,2024-09-22
MOCK-UAN-8731-3049,64,Andhra Pradesh,Andhra Pradesh,Gig Worker,531,Semi-skilled,None,2026-01-14
MOCK-UAN-2899-2980,50,Uttar Pradesh,Jharkhand,Manufacturing,893,Highly-skilled,eShram,2024-09-16
MOCK-UAN-2007-1141,46,Bihar,Andhra Pradesh,Gig Worker,741,Skilled,eShram,2025-04-01
MOCK-UAN-5755-9009,31,Andhra Pradesh,West Bengal,Manufacturing,878,Highly-skilled,PM-SYM,2026-06-10
MOCK-UAN-7999-2971,61,Odisha,Karnataka,Construction,869,Highly-skilled,Ayushman Bharat,2026-09-11
MOCK-UAN-6732-7533,43,Karnataka,Andhra Pradesh,Domestic Worker,987,Highly-skilled,PM-Kisan,2025-04-01
MOCK-UAN-7007-3495,28,Uttar Pradesh,Uttar Pradesh,Manufacturing,669,Skilled,eShram,2025-12-28
MOCK-UAN-3986-3083,23,Odisha,Uttar Pradesh,Gig Worker,335,Unskilled,None,2024-10-06
MOCK-UAN-5661-8835,60,Maharashtra,Bihar,Agriculture,934,Highly-skilled,PM-Kisan,2025-04-24
MOCK-UAN-2575-1718,22,Gujarat,Gujarat,Gig Worker,974,Highly-skilled,PM-SYM,2024-10-16
MOCK-UAN-3204-7575,40,West Bengal,Maharashtra,Agriculture,913,Highly-skilled,Ayushman Bharat,2026-05-20
MOCK-UAN-4330-4615,38,Uttar Pradesh,Maharashtra,Agriculture,914,Highly-skilled,PM-SYM,2025-06-13
MOCK-UAN-8733-2495,34,Gujarat,Odisha,Manufacturing,888,Highly-skilled,Ayushman Bharat,2026-08-11
MOCK-UAN-3552-1375,31,Bihar,Bihar,Manufacturing,7131,Semi-skilled,None,2025-11-22
MOCK-UAN-9494-3326,37,Gujarat,Uttar Pradesh,Domestic Worker,415,Semi-skilled,None,2026-04-26
MOCK-UAN-1563-3314,19,West Bengal,Andhra Pradesh,Construction,604,Skilled,None,2024-10-02
MOCK-UAN-1394-6536,35,Maharashtra,Maharashtra,Manufacturing,258,Unskilled,None,2026-07-14
MOCK-UAN-1934-4246,33,Tamil Nadu,Tamil Nadu,Gig Worker,996,Highly-skilled,PM-Kisan,2026-09-14
MOCK-UAN-4289-1210,23,Andhra Pradesh,Bihar,Domestic Worker,264,Unskilled,PM-Kisan,2026-05-17
MOCK-UAN-2080-8264,51,Bihar,Bihar,Agriculture,334,Unskilled,eShram,2026-03-08
MOCK-UAN-4778-6503,62,Uttar Pradesh,Odisha,Domestic Worker,524,Semi-skilled,PM-Kisan,2026-04-09
MOCK-UAN-4614-8266,44,Gujarat,Karnataka,Manufacturing,420,Semi-skilled,PM-Kisan,2026-04-05
MOCK-UAN-8030-9518,22,Tamil Nadu,Tamil Nadu,Domestic Worker,611,Skilled,None,2026-08-30
MOCK-UAN-8503-1061,40,Maharashtra,Bihar,Construction,674,Skilled,PM-Kisan,2025-04-20
MOCK-UAN-5006-1137,57,Gujarat,Maharashtra,Domestic Worker,923,Highly-skilled,PM-Kisan,2026-02-12
MOCK-UAN-3285-2550,53,Odisha,Odisha,Agriculture,453,Semi-skilled,None,2026-05-28
MOCK-UAN-7687-6832,59,Andhra Pradesh,Andhra Pradesh,Construction,987,Highly-skilled,None,2025-11-26
MOCK-UAN-2610-9340,49,Karnataka,Jharkhand,Domestic Worker,474,Semi-skilled,None,2025-05-14
MOCK-UAN-9617-6857,19,Bihar,Bihar,Manufacturing,388,Semi-skilled,None,2026-04-14
MOCK-UAN-8082-8126,46,West Bengal,West Bengal,Domestic Worker,343,Unskilled,PM-Kisan,2026-09-01
MOCK-UAN-8332-7505,23,Gujarat,Gujarat,Agriculture,494,Semi-skilled,eShram,2026-04-01
MOCK-UAN-9810-1011,47,Uttar Pradesh,Maharashtra,Agriculture,261,Unskilled,eShram,2025-08-12
MOCK-UAN-8808-8868,47,Jharkhand,West Bengal,Manufacturing,601,Skilled,PM-SYM,2026-03-31
MOCK-UAN-7051-9719,19,Tamil Nadu,Bihar,Agriculture,334,Unskilled,None,2025-01-04
MOCK-UAN-7349-6401,48,West Bengal,Bihar,Gig Worker,689,Skilled,None,2025-09-09
MOCK-UAN-9755-9730,46,Bihar,Bihar,Agriculture,953,Highly-skilled,PM-SYM,2024-11-11
MOCK-UAN-6915-1714,18,Odisha,Uttar Pradesh,Domestic Worker,568,Semi-skilled,PM-Kisan,2025-12-16
MOCK-UAN-9049-6727,58,Karnataka,Karnataka,Gig Worker,360,Unskilled,eShram,2026-04-24
MOCK-UAN-3456-6568,58,Andhra Pradesh,Odisha,Manufacturing,230,Unskilled,None,2026-05-22
MOCK-UAN-6646-3445,29,Jharkhand,Uttar Pradesh,Manufacturing,465,Semi-skilled,PM-SYM,2026-06-26
MOCK-UAN-7298-3754,20,Andhra Pradesh,Andhra Pradesh,Manufacturing,486,Semi-skilled,PM-SYM,2025-02-01
MOCK-UAN-3830-7306,59,Gujarat,West Bengal,Agriculture,438,Semi-skilled,None,2026-06-27
MOCK-UAN-1407-6351,49,Bihar,Bihar,Agriculture,672,Skilled,None,2026-07-26
MOCK-UAN-7020-7684,61,Karnataka,Gujarat,Domestic Worker,833,Highly-skilled,eShram,2025-09-20
MOCK-UAN-5147-7105,32,Uttar Pradesh,Bihar,Agriculture,934,Highly-skilled,None,2026-03-31
MOCK-UAN-7862-6798,50,Maharashtra,Maharashtra,Agriculture,419,Semi-skilled,Ayushman Bharat,2026-04-13
MOCK-UAN-4746-6786,59,West Bengal,West Bengal,Gig Worker,1085,Highly-skilled,None,2025-04-24
MOCK-UAN-7416-5910,51,Tamil Nadu,Andhra Pradesh,Manufacturing,999,Highly-skilled,Ayushman Bharat,2026-03-06
MOCK-UAN-9321-5763,33,Jharkhand,Jharkhand,Manufacturing,411,Semi-skilled,Ayushman Bharat,2025-07-19
MOCK-UAN-8055-6524,52,Andhra Pradesh,Tamil Nadu,Agriculture,272,Unskilled,Ayushman Bharat,2024-10-17
MOCK-UAN-9716-5409,43,Karnataka,Andhra Pradesh,Construction,992,Highly-skilled,eShram,2026-06-02
MOCK-UAN-8658-8320,32,Karnataka,Karnataka,Domestic Worker,580,Skilled,Ayushman Bharat,2026-06-27
MOCK-UAN-6658-1078,33,West Bengal,West Bengal,Construction,947,Highly-skilled,eShram,2025-08-24
MOCK-UAN-6753-2801,40,Andhra Pradesh,Andhra Pradesh,Construction,651,Skilled,Ayushman Bharat,2024-10-08
MOCK-UAN-2543-6106,31,Tamil Nadu,Bihar,Gig Worker,904,Highly-skilled,PM-Kisan,2025-06-13
MOCK-UAN-4809-4666,49,Odisha,Odisha,Agriculture,449,Semi-skilled,PM-SYM,2026-06-12
MOCK-UAN-1478-5501,28,Gujarat,West Bengal,Agriculture,415,Semi-skilled,PM-Kisan,2025-12-03
MOCK-UAN-7230-4001,60,Tamil Nadu,Andhra Pradesh,Domestic Worker,575,Skilled,None,2025-05-01
MOCK-UAN-6735-6710,36,Tamil Nadu,Tamil Nadu,Agriculture,972,Highly-skilled,PM-SYM,2026-05-26
MOCK-UAN-2324-4803,38,Bihar,Tamil Nadu,Agriculture,537,Skilled,Ayushman Bharat,2026-08-16
MOCK-UAN-8434-1512,44,Jharkhand,Odisha,Construction,990,Highly-skilled,None,2025-04-07
MOCK-UAN-5098-7312,24,Jharkhand,Jharkhand,Agriculture,886,Highly-skilled,Ayushman Bharat,2025-11-22
MOCK-UAN-3732-7969,34,Bihar,Karnataka,Construction,636,Skilled,PM-Kisan,2025-01-14
MOCK-UAN-8242-7426,28,Andhra Pradesh,Bihar,Manufacturing,489,Semi-skilled,PM-SYM,2026-05-25
MOCK-UAN-4940-1330,33,Odisha,Bihar,Manufacturing,917,Highly-skilled,PM-SYM,2025-07-30
MOCK-UAN-6405-9844,27,Jharkhand,Jharkhand,Manufacturing,928,Highly-skilled,eShram,2026-08-08
MOCK-UAN-3838-4527,35,Maharashtra,Maharashtra,Domestic Worker,348,Unskilled,Ayushman Bharat,2026-02-11
MOCK-UAN-2481-5780,59,Jharkhand,Gujarat,Domestic Worker,433,Semi-skilled,None,2025-07-16
MOCK-UAN-3371-3878,64,Maharashtra,Tamil Nadu,Gig Worker,969,Highly-skilled,Ayushman Bharat,2025-09-29
MOCK-UAN-8644-4027,56,Odisha,Tamil Nadu,Agriculture,245,Unskilled,Ayushman Bharat,2026-06-20
MOCK-UAN-2393-9541,63,Maharashtra,Maharashtra,Gig Worker,958,Highly-skilled,PM-Kisan,2025-10-01
MOCK-UAN-2385-1624,61,Jharkhand,Jharkhand,Domestic Worker,1047,Highly-skilled,None,2025-01-14
MOCK-UAN-2756-6254,19,Gujarat,Bihar,Manufacturing,512,Semi-skilled,None,2025-08-28
MOCK-UAN-8404-4500,28,West Bengal,Gujarat,Gig Worker,332,Unskilled,PM-SYM,2026-02-12
MOCK-UAN-3549-3567,24,Odisha,Gujarat,Domestic Worker,233,Unskilled,Ayushman Bharat,2025-12-12
MOCK-UAN-8544-8129,48,Bihar,Bihar,Agriculture,474,Semi-skilled,PM-Kisan,2026-02-23
MOCK-UAN-8984-1016,46,Uttar Pradesh,Bihar,Agriculture,477,Semi-skilled,PM-SYM,2025-06-02
MOCK-UAN-1837-1169,29,Andhra Pradesh,Karnataka,Domestic Worker,477,Semi-skilled,PM-Kisan,2026-02-03
MOCK-UAN-1560-4490,65,Uttar Pradesh,Uttar Pradesh,Construction,487,Semi-skilled,PM-Kisan,2025-08-04
MOCK-UAN-8415-7497,21,Maharashtra,Maharashtra,Construction,643,Skilled,PM-SYM,2026-05-27
MOCK-UAN-4370-5475,44,Karnataka,Karnataka,Agriculture,316,Unskilled,PM-Kisan,2026-09-13
MOCK-UAN-4933-7946,52,West Bengal,Bihar,Gig Worker,554,Semi-skilled,None,2025-04-08
MOCK-UAN-5006-5600,42,Andhra Pradesh,Tamil Nadu,Gig Worker,439,Semi-skilled,PM-SYM,2024-12-24
MOCK-UAN-9960-3769,41,Maharashtra,Odisha,Gig Worker,388,Unskilled,None,2025-04-14
MOCK-UAN-1148-4892,52,Odisha,Odisha,Construction,13820,Highly-skilled,eShram,2025-10-09
MOCK-UAN-8632-9360,55,Uttar Pradesh,Uttar Pradesh,Manufacturing,908,Highly-skilled,eShram,2025-04-03
MOCK-UAN-5210-2633,21,Karnataka,Karnataka,Manufacturing,449,Unskilled,None,2025-05-20
MOCK-UAN-6983-1451,59,West Bengal,West Bengal,Agriculture,318,Unskilled,eShram,2025-04-24
MOCK-UAN-9668-7083,23,Bihar,Bihar,Domestic Worker,284,Unskilled,PM-Kisan,2025-06-13
MOCK-UAN-5979-6927,34,Tamil Nadu,West Bengal,Gig Worker,1046,Highly-skilled,Ayushman Bharat,2025-08-27
MOCK-UAN-2882-4048,47,Gujarat,Maharashtra,Manufacturing,924,Highly-skilled,PM-SYM,2026-08-20
MOCK-UAN-9208-9199,44,Jharkhand,Jharkhand,Gig Worker,721,Skilled,None,2025-05-25
MOCK-UAN-8219-9911,32,Andhra Pradesh,West Bengal,Gig Worker,1030,Highly-skilled,PM-SYM,2025-04-03
MOCK-UAN-9597-8828,65,Uttar Pradesh,Uttar Pradesh,Construction,602,Semi-skilled,eShram,2025-04-25
MOCK-UAN-5729-7238,22,Uttar Pradesh,Karnataka,Manufacturing,393,Semi-skilled,None,2025-11-23
MOCK-UAN-4578-1013,36,Bihar,West Bengal,Manufacturing,323,Unskilled,Ayushman Bharat,2025-03-12
MOCK-UAN-2675-7137,29,Uttar Pradesh,Bihar,Domestic Worker,853,Highly-skilled,PM-Kisan,2025-11-20
MOCK-UAN-7810-5291,48,Andhra Pradesh,Andhra Pradesh,Manufacturing,627,Skilled,None,2026-03-20
MOCK-UAN-7348-9364,48,Andhra Pradesh,Odisha,Domestic Worker,404,Semi-skilled,PM-SYM,2024-10-13
MOCK-UAN-4602-8969,61,Odisha,Odisha,Gig Worker,979,Highly-skilled,eShram,2026-08-22
MOCK-UAN-6644-3967,65,Jharkhand,Jharkhand,Domestic Worker,285,Unskilled,eShram,2026-01-22
MOCK-UAN-7280-6403,56,Maharashtra,Andhra Pradesh,Agriculture,348,Unskilled,None,2026-04-18
MOCK-UAN-8400-3790,26,West Bengal,Karnataka,Construction,545,Semi-skilled,PM-SYM,2024-12-13
MOCK-UAN-8312-7561,-3,Andhra Pradesh,Andhra Pradesh,Manufacturing,537,Skilled,None,2026-03-07
MOCK-UAN-9530-5129,-2,Karnataka,Karnataka,Domestic Worker,902,Highly-skilled,PM-Kisan,2026-04-04
MOCK-UAN-9033-3035,25,Uttar Pradesh,Karnataka,Agriculture,864,Highly-skilled,Ayushman Bharat,2026-02-26
MOCK-UAN-9757-2671,18,Gujarat,Maharashtra,Agriculture,837,Highly-skilled,eShram,2024-12-20
MOCK-UAN-4278-2542,28,Odisha,Tamil Nadu,Agriculture,889,Highly-skilled,eShram,2025-06-14
MOCK-UAN-4570-8995,53,West Bengal,Maharashtra,Domestic Worker,284,Unskilled,None,2026-03-12
MOCK-UAN-3731-1775,25,Maharashtra,Maharashtra,Construction,1071,Highly-skilled,PM-SYM,2025-11-25
MOCK-UAN-6702-4088,61,Jharkhand,Uttar Pradesh,Gig Worker,1021,Highly-skilled,PM-SYM,2025-05-19
MOCK-UAN-1600-1743,37,Odisha,Odisha,Gig Worker,931,Highly-skilled,eShram,2026-05-23
MOCK-UAN-5847-7087,51,Tamil Nadu,Gujarat,Manufacturing,421,Semi-skilled,PM-Kisan,2026-05-08
MOCK-UAN-3026-3509,48,Uttar Pradesh,Uttar Pradesh,Gig Worker,601,Semi-skilled,eShram,2025-08-10
MOCK-UAN-6603-2734,46,Uttar Pradesh,Jharkhand,Agriculture,404,Unskilled,Ayushman Bharat,2026-02-02
MOCK-UAN-3940-2741,63,Jharkhand,Jharkhand,Manufacturing,220,Unskilled,PM-SYM,2026-08-28
MOCK-UAN-4821-5278,40,Uttar Pradesh,Maharashtra,Domestic Worker,9042,Skilled,Ayushman Bharat,2025-04-25
MOCK-UAN-1863-4970,18,Karnataka,Odisha,Agriculture,393,Unskilled,PM-Kisan,2025-11-27
MOCK-UAN-6011-6936,55,West Bengal,Uttar Pradesh,Construction,519,Semi-skilled,PM-SYM,2025-12-30
MOCK-UAN-4083-6384,59,Bihar,Odisha,Construction,306,Unskilled,eShram,2025-04-23
MOCK-UAN-8708-4147,45,Karnataka,Jharkhand,Construction,976,Highly-skilled,eShram,2026-09-08
MOCK-UAN-1183-3953,37,Jharkhand,Jharkhand,Gig Worker,568,Skilled,PM-SYM,2026-08-20
MOCK-UAN-4760-2004,44,Maharashtra,Uttar Pradesh,Manufacturing,600,Skilled,Ayushman Bharat,2026-06-26
MOCK-UAN-6079-5754,35,Jharkhand,Odisha,Agriculture,466,Semi-skilled,PM-SYM,2025-02-23
MOCK-UAN-5008-7026,18,Odisha,Gujarat,Agriculture,346,Unskilled,PM-SYM,2026-07-31
MOCK-UAN-7976-2067,39,Gujarat,Gujarat,Construction,599,Skilled,PM-SYM,2025-07-28
MOCK-UAN-4152-9833,57,Bihar,Bihar,Manufacturing,304,Unskilled,Ayushman Bharat,2025-07-30
MOCK-UAN-3199-5916,38,Bihar,Bihar,Domestic Worker,253,Unskilled,PM-Kisan,2025-03-17
MOCK-UAN-2246-2156,19,Maharashtra,Gujarat,Domestic Worker,612,Skilled,eShram,2026-04-29
MOCK-UAN-3874-1577,58,Jharkhand,Karnataka,Manufacturing,855,Highly-skilled,PM-Kisan,2026-07-26
MOCK-UAN-7937-3838,28,Odisha,Maharashtra,Domestic Worker,879,Highly-skilled,PM-SYM,2026-04-20
MOCK-UAN-2071-9876,30,Odisha,Odisha,Domestic Worker,400,Semi-skilled,Ayushman Bharat,2025-01-22
MOCK-UAN-3437-5817,18,Gujarat,Jharkhand,Domestic Worker,17749,Semi-skilled,Ayushman Bharat,2025-06-17
MOCK-UAN-9827-4769,33,Uttar Pradesh,Gujarat,Construction,992,Highly-skilled,None,2026-06-03
MOCK-UAN-1610-9318,45,Tamil Nadu,Tamil Nadu,Gig Worker,688,Skilled,eShram,2026-06-11
MOCK-UAN-6628-1341,46,Uttar Pradesh,Andhra Pradesh,Domestic Worker,601,Skilled,eShram,2026-04-10
MOCK-UAN-9569-7114,56,Uttar Pradesh,Uttar Pradesh,Manufacturing,227,Unskilled,eShram,2026-04-20
MOCK-UAN-7913-5642,38,Maharashtra,Bihar,Manufacturing,885,Highly-skilled,Ayushman Bharat,2024-10-30
MOCK-UAN-3041-9569,30,Andhra Pradesh,Gujarat,Agriculture,447,Semi-skilled,PM-Kisan,2026-02-17
MOCK-UAN-4477-5501,36,Odisha,Odisha,Manufacturing,1031,Highly-skilled,None,2025-12-19
MOCK-UAN-5230-8487,19,Gujarat,Gujarat,Manufacturing,244,Unskilled,None,2025-06-15
MOCK-UAN-2344-2323,19,Maharashtra,Maharashtra,Agriculture,973,Highly-skilled,PM-SYM,2025-08-25
MOCK-UAN-6873-7862,45,Tamil Nadu,Gujarat,Construction,999,Highly-skilled,PM-SYM,2025-06-10
MOCK-UAN-5272-3960,31,Uttar Pradesh,Uttar Pradesh,Agriculture,914,Highly-skilled,PM-Kisan,2026-02-26
MOCK-UAN-5558-6311,19,Tamil Nadu,Tamil Nadu,Manufacturing,537,Semi-skilled,None,2025-09-01
MOCK-UAN-3223-5330,29,West Bengal,Karnataka,Domestic Worker,468,Semi-skilled,Ayushman Bharat,2026-04-11
MOCK-UAN-1912-4943,52,Tamil Nadu,Tamil Nadu,Manufacturing,919,Highly-skilled,eShram,2025-10-05
MOCK-UAN-5929-9424,22,Gujarat,Gujarat,Gig Worker,697,Skilled,PM-Kisan,2025-05-23
MOCK-UAN-7671-1848,60,Gujarat,Odisha,Agriculture,511,Semi-skilled,PM-SYM,2026-04-15
MOCK-UAN-9999-7182,56,Tamil Nadu,Maharashtra,Construction,704,Skilled,PM-Kisan,2025-05-12
MOCK-UAN-9588-7161,48,Andhra Pradesh,Andhra Pradesh,Manufacturing,568,Skilled,None,2026-06-14
MOCK-UAN-4532-5157,37,Uttar Pradesh,Tamil Nadu,Manufacturing,834,Highly-skilled,eShram,2026-06-05
MOCK-UAN-4214-4642,41,Karnataka,Karnataka,Construction,939,Highly-skilled,PM-SYM,2025-12-18
MOCK-UAN-3032-8315,37,Uttar Pradesh,Uttar Pradesh,Manufacturing,859,Highly-skilled,None,2025-03-11
MOCK-UAN-3226-7359,33,Gujarat,Tamil Nadu,Construction,946,Highly-skilled,None,2025-06-13
MOCK-UAN-7133-5466,61,Uttar Pradesh,Uttar Pradesh,Agriculture,661,Skilled,eShram,2026-05-09
MOCK-UAN-4117-8309,65,Karnataka,Karnataka,Construction,477,Semi-skilled,None,2025-10-18
MOCK-UAN-8787-5610,19,Uttar Pradesh,Uttar Pradesh,Construction,947,Highly-skilled,None,2026-01-06
MOCK-UAN-6048-8293,40,Maharashtra,Bihar,Agriculture,902,Highly-skilled,eShram,2026-07-14
MOCK-UAN-1973-1953,20,Andhra Pradesh,Tamil Nadu,Construction,992,Highly-skilled,Ayushman Bharat,2025-10-27
MOCK-UAN-9294-3457,33,Uttar Pradesh,Uttar Pradesh,Agriculture,337,Semi-skilled,PM-Kisan,2025-08-22
MOCK-UAN-7924-6987,33,Tamil Nadu,Tamil Nadu,Gig Worker,519,Semi-skilled,None,2025-11-29
MOCK-UAN-1220-1603,34,Karnataka,Bihar,Construction,360,Unskilled,eShram,2025-07-27
MOCK-UAN-6925-7904,22,Bihar,Bihar,Domestic Worker,960,Highly-skilled,Ayushman Bharat,2026-06-11
MOCK-UAN-9231-4523,65,Karnataka,Karnataka,Agriculture,875,Highly-skilled,None,2024-12-02
MOCK-UAN-6020-8706,46,Gujarat,Gujarat,Domestic Worker,806,Highly-skilled,PM-Kisan,2026-01-26
MOCK-UAN-5598-8562,64,Odisha,Gujarat,Domestic Worker,480,Semi-skilled,PM-Kisan,2024-10-01
MOCK-UAN-3181-7043,43,Tamil Nadu,Tamil Nadu,Domestic Worker,568,Skilled,PM-SYM,2026-03-08
MOCK-UAN-2110-5525,63,Jharkhand,Jharkhand,Gig Worker,340,Unskilled,eShram,2026-04-26
MOCK-UAN-9132-7927,36,Andhra Pradesh,West Bengal,Gig Worker,968,Highly-skilled,eShram,2026-05-03
MOCK-UAN-4543-2445,52,Gujarat,Uttar Pradesh,Manufacturing,590,Skilled,None,2025-05-22
MOCK-UAN-2479-5150,47,West Bengal,Uttar Pradesh,Manufacturing,569,Skilled,Ayushman Bharat,2025-06-09
MOCK-UAN-5620-2689,19,Jharkhand,Jharkhand,Gig Worker,889,Highly-skilled,eShram,2025-09-15
MOCK-UAN-9802-7656,44,Uttar Pradesh,Uttar Pradesh,Manufacturing,944,Highly-skilled,Ayushman Bharat,2024-12-21
MOCK-UAN-4335-7004,22,West Bengal,West Bengal,Construction,563,Semi-skilled,Ayushman Bharat,2026-02-23
MOCK-UAN-5383-7855,38,West Bengal,West Bengal,Agriculture,10,Semi-skilled,PM-Kisan,2026-03-08
MOCK-UAN-6974-3749,62,Bihar,Gujarat,Agriculture,243,Unskilled,PM-Kisan,2026-03-04
MOCK-UAN-2244-3798,53,Gujarat,Odisha,Construction,939,Highly-skilled,None,2025-09-03
MOCK-UAN-3913-4524,52,Maharashtra,Maharashtra,Construction,499,Semi-skilled,Ayushman Bharat,2026-03-14
MOCK-UAN-2502-9974,63,Andhra Pradesh,Andhra Pradesh,Gig Worker,429,Unskilled,Ayushman Bharat,2026-06-20
MOCK-UAN-3835-6107,28,Bihar,Bihar,Agriculture,933,Highly-skilled,eShram,2024-11-07
MOCK-UAN-2664-3840,22,West Bengal,Karnataka,Gig Worker,663,Skilled,PM-SYM,2024-12-13
MOCK-UAN-7579-2443,30,Maharashtra,Gujarat,Agriculture,454,Semi-skilled,PM-SYM,2024-11-18
MOCK-UAN-1638-4109,21,Uttar Pradesh,West Bengal,Manufacturing,322,Unskilled,PM-SYM,2024-11-02
MOCK-UAN-7672-6907,57,West Bengal,Tamil Nadu,Agriculture,972,Highly-skilled,None,2026-09-09
MOCK-UAN-6004-6333,37,Bihar,Bihar,Gig Worker,435,Unskilled,eShram,2025-11-05
MOCK-UAN-5372-6590,27,Andhra Pradesh,Jharkhand,Domestic Worker,339,Unskilled,PM-SYM,2025-11-18
MOCK-UAN-7265-7234,62,Odisha,Andhra Pradesh,Domestic Worker,454,Semi-skilled,eShram,2026-07-27
MOCK-UAN-3023-7627,52,Jharkhand,Odisha,Gig Worker,620,Semi-skilled,PM-SYM,2026-06-25
MOCK-UAN-6830-7588,28,Gujarat,Gujarat,Domestic Worker,920,Highly-skilled,eShram,2024-10-16
MOCK-UAN-5439-9135,54,Bihar,Bihar,Construction,606,Skilled,PM-Kisan,2025-05-05
MOCK-UAN-3173-8468,21,Maharashtra,Andhra Pradesh,Construction,1020,Highly-skilled,Ayushman Bharat,2026-04-10
MOCK-UAN-9082-3110,34,Maharashtra,Bihar,Gig Worker,734,Skilled,PM-SYM,2025-07-14
MOCK-UAN-1732-6426,61,West Bengal,West Bengal,Construction,477,Semi-skilled,PM-Kisan,2025-04-10
MOCK-UAN-1469-3842,29,Uttar Pradesh,Gujarat,Agriculture,876,Highly-skilled,Ayushman Bharat,2025-12-20
MOCK-UAN-7539-6588,20,Odisha,Bihar,Domestic Worker,614,Skilled,None,2025-10-21
MOCK-UAN-5253-4346,16,Bihar,Bihar,Agriculture,2500,Highly-skilled,None,2025-01-30
MOCK-UAN-9063-9697,50,West Bengal,Gujarat,Agriculture,909,Highly-skilled,PM-Kisan,2026-06-15
MOCK-UAN-2213-4375,42,Andhra Pradesh,Maharashtra,Gig Worker,415,Unskilled,PM-SYM,2024-12-24
MOCK-UAN-4170-7261,18,Uttar Pradesh,Tamil Nadu,Manufacturing,384,Unskilled,PM-Kisan,2026-04-11
MOCK-UAN-2986-5200,51,Odisha,Odisha,Agriculture,503,Semi-skilled,PM-Kisan,2025-03-06
MOCK-UAN-5748-6046,22,Odisha,Odisha,Construction,659,Skilled,None,2026-04-14
MOCK-UAN-6925-4823,37,Karnataka,Maharashtra,Domestic Worker,647,Skilled,PM-SYM,2025-11-07
MOCK-UAN-1922-6429,64,Maharashtra,Karnataka,Manufacturing,248,Unskilled,PM-Kisan,2025-06-03
MOCK-UAN-9471-7619,58,West Bengal,West Bengal,Manufacturing,619,Skilled,None,2026-08-21
MOCK-UAN-3732-7022,60,West Bengal,West Bengal,Gig Worker,640,Semi-skilled,PM-Kisan,2024-09-16
MOCK-UAN-2815-9633,31,Jharkhand,Uttar Pradesh,Construction,939,Highly-skilled,PM-Kisan,2026-02-23
MOCK-UAN-9768-5882,61,Gujarat,Karnataka,Manufacturing,257,Unskilled,PM-Kisan,2025-10-28
MOCK-UAN-4584-8858,35,Uttar Pradesh,West Bengal,Agriculture,417,Semi-skilled,PM-SYM,2025-05-09
MOCK-UAN-4287-2329,48,Tamil Nadu,Tamil Nadu,Agriculture,395,Semi-skilled,PM-Kisan,2026-09-01
MOCK-UAN-5498-9805,63,Karnataka,Karnataka,Construction,310,Unskilled,Ayushman Bharat,2026-03-08
MOCK-UAN-3563-8021,46,Tamil Nadu,Tamil Nadu,Construction,931,Highly-skilled,None,2025-06-05
MOCK-UAN-5394-7656,40,Tamil Nadu,Gujarat,Manufacturing,529,Skilled,PM-SYM,2026-06-03
MOCK-UAN-9673-7992,33,Andhra Pradesh,Andhra Pradesh,Construction,500,Semi-skilled,Ayushman Bharat,2026-02-13
MOCK-UAN-1999-2806,43,Maharashtra,Maharashtra,Construction,695,Skilled,PM-Kisan,2026-01-14
MOCK-UAN-3543-3827,35,Jharkhand,Tamil Nadu,Domestic Worker,404,Semi-skilled,Ayushman Bharat,2026-07-25
MOCK-UAN-8857-7251,44,West Bengal,Odisha,Agriculture,975,Highly-skilled,PM-SYM,2024-12-08
MOCK-UAN-9292-1550,35,Andhra Pradesh,Andhra Pradesh,Gig Worker,725,Skilled,PM-Kisan,2025-04-15
MOCK-UAN-4965-7139,51,Gujarat,West Bengal,Construction,701,Skilled,Ayushman Bharat,2025-06-09
MOCK-UAN-1258-6653,33,Odisha,Gujarat,Construction,917,Highly-skilled,None,2025-06-15
MOCK-UAN-7601-3257,49,Jharkhand,Gujarat,Gig Worker,1042,Highly-skilled,Ayushman Bharat,2026-06-16
MOCK-UAN-2754-3509,63,West Bengal,West Bengal,Agriculture,845,Highly-skilled,None,2026-06-18
MOCK-UAN-3515-9213,41,Andhra Pradesh,Jharkhand,Agriculture,644,Skilled,eShram,2026-04-08
MOCK-UAN-1321-9144,47,Tamil Nadu,Tamil Nadu,Domestic Worker,458,Semi-skilled,PM-SYM,2025-02-24
MOCK-UAN-7828-5256,31,Odisha,Karnataka,Domestic Worker,627,Skilled,Ayushman Bharat,2026-05-27
MOCK-UAN-6626-2346,60,Odisha,Odisha,Construction,291,Unskilled,None,2026-01-22
MOCK-UAN-2122-3509,54,Uttar Pradesh,Tamil Nadu,Domestic Worker,405,Semi-skilled,Ayushman Bharat,2025-04-13
MOCK-UAN-8036-5515,57,West Bengal,Maharashtra,Domestic Worker,629,Skilled,PM-Kisan,2026-01-15
MOCK-UAN-8289-8116,40,Gujarat,Gujarat,Domestic Worker,252,Unskilled,None,2024-10-04
MOCK-UAN-5964-5314,59,Maharashtra,Maharashtra,Agriculture,473,Semi-skilled,None,2026-03-18
MOCK-UAN-9071-2668,39,Gujarat,Gujarat,Gig Worker,481,Semi-skilled,PM-SYM,2026-05-04
MOCK-UAN-1880-8976,43,Maharashtra,Bihar,Agriculture,492,Semi-skilled,Ayushman Bharat,2026-05-15
MOCK-UAN-3047-1834,60,Andhra Pradesh,Gujarat,Agriculture,838,Highly-skilled,None,2025-05-07
MOCK-UAN-5306-4938,60,Bihar,Bihar,Agriculture,927,Highly-skilled,eShram,2025-03-11
MOCK-UAN-6984-8672,50,Tamil Nadu,Bihar,Gig Worker,731,Skilled,Ayushman Bharat,2026-07-10
MOCK-UAN-8992-6062,24,Gujarat,Tamil Nadu,Manufacturing,415,Semi-skilled,PM-Kisan,2026-07-28
MOCK-UAN-4895-3368,52,Tamil Nadu,Tamil Nadu,Agriculture,329,Unskilled,PM-Kisan,2025-09-02
MOCK-UAN-5938-8992,41,West Bengal,Gujarat,Manufacturing,313,Unskilled,eShram,2026-03-12
MOCK-UAN-5300-2926,30,Gujarat,Maharashtra,Agriculture,873,Highly-skilled,PM-SYM,2026-05-13
MOCK-UAN-8284-2573,34,Karnataka,Karnataka,Manufacturing,399,Semi-skilled,Ayushman Bharat,2025-01-20
MOCK-UAN-6232-6571,20,West Bengal,West Bengal,Manufacturing,501,Skilled,Ayushman Bharat,2025-04-07
MOCK-UAN-7361-2651,19,Bihar,Andhra Pradesh,Construction,367,Unskilled,None,2024-10-21
MOCK-UAN-8536-5418,54,Andhra Pradesh,Karnataka,Domestic Worker,371,Semi-skilled,PM-Kisan,2025-08-01
MOCK-UAN-2603-7518,63,Jharkhand,Gujarat,Domestic Worker,454,Semi-skilled,PM-Kisan,2026-05-07
MOCK-UAN-7583-5095,40,Maharashtra,Maharashtra,Manufacturing,9,Semi-skilled,Ayushman Bharat,2026-08-05
MOCK-UAN-9637-7676,-3,Karnataka,Jharkhand,Gig Worker,583,Semi-skilled,Ayushman Bharat,2024-12-11
MOCK-UAN-4776-6659,24,Maharashtra,Maharashtra,Construction,634,Skilled,eShram,2024-11-02
MOCK-UAN-6077-3702,49,Uttar Pradesh,Uttar Pradesh,Gig Worker,983,Highly-skilled,None,2026-08-04
MOCK-UAN-6138-8860,63,Odisha,Bihar,Agriculture,336,Unskilled,eShram,2026-09-05
MOCK-UAN-1180-1844,47,Maharashtra,Maharashtra,Manufacturing,616,Skilled,PM-Kisan,2025-02-19
MOCK-UAN-1412-9415,29,Tamil Nadu,Karnataka,Gig Worker,1015,Highly-skilled,PM-Kisan,2025-06-12
MOCK-UAN-2119-3318,50,West Bengal,Bihar,Construction,523,Semi-skilled,eShram,2025-04-03
MOCK-UAN-3723-2237,34,Jharkhand,Maharashtra,Manufacturing,223,Unskilled,PM-SYM,2026-05-07
MOCK-UAN-9954-3404,39,Odisha,Odisha,Manufacturing,637,Skilled,None,2025-06-12
MOCK-UAN-5470-7185,41,Maharashtra,Gujarat,Agriculture,630,Skilled,PM-SYM,2025-01-05
MOCK-UAN-9721-6613,23,Maharashtra,West Bengal,Gig Worker,349,Unskilled,Ayushman Bharat,2026-06-19
MOCK-UAN-4545-8283,64,Gujarat,Bihar,Domestic Worker,587,Skilled,None,2024-12-06
MOCK-UAN-3204-3716,19,Bihar,Odisha,Gig Worker,548,Semi-skilled,eShram,2025-08-12
MOCK-UAN-1977-2596,25,Jharkhand,Odisha,Gig Worker,993,Highly-skilled,PM-SYM,2025-05-10
MOCK-UAN-8679-8911,20,Odisha,Gujarat,Manufacturing,916,Highly-skilled,PM-SYM,2026-03-25
MOCK-UAN-8619-7180,27,Odisha,Karnataka,Manufacturing,971,Highly-skilled,PM-SYM,2026-06-28
MOCK-UAN-2536-9175,-2,Andhra Pradesh,Odisha,Domestic Worker,954,Highly-skilled,PM-Kisan,2024-11-04
MOCK-UAN-2687-9208,42,Odisha,Maharashtra,Gig Worker,934,Highly-skilled,Ayushman Bharat,2026-07-17
MOCK-UAN-7563-5205,57,Gujarat,Bihar,Domestic Worker,331,Unskilled,None,2024-10-22
MOCK-UAN-4779-1334,42,Uttar Pradesh,Uttar Pradesh,Domestic Worker,366,Unskilled,PM-Kisan,2026-09-11
MOCK-UAN-1253-4759,37,Jharkhand,Bihar,Domestic Worker,4,Highly-skilled,PM-SYM,2025-01-19
MOCK-UAN-7123-2635,30,Gujarat,Gujarat,Gig Worker,1054,Highly-skilled,None,2024-09-26
MOCK-UAN-3869-2931,17,Maharashtra,Uttar Pradesh,Manufacturing,2500,Highly-skilled,Ayushman Bharat,2025-03-09
MOCK-UAN-1056-3303,29,Bihar,Andhra Pradesh,Domestic Worker,15940,Highly-skilled,Ayushman Bharat,2025-06-24
MOCK-UAN-3319-4799,30,Tamil Nadu,Odisha,Agriculture,462,Semi-skilled,PM-Kisan,2025-05-15
MOCK-UAN-4920-6345,23,Karnataka,Uttar Pradesh,Manufacturing,502,Semi-skilled,Ayushman Bharat,2026-06-03
MOCK-UAN-5984-1771,23,Jharkhand,Jharkhand,Gig Worker,557,Semi-skilled,PM-SYM,2026-04-23
MOCK-UAN-9408-8900,54,Odisha,Maharashtra,Agriculture,901,Highly-skilled,PM-SYM,2026-02-01
MOCK-UAN-2334-8961,62,Andhra Pradesh,Gujarat,Manufacturing,882,Highly-skilled,PM-SYM,2026-04-24
MOCK-UAN-3122-5155,62,Gujarat,Bihar,Manufacturing,678,Skilled,PM-Kisan,2025-05-10
MOCK-UAN-6255-4421,33,Karnataka,Uttar Pradesh,Construction,909,Highly-skilled,None,2025-12-27
MOCK-UAN-8136-1993,16,Gujarat,Uttar Pradesh,Agriculture,2500,Highly-skilled,eShram,2024-12-05
MOCK-UAN-8740-4872,20,Maharashtra,Tamil Nadu,Domestic Worker,924,Highly-skilled,None,2025-08-22
MOCK-UAN-9189-5325,39,Bihar,Bihar,Agriculture,530,Skilled,PM-Kisan,2024-10-29
MOCK-UAN-8189-4558,25,West Bengal,Tamil Nadu,Manufacturing,318,Unskilled,Ayushman Bharat,2026-05-20
MOCK-UAN-6896-5897,48,Gujarat,Gujarat,Construction,244,Unskilled,PM-SYM,2026-01-23
MOCK-UAN-8744-7425,37,Karnataka,Tamil Nadu,Manufacturing,631,Skilled,None,2025-02-15
MOCK-UAN-8469-3485,28,Gujarat,Gujarat,Gig Worker,744,Skilled,PM-Kisan,2025-08-26
MOCK-UAN-1405-4329,55,Andhra Pradesh,Andhra Pradesh,Agriculture,870,Highly-skilled,PM-Kisan,2025-09-07
MOCK-UAN-1186-8108,42,Odisha,Odisha,Gig Worker,1006,Highly-skilled,PM-SYM,2025-04-26
MOCK-UAN-7713-9976,48,Andhra Pradesh,Andhra Pradesh,Manufacturing,997,Highly-skilled,None,2025-12-08
MOCK-UAN-8674-1669,59,Maharashtra,Karnataka,Gig Worker,974,Highly-skilled,eShram,2026-02-05
MOCK-UAN-4010-8275,22,Bihar,West Bengal,Gig Worker,647,Skilled,PM-SYM,2025-01-26
MOCK-UAN-7872-3824,29,Andhra Pradesh,Maharashtra,Agriculture,524,Semi-skilled,eShram,2026-04-26
MOCK-UAN-3344-4533,57,Odisha,Odisha,Agriculture,698,Skilled,None,2024-10-08
MOCK-UAN-1451-7190,54,Uttar Pradesh,Uttar Pradesh,Construction,950,Highly-skilled,PM-Kisan,2025-09-02
MOCK-UAN-4124-6587,46,West Bengal,West Bengal,Agriculture,500,Semi-skilled,PM-Kisan,2025-04-16
MOCK-UAN-1795-1540,42,Uttar Pradesh,Odisha,Agriculture,667,Skilled,PM-Kisan,2026-01-18
MOCK-UAN-6581-5020,24,Bihar,Bihar,Domestic Worker,262,Unskilled,Ayushman Bharat,2025-03-04
MOCK-UAN-6095-3345,51,Andhra Pradesh,West Bengal,Manufacturing,575,Skilled,eShram,2025-09-23
MOCK-UAN-1489-8858,53,Gujarat,West Bengal,Domestic Worker,961,Highly-skilled,PM-SYM,2026-06-19
MOCK-UAN-3130-3765,25,Maharashtra,Maharashtra,Manufacturing,384,Unskilled,PM-SYM,2026-06-13
MOCK-UAN-6341-7574,44,Maharashtra,Maharashtra,Domestic Worker,478,Semi-skilled,PM-Kisan,2026-01-11
MOCK-UAN-8930-3612,51,Karnataka,Bihar,Agriculture,406,Semi-skilled,Ayushman Bharat,2026-04-19
MOCK-UAN-7696-3845,54,Bihar,Karnataka,Agriculture,699,Skilled,PM-SYM,2026-04-18
MOCK-UAN-9299-1108,48,Andhra Pradesh,Jharkhand,Construction,473,Semi-skilled,PM-Kisan,2026-01-27
MOCK-UAN-2299-3458,19,Jharkhand,Jharkhand,Construction,333,Unskilled,None,2025-09-19
MOCK-UAN-5449-2094,43,Uttar Pradesh,Jharkhand,Construction,367,Unskilled,Ayushman Bharat,2025-11-04
MOCK-UAN-8642-6235,59,Andhra Pradesh,Andhra Pradesh,Agriculture,527,Semi-skilled,None,2026-08-13
MOCK-UAN-8328-5142,35,Jharkhand,Jharkhand,Gig Worker,1042,Highly-skilled,PM-SYM,2026-01-20
MOCK-UAN-6597-5789,65,West Bengal,West Bengal,Gig Worker,570,Semi-skilled,PM-SYM,2026-04-24
MOCK-UAN-9317-9084,27,Maharashtra,Maharashtra,Gig Worker,1023,Highly-skilled,PM-Kisan,2026-09-09
MOCK-UAN-7983-1802,23,Uttar Pradesh,Jharkhand,Gig Worker,15037,Semi-skilled,None,2025-06-23
MOCK-UAN-2633-8541,18,Bihar,Jharkhand,Domestic Worker,927,Highly-skilled,None,2026-05-31
MOCK-UAN-8919-3166,19,Odisha,Bihar,Domestic Worker,323,Semi-skilled,PM-SYM,2025-01-15
MOCK-UAN-3535-6780,26,Maharashtra,Jharkhand,Domestic Worker,885,Highly-skilled,PM-SYM,2025-06-17
MOCK-UAN-4239-8808,55,Tamil Nadu,Bihar,Agriculture,612,Skilled,Ayushman Bharat,2026-06-21
MOCK-UAN-8268-2364,36,Odisha,Andhra Pradesh,Manufacturing,542,Skilled,None,2025-07-21
MOCK-UAN-2813-6075,29,Uttar Pradesh,West Bengal,Gig Worker,1019,Highly-skilled,eShram,2026-06-18
MOCK-UAN-4895-2148,29,Uttar Pradesh,Uttar Pradesh,Manufacturing,889,Highly-skilled,eShram,2026-07-08
MOCK-UAN-8554-8864,28,Uttar Pradesh,Tamil Nadu,Gig Worker,787,Skilled,Ayushman Bharat,2026-06-14
MOCK-UAN-9501-9116,28,Odisha,Odisha,Manufacturing,678,Skilled,None,2025-01-05
MOCK-UAN-7653-6036,32,West Bengal,West Bengal,Construction,476,Semi-skilled,PM-Kisan,2026-05-18
MOCK-UAN-1307-5863,26,Uttar Pradesh,Karnataka,Construction,342,Unskilled,PM-SYM,2026-04-19
MOCK-UAN-2078-7864,62,Tamil Nadu,West Bengal,Manufacturing,446,Semi-skilled,Ayushman Bharat,2025-03-05
MOCK-UAN-3267-3062,41,Uttar Pradesh,Andhra Pradesh,Gig Worker,977,Highly-skilled,PM-Kisan,2026-06-09
MOCK-UAN-1960-2642,61,Tamil Nadu,Maharashtra,Construction,359,Unskilled,None,2025-03-22
MOCK-UAN-7488-6091,22,Uttar Pradesh,Gujarat,Manufacturing,262,Unskilled,PM-SYM,2025-04-20
MOCK-UAN-4649-4562,39,Odisha,Uttar Pradesh,Manufacturing,543,Skilled,eShram,2025-02-23
MOCK-UAN-4970-6292,57,Gujarat,Gujarat,Manufacturing,931,Highly-skilled,PM-SYM,2025-09-11
MOCK-UAN-1325-3765,28,Gujarat,Gujarat,Gig Worker,731,Skilled,None,2025-05-14
MOCK-UAN-1173-1699,64,Maharashtra,Andhra Pradesh,Domestic Worker,259,Unskilled,PM-SYM,2025-12-01
MOCK-UAN-8426-7661,22,Uttar Pradesh,West Bengal,Domestic Worker,944,Highly-skilled,eShram,2026-09-07
MOCK-UAN-5256-1860,63,Uttar Pradesh,Maharashtra,Construction,918,Highly-skilled,PM-Kisan,2026-02-01
MOCK-UAN-2002-8092,46,Tamil Nadu,Tamil Nadu,Agriculture,462,Semi-skilled,PM-Kisan,2025-04-04
MOCK-UAN-4787-7557,16,Andhra Pradesh,Uttar Pradesh,Domestic Worker,2500,Highly-skilled,Ayushman Bharat,2025-03-12
MOCK-UAN-4644-6478,47,Maharashtra,Odisha,Construction,498,Semi-skilled,eShram,2024-10-05
MOCK-UAN-4808-5542,39,Maharashtra,Maharashtra,Gig Worker,422,Unskilled,eShram,2025-05-08
MOCK-UAN-2662-3928,27,Uttar Pradesh,Uttar Pradesh,Agriculture,274,Unskilled,PM-Kisan,2026-03-20
MOCK-UAN-8514-3576,21,Maharashtra,Andhra Pradesh,Agriculture,290,Unskilled,None,2026-05-04
MOCK-UAN-1464-8986,63,Bihar,Gujarat,Agriculture,889,Highly-skilled,PM-SYM,2026-05-09
MOCK-UAN-5370-1857,35,Jharkhand,Tamil Nadu,Agriculture,862,Highly-skilled,Ayushman Bharat,2026-05-27
MOCK-UAN-7099-2435,26,Tamil Nadu,Andhra Pradesh,Manufacturing,291,Unskilled,PM-Kisan,2024-12-17
MOCK-UAN-6656-1349,40,Maharashtra,Maharashtra,Agriculture,522,Skilled,PM-SYM,2026-06-08
MOCK-UAN-8707-2803,39,Karnataka,Karnataka,Agriculture,575,Skilled,None,2025-01-17
MOCK-UAN-7427-8081,32,Jharkhand,Jharkhand,Gig Worker,685,Skilled,None,2025-04-24
MOCK-UAN-7725-3197,22,West Bengal,West Bengal,Manufacturing,437,Semi-skilled,Ayushman Bharat,2026-05-14
MOCK-UAN-2198-6122,20,Uttar Pradesh,Gujarat,Domestic Worker,887,Highly-skilled,PM-Kisan,2025-09-17
MOCK-UAN-7881-8297,47,Bihar,Uttar Pradesh,Manufacturing,296,Unskilled,PM-Kisan,2024-10-28
MOCK-UAN-1621-2790,20,Bihar,Bihar,Manufacturing,323,Unskilled,PM-SYM,2025-04-24
MOCK-UAN-8955-9412,51,West Bengal,Odisha,Domestic Worker,493,Semi-skilled,PM-SYM,2025-06-29
MOCK-UAN-7401-2877,42,Maharashtra,Bihar,Manufacturing,867,Highly-skilled,PM-Kisan,2025-05-20
MOCK-UAN-1749-6742,58,Andhra Pradesh,Andhra Pradesh,Manufacturing,539,Skilled,None,2026-04-08
MOCK-UAN-3626-7229,48,Jharkhand,Andhra Pradesh,Manufacturing,397,Semi-skilled,None,2025-02-22
MOCK-UAN-2839-5757,46,Jharkhand,Jharkhand,Manufacturing,425,Semi-skilled,Ayushman Bharat,2025-11-19
MOCK-UAN-8636-9450,32,Andhra Pradesh,Andhra Pradesh,Gig Worker,382,Unskilled,None,2026-05-26
MOCK-UAN-9526-7082,24,Uttar Pradesh,Tamil Nadu,Domestic Worker,411,Semi-skilled,None,2025-12-31
MOCK-UAN-5263-7349,48,Uttar Pradesh,Karnataka,Manufacturing,835,Highly-skilled,None,2025-05-04
MOCK-UAN-2376-7962,37,Tamil Nadu,Gujarat,Domestic Worker,577,Skilled,None,2025-04-15
MOCK-UAN-5078-2464,50,Andhra Pradesh,Andhra Pradesh,Manufacturing,459,Semi-skilled,PM-Kisan,2026-04-12
MOCK-UAN-9671-6670,45,Tamil Nadu,Tamil Nadu,Gig Worker,579,Semi-skilled,None,2026-09-05
MOCK-UAN-4964-1301,61,Maharashtra,West Bengal,Domestic Worker,872,Highly-skilled,PM-SYM,2026-05-14
MOCK-UAN-7810-2765,41,Uttar Pradesh,Jharkhand,Construction,329,Unskilled,eShram,2025-06-10
MOCK-UAN-3269-7143,36,Tamil Nadu,Andhra Pradesh,Agriculture,553,Skilled,PM-Kisan,2024-10-17
MOCK-UAN-1597-4420,54,Karnataka,West Bengal,Gig Worker,998,Highly-skilled,eShram,2025-07-29
MOCK-UAN-7418-4515,18,Maharashtra,Maharashtra,Agriculture,407,Semi-skilled,PM-Kisan,2025-04-28
MOCK-UAN-1973-1450,19,Odisha,Maharashtra,Agriculture,478,Semi-skilled,PM-Kisan,2025-07-26
MOCK-UAN-4703-1290,49,Uttar Pradesh,Karnataka,Agriculture,510,Skilled,None,2025-06-07
MOCK-UAN-6885-2634,51,Odisha,Odisha,Gig Worker,532,Semi-skilled,Ayushman Bharat,2025-02-20
MOCK-UAN-6362-7622,21,Andhra Pradesh,Uttar Pradesh,Construction,515,Semi-skilled,eShram,2025-06-15
MOCK-UAN-8399-2672,29,Tamil Nadu,Gujarat,Domestic Worker,309,Unskilled,Ayushman Bharat,2024-12-28
MOCK-UAN-3719-9304,18,Tamil Nadu,Karnataka,Manufacturing,434,Unskilled,PM-Kisan,2025-01-10
MOCK-UAN-4563-3082,49,West Bengal,Uttar Pradesh,Manufacturing,317,Unskilled,PM-Kisan,2026-04-08
MOCK-UAN-4173-7820,23,Tamil Nadu,Karnataka,Domestic Worker,549,Skilled,PM-Kisan,2025-06-30
MOCK-UAN-3544-1242,27,Jharkhand,Jharkhand,Agriculture,445,Semi-skilled,Ayushman Bharat,2026-03-18
MOCK-UAN-7437-4135,64,Bihar,West Bengal,Gig Worker,911,Highly-skilled,PM-SYM,2025-07-19
MOCK-UAN-4708-2207,25,West Bengal,Jharkhand,Manufacturing,895,Highly-skilled,PM-Kisan,2025-01-17
MOCK-UAN-2991-5072,60,Odisha,Gujarat,Construction,308,Unskilled,Ayushman Bharat,2025-12-24
MOCK-UAN-2515-9214,54,Bihar,Bihar,Domestic Worker,495,Semi-skilled,Ayushman Bharat,2025-10-07
MOCK-UAN-3343-5977,64,Karnataka,Odisha,Gig Worker,672,Skilled,PM-SYM,2024-10-31
MOCK-UAN-2286-5602,23,Maharashtra,Maharashtra,Domestic Worker,294,Unskilled,PM-SYM,2026-04-13
MOCK-UAN-6112-1159,15,Bihar,Bihar,Gig Worker,2500,Highly-skilled,Ayushman Bharat,2026-05-10
MOCK-UAN-8379-1631,50,Tamil Nadu,Uttar Pradesh,Construction,1036,Highly-skilled,None,2024-12-26
MOCK-UAN-9246-8516,51,Maharashtra,Uttar Pradesh,Construction,633,Skilled,Ayushman Bharat,2025-10-19
MOCK-UAN-8762-3050,27,Karnataka,West Bengal,Domestic Worker,691,Skilled,PM-SYM,2025-12-24
MOCK-UAN-1447-4645,31,Karnataka,Odisha,Manufacturing,340,Unskilled,PM-Kisan,2025-05-08
MOCK-UAN-2745-4747,43,Odisha,Jharkhand,Manufacturing,624,Skilled,PM-SYM,2024-09-19
MOCK-UAN-1277-4672,28,Gujarat,Gujarat,Manufacturing,618,Skilled,eShram,2024-11-20
MOCK-UAN-1745-6696,49,Gujarat,Andhra Pradesh,Construction,369,Unskilled,PM-Kisan,2026-05-25
MOCK-UAN-6444-5838,44,Bihar,Uttar Pradesh,Manufacturing,203,Unskilled,None,2025-05-10
MOCK-UAN-9536-7553,47,Odisha,West Bengal,Manufacturing,586,Skilled,PM-Kisan,2025-05-31
MOCK-UAN-8656-1198,59,Maharashtra,Bihar,Construction,392,Unskilled,None,2026-05-16
MOCK-UAN-4635-8872,38,Odisha,Odisha,Domestic Worker,447,Semi-skilled,eShram,2024-10-22
MOCK-UAN-2691-2812,22,Karnataka,Gujarat,Construction,279,Unskilled,Ayushman Bharat,2026-05-10
MOCK-UAN-5812-2411,40,Tamil Nadu,Tamil Nadu,Manufacturing,897,Highly-skilled,Ayushman Bharat,2025-05-05
MOCK-UAN-9503-5964,60,Odisha,Odisha,Agriculture,685,Skilled,eShram,2025-05-07
MOCK-UAN-2784-8865,61,Andhra Pradesh,Andhra Pradesh,Gig Worker,762,Skilled,eShram,2024-09-16
MOCK-UAN-1907-6097,57,Odisha,Gujarat,Manufacturing,596,Skilled,eShram,2025-10-15
MOCK-UAN-8825-8477,33,Bihar,Bihar,Gig Worker,747,Skilled,None,2026-08-27
MOCK-UAN-5473-9299,49,Jharkhand,Jharkhand,Gig Worker,681,Skilled,PM-Kisan,2025-10-05
MOCK-UAN-4991-3513,48,Gujarat,Bihar,Agriculture,214,Unskilled,eShram,2025-06-22
MOCK-UAN-3037-8890,56,Gujarat,Andhra Pradesh,Manufacturing,253,Unskilled,Ayushman Bharat,2025-09-22
MOCK-UAN-2659-8826,32,Tamil Nadu,Jharkhand,Construction,428,Unskilled,None,2025-02-01
MOCK-UAN-7442-4079,41,Uttar Pradesh,Karnataka,Gig Worker,986,Highly-skilled,PM-SYM,2024-12-28
MOCK-UAN-6368-6908,49,Andhra Pradesh,Andhra Pradesh,Gig Worker,537,Semi-skilled,Ayushman Bharat,2026-06-18
MOCK-UAN-7473-7513,18,Odisha,Odisha,Agriculture,2500,Highly-skilled,eShram,2026-05-26
MOCK-UAN-1897-6394,19,Odisha,Odisha,Manufacturing,395,Unskilled,PM-SYM,2024-11-03
MOCK-UAN-2820-1907,23,Tamil Nadu,Karnataka,Construction,1031,Highly-skilled,eShram,2026-04-13
MOCK-UAN-5134-9425,23,Jharkhand,Jharkhand,Gig Worker,510,Unskilled,PM-SYM,2026-08-04
MOCK-UAN-9388-3292,59,Maharashtra,Tamil Nadu,Manufacturing,292,Unskilled,PM-Kisan,2025-11-03
MOCK-UAN-4221-4572,22,Andhra Pradesh,Tamil Nadu,Domestic Worker,314,Unskilled,None,2026-08-08
MOCK-UAN-8638-5014,58,Gujarat,Gujarat,Agriculture,524,Skilled,None,2024-11-25
MOCK-UAN-3071-2176,51,West Bengal,Jharkhand,Construction,1023,Highly-skilled,eShram,2024-12-07
MOCK-UAN-7514-5709,25,Karnataka,Maharashtra,Construction,441,Semi-skilled,eShram,2025-11-12
MOCK-UAN-2906-8149,56,Maharashtra,Uttar Pradesh,Agriculture,310,Unskilled,None,2026-01-01
MOCK-UAN-1244-4994,27,Maharashtra,Maharashtra,Construction,445,Semi-skilled,eShram,2026-06-26
MOCK-UAN-7591-8441,24,Jharkhand,Uttar Pradesh,Manufacturing,570,Skilled,PM-Kisan,2026-06-16
MOCK-UAN-3710-4055,38,Jharkhand,Jharkhand,Manufacturing,558,Skilled,Ayushman Bharat,2025-07-20
MOCK-UAN-5561-5068,65,Gujarat,Gujarat,Domestic Worker,869,Highly-skilled,PM-Kisan,2025-01-08
MOCK-UAN-2902-2218,37,Maharashtra,Karnataka,Agriculture,273,Unskilled,PM-Kisan,2026-09-09
MOCK-UAN-6250-9186,48,Bihar,Bihar,Agriculture,572,Skilled,PM-Kisan,2026-08-07
MOCK-UAN-1914-7367,62,Jharkhand,Jharkhand,Domestic Worker,941,Highly-skilled,PM-Kisan,2025-06-04
MOCK-UAN-3489-1259,63,Uttar Pradesh,Uttar Pradesh,Gig Worker,944,Highly-skilled,eShram,2025-01-12
MOCK-UAN-7501-7476,64,Andhra Pradesh,Uttar Pradesh,Agriculture,611,Skilled,PM-SYM,2026-03-17
MOCK-UAN-3870-6234,40,Odisha,Karnataka,Manufacturing,510,Semi-skilled,None,2025-05-28
MOCK-UAN-6174-6673,22,Odisha,Odisha,Gig Worker,674,Skilled,None,2025-06-17
MOCK-UAN-2204-2054,48,Maharashtra,Maharashtra,Manufacturing,264,Unskilled,eShram,2026-09-12
MOCK-UAN-3431-6818,43,Karnataka,Karnataka,Construction,338,Unskilled,eShram,2025-09-23
MOCK-UAN-5778-3627,31,Maharashtra,Andhra Pradesh,Domestic Worker,358,Unskilled,Ayushman Bharat,2025-10-27
MOCK-UAN-1525-9325,62,Jharkhand,Maharashtra,Agriculture,459,Semi-skilled,PM-Kisan,2026-01-05
MOCK-UAN-3806-2812,20,Karnataka,Karnataka,Domestic Worker,423,Semi-skilled,PM-SYM,2025-03-09
MOCK-UAN-4760-7992,40,Uttar Pradesh,Jharkhand,Gig Worker,424,Unskilled,None,2025-04-18
MOCK-UAN-5832-3256,52,Karnataka,Bihar,Manufacturing,394,Semi-skilled,None,2026-06-04
MOCK-UAN-4429-7480,38,Bihar,Gujarat,Agriculture,634,Skilled,PM-SYM,2026-08-16
MOCK-UAN-1300-6954,23,Andhra Pradesh,Tamil Nadu,Domestic Worker,620,Skilled,eShram,2025-01-24
MOCK-UAN-3833-4407,62,Andhra Pradesh,Karnataka,Construction,934,Highly-skilled,eShram,2025-01-25
MOCK-UAN-1627-3515,65,West Bengal,Maharashtra,Agriculture,408,Semi-skilled,Ayushman Bharat,2025-04-05
MOCK-UAN-6421-4353,54,Bihar,Bihar,Domestic Worker,405,Semi-skilled,PM-Kisan,2024-10-15
MOCK-UAN-2832-7808,63,Gujarat,Karnataka,Manufacturing,926,Highly-skilled,PM-Kisan,2026-01-10
MOCK-UAN-6006-1151,33,Maharashtra,Maharashtra,Agriculture,661,Skilled,Ayushman Bharat,2026-05-04
MOCK-UAN-8141-7405,34,Odisha,Andhra Pradesh,Domestic Worker,568,Skilled,Ayushman Bharat,2025-08-20
MOCK-UAN-2635-6393,64,Bihar,Tamil Nadu,Gig Worker,1022,Highly-skilled,eShram,2026-05-04
MOCK-UAN-2949-6876,18,Tamil Nadu,Tamil Nadu,Domestic Worker,795,Highly-skilled,PM-Kisan,2026-04-24
MOCK-UAN-7810-2617,64,Maharashtra,Jharkhand,Agriculture,570,Skilled,eShram,2026-08-30
MOCK-UAN-3664-3181,60,West Bengal,West Bengal,Agriculture,448,Semi-skilled,None,2026-07-10
MOCK-UAN-5983-4850,40,Uttar Pradesh,Uttar Pradesh,Agriculture,854,Highly-skilled,None,2025-03-12
MOCK-UAN-4251-6965,20,Bihar,Gujarat,Gig Worker,653,Skilled,Ayushman Bharat,2026-02-15
MOCK-UAN-3974-8585,46,West Bengal,Jharkhand,Manufacturing,266,Unskilled,eShram,2024-12-08
MOCK-UAN-5527-9708,55,Andhra Pradesh,Andhra Pradesh,Construction,664,Skilled,Ayushman Bharat,2026-03-15
MOCK-UAN-9314-1114,63,Odisha,West Bengal,Manufacturing,290,Unskilled,Ayushman Bharat,2026-05-23
MOCK-UAN-6381-5833,60,Tamil Nadu,Jharkhand,Construction,538,Skilled,Ayushman Bharat,2026-04-15
MOCK-UAN-6262-8289,49,Odisha,Odisha,Construction,243,Unskilled,eShram,2025-12-18
MOCK-UAN-9982-4661,19,Uttar Pradesh,Uttar Pradesh,Manufacturing,869,Highly-skilled,eShram,2025-12-11
MOCK-UAN-6327-2705,23,Gujarat,Tamil Nadu,Domestic Worker,922,Highly-skilled,PM-SYM,2025-01-04
MOCK-UAN-3750-3974,25,Maharashtra,Odisha,Domestic Worker,762,Highly-skilled,PM-SYM,2024-09-22
MOCK-UAN-4207-5461,47,Gujarat,Gujarat,Construction,475,Semi-skilled,PM-Kisan,2026-06-27
MOCK-UAN-9457-4723,18,Karnataka,Bihar,Construction,473,Semi-skilled,PM-Kisan,2026-05-26
MOCK-UAN-8850-3074,47,Bihar,Bihar,Agriculture,969,Highly-skilled,PM-SYM,2025-04-28
MOCK-UAN-8958-9863,51,Tamil Nadu,Tamil Nadu,Gig Worker,680,Skilled,PM-Kisan,2026-06-06
MOCK-UAN-9397-2718,52,Uttar Pradesh,Uttar Pradesh,Domestic Worker,919,Highly-skilled,None,2026-08-29
MOCK-UAN-1140-1066,48,Maharashtra,Tamil Nadu,Domestic Worker,607,Skilled,Ayushman Bharat,2025-08-01
MOCK-UAN-5139-6074,35,Bihar,Bihar,Construction,843,Highly-skilled,None,2026-05-03
MOCK-UAN-3791-7980,26,Gujarat,Gujarat,Agriculture,638,Skilled,eShram,2025-07-16
MOCK-UAN-6810-2787,62,Gujarat,Uttar Pradesh,Gig Worker,710,Skilled,PM-Kisan,2026-07-14
MOCK-UAN-4429-9449,39,Odisha,Odisha,Manufacturing,925,Highly-skilled,Ayushman Bharat,2026-02-15
MOCK-UAN-8380-9312,32,Karnataka,Odisha,Construction,1146,Highly-skilled,None,2026-03-07
MOCK-UAN-4573-6023,61,Andhra Pradesh,Uttar Pradesh,Construction,845,Highly-skilled,PM-SYM,2026-08-19
MOCK-UAN-8629-7355,24,Maharashtra,Andhra Pradesh,Construction,1036,Highly-skilled,PM-Kisan,2026-03-16
MOCK-UAN-3567-3434,30,Maharashtra,Maharashtra,Domestic Worker,585,Skilled,Ayushman Bharat,2024-09-28
MOCK-UAN-4098-7697,55,Odisha,Odisha,Gig Worker,714,Skilled,PM-SYM,2025-03-25
MOCK-UAN-3264-7432,38,Maharashtra,Uttar Pradesh,Agriculture,597,Skilled,PM-SYM,2025-07-03
MOCK-UAN-3553-5300,56,Andhra Pradesh,Maharashtra,Gig Worker,678,Skilled,None,2025-06-11
MOCK-UAN-1546-4981,63,Tamil Nadu,Gujarat,Manufacturing,271,Unskilled,eShram,2026-05-09
MOCK-UAN-2206-4187,44,Uttar Pradesh,Gujarat,Domestic Worker,616,Skilled,None,2026-04-18
MOCK-UAN-5084-2527,58,Jharkhand,Andhra Pradesh,Manufacturing,524,Skilled,PM-SYM,2025-12-07
MOCK-UAN-2693-3520,28,Jharkhand,Jharkhand,Domestic Worker,487,Semi-skilled,PM-SYM,2025-09-23
MOCK-UAN-5641-7868,53,Tamil Nadu,Andhra Pradesh,Agriculture,579,Skilled,Ayushman Bharat,2025-08-12
MOCK-UAN-6572-6455,21,Jharkhand,Jharkhand,Gig Worker,643,Skilled,None,2024-09-21
MOCK-UAN-8983-9829,56,Uttar Pradesh,Uttar Pradesh,Gig Worker,527,Semi-skilled,eShram,2026-01-27
MOCK-UAN-4140-2011,34,Gujarat,Odisha,Gig Worker,612,Semi-skilled,None,2026-04-17
MOCK-UAN-3328-7948,54,Andhra Pradesh,Maharashtra,Gig Worker,373,Unskilled,PM-Kisan,2025-12-13
MOCK-UAN-6524-1382,43,Bihar,Andhra Pradesh,Manufacturing,917,Highly-skilled,PM-SYM,2024-11-22
MOCK-UAN-2766-3828,20,Andhra Pradesh,Uttar Pradesh,Agriculture,563,Skilled,PM-Kisan,2024-10-18
MOCK-UAN-8792-3680,25,Gujarat,Bihar,Domestic Worker,487,Semi-skilled,eShram,2026-08-18
MOCK-UAN-2188-3581,54,Gujarat,Gujarat,Domestic Worker,484,Semi-skilled,PM-SYM,2024-09-17
MOCK-UAN-4675-1407,48,Bihar,Karnataka,Construction,442,Unskilled,PM-Kisan,2025-01-21
MOCK-UAN-9370-4820,59,Karnataka,Uttar Pradesh,Gig Worker,991,Highly-skilled,PM-SYM,2025-08-04
MOCK-UAN-6310-9044,65,West Bengal,Karnataka,Gig Worker,583,Semi-skilled,PM-SYM,2026-06-22
MOCK-UAN-9495-1422,23,Jharkhand,Odisha,Construction,654,Skilled,Ayushman Bharat,2025-11-14
MOCK-UAN-6991-9245,55,Tamil Nadu,Uttar Pradesh,Manufacturing,964,Highly-skilled,PM-SYM,2026-04-19
MOCK-UAN-1318-7989,34,Karnataka,Uttar Pradesh,Agriculture,414,Semi-skilled,Ayushman Bharat,2025-12-31
MOCK-UAN-8631-5105,48,Karnataka,Odisha,Agriculture,337,Unskilled,None,2024-09-18
MOCK-UAN-5466-7825,38,Karnataka,Andhra Pradesh,Manufacturing,290,Unskilled,eShram,2026-06-06
MOCK-UAN-8434-3509,52,Uttar Pradesh,Odisha,Construction,496,Semi-skilled,PM-Kisan,2025-02-12
MOCK-UAN-2166-7187,34,Bihar,Andhra Pradesh,Agriculture,454,Semi-skilled,None,2024-11-30
MOCK-UAN-7950-1545,39,Gujarat,Gujarat,Manufacturing,312,Unskilled,eShram,2024-11-30
MOCK-UAN-7576-7193,37,Karnataka,Karnataka,Domestic Worker,594,Skilled,PM-SYM,2025-02-09
MOCK-UAN-9580-4127,25,Jharkhand,Jharkhand,Agriculture,460,Semi-skilled,PM-Kisan,2026-08-17
MOCK-UAN-7112-5424,23,Gujarat,Gujarat,Construction,428,Unskilled,PM-Kisan,2026-04-07
MOCK-UAN-1323-9557,46,Andhra Pradesh,Andhra Pradesh,Construction,999,Highly-skilled,PM-SYM,2026-08-24
MOCK-UAN-7559-8960,24,Tamil Nadu,West Bengal,Manufacturing,343,Unskilled,PM-SYM,2026-01-10
MOCK-UAN-1953-5669,32,Maharashtra,Odisha,Domestic Worker,577,Skilled,None,2026-05-19
MOCK-UAN-3484-5811,44,Bihar,Bihar,Agriculture,255,Unskilled,PM-SYM,2024-10-20
MOCK-UAN-1008-1839,61,Karnataka,Bihar,Manufacturing,647,Skilled,PM-SYM,2026-04-12
MOCK-UAN-5735-8758,28,Maharashtra,Maharashtra,Domestic Worker,493,Semi-skilled,PM-SYM,2026-06-16
MOCK-UAN-6971-8755,35,Karnataka,Karnataka,Agriculture,523,Semi-skilled,PM-Kisan,2025-11-21
MOCK-UAN-8394-6066,34,Jharkhand,Karnataka,Domestic Worker,569,Skilled,eShram,2024-11-11
MOCK-UAN-7626-5656,25,Tamil Nadu,Tamil Nadu,Gig Worker,988,Highly-skilled,Ayushman Bharat,2024-10-25
MOCK-UAN-7002-2522,30,Maharashtra,Uttar Pradesh,Manufacturing,818,Highly-skilled,None,2026-04-25
MOCK-UAN-8328-7214,52,Bihar,Bihar,Manufacturing,280,Unskilled,PM-Kisan,2025-08-08
MOCK-UAN-2448-8500,37,Odisha,Odisha,Agriculture,649,Skilled,PM-Kisan,2025-10-20
MOCK-UAN-2291-5506,35,Odisha,Odisha,Domestic Worker,276,Unskilled,eShram,2025-08-26
MOCK-UAN-3800-5640,65,Andhra Pradesh,Andhra Pradesh,Manufacturing,632,Skilled,Ayushman Bharat,2025-04-06
MOCK-UAN-5234-7125,33,Tamil Nadu,West Bengal,Domestic Worker,290,Unskilled,PM-SYM,2026-06-17
MOCK-UAN-7093-2160,52,Uttar Pradesh,Karnataka,Domestic Worker,616,Skilled,PM-Kisan,2025-04-30
MOCK-UAN-2251-4977,40,Odisha,West Bengal,Gig Worker,342,Unskilled,None,2025-06-28
MOCK-UAN-9714-1136,20,Jharkhand,Karnataka,Agriculture,454,Semi-skilled,Ayushman Bharat,2026-06-07
MOCK-UAN-9115-3199,18,Tamil Nadu,Tamil Nadu,Agriculture,300,Semi-skilled,PM-Kisan,2026-02-26
MOCK-UAN-8934-9979,24,Odisha,Bihar,Agriculture,890,Highly-skilled,Ayushman Bharat,2026-05-31
MOCK-UAN-5588-8321,37,Gujarat,Jharkhand,Domestic Worker,368,Semi-skilled,None,2024-12-30
MOCK-UAN-9972-5129,61,Karnataka,Karnataka,Gig Worker,460,Unskilled,Ayushman Bharat,2026-05-11
MOCK-UAN-9770-1776,35,Tamil Nadu,Tamil Nadu,Domestic Worker,488,Semi-skilled,None,2025-12-15
MOCK-UAN-8010-9248,51,Odisha,West Bengal,Domestic Worker,923,Highly-skilled,None,2025-08-19
MOCK-UAN-6396-9400,34,Karnataka,Karnataka,Construction,576,Semi-skilled,Ayushman Bharat,2026-06-19
MOCK-UAN-4490-7814,18,Tamil Nadu,Tamil Nadu,Manufacturing,402,Semi-skilled,None,2025-08-21
MOCK-UAN-2048-4420,34,Gujarat,Gujarat,Domestic Worker,5,Unskilled,PM-SYM,2025-02-18
MOCK-UAN-9650-5691,36,Karnataka,Karnataka,Manufacturing,646,Skilled,None,2025-01-14
MOCK-UAN-2145-6900,44,West Bengal,West Bengal,Gig Worker,538,Semi-skilled,eShram,2024-11-17
MOCK-UAN-8624-1462,60,Gujarat,Uttar Pradesh,Domestic Worker,356,Unskilled,Ayushman Bharat,2026-04-23
MOCK-UAN-3138-8364,58,Uttar Pradesh,Andhra Pradesh,Gig Worker,944,Highly-skilled,eShram,2026-07-13
MOCK-UAN-9061-2104,52,Gujarat,Gujarat,Gig Worker,658,Skilled,Ayushman Bharat,2025-12-26
MOCK-UAN-6769-7854,30,Bihar,Bihar,Construction,10,Semi-skilled,PM-SYM,2025-04-17
MOCK-UAN-1234-9053,52,Jharkhand,West Bengal,Domestic Worker,273,Unskilled,None,2025-05-20
MOCK-UAN-9366-6428,50,Gujarat,Tamil Nadu,Manufacturing,547,Skilled,Ayushman Bharat,2024-12-05
MOCK-UAN-1470-3707,58,West Bengal,West Bengal,Gig Worker,761,Skilled,eShram,2024-12-01
MOCK-UAN-9573-9852,42,Gujarat,Tamil Nadu,Domestic Worker,587,Skilled,None,2026-05-11
MOCK-UAN-9617-6081,29,West Bengal,Jharkhand,Domestic Worker,617,Skilled,None,2024-10-21
MOCK-UAN-1728-4973,23,Maharashtra,Maharashtra,Gig Worker,971,Highly-skilled,PM-SYM,2025-03-05
MOCK-UAN-3610-1274,31,Gujarat,Gujarat,Domestic Worker,808,Highly-skilled,Ayushman Bharat,2025-01-22
MOCK-UAN-8873-9931,42,Jharkhand,Odisha,Agriculture,463,Semi-skilled,None,2025-02-09
MOCK-UAN-7204-1476,64,Maharashtra,Odisha,Manufacturing,804,Highly-skilled,PM-Kisan,2025-05-04
MOCK-UAN-8170-2310,65,Andhra Pradesh,Odisha,Gig Worker,546,Semi-skilled,Ayushman Bharat,2026-06-30
MOCK-UAN-7033-8869,33,Tamil Nadu,Tamil Nadu,Gig Worker,481,Semi-skilled,eShram,2025-12-22
MOCK-UAN-1598-1916,34,Tamil Nadu,Odisha,Agriculture,999,Highly-skilled,eShram,2024-11-16
MOCK-UAN-8574-4614,65,Jharkhand,Gujarat,Manufacturing,345,Unskilled,Ayushman Bharat,2025-04-25
MOCK-UAN-3496-6424,39,Tamil Nadu,Karnataka,Domestic Worker,455,Semi-skilled,PM-Kisan,2025-12-19
MOCK-UAN-8506-1633,16,Bihar,West Bengal,Domestic Worker,2500,Highly-skilled,Ayushman Bharat,2026-05-05
MOCK-UAN-5677-7549,59,Karnataka,Gujarat,Agriculture,857,Highly-skilled,PM-Kisan,2024-09-25
MOCK-UAN-5563-9436,60,Uttar Pradesh,Uttar Pradesh,Manufacturing,927,Highly-skilled,eShram,2026-06-28
MOCK-UAN-2155-3671,36,West Bengal,West Bengal,Agriculture,909,Highly-skilled,None,2025-04-08
MOCK-UAN-5288-6124,55,Odisha,Odisha,Agriculture,463,Semi-skilled,None,2025-04-21
MOCK-UAN-6292-4380,21,Bihar,Andhra Pradesh,Gig Worker,613,Semi-skilled,PM-Kisan,2026-04-24
MOCK-UAN-9266-9172,23,Gujarat,Maharashtra,Gig Worker,736,Skilled,None,2026-03-31
MOCK-UAN-6250-9980,22,Andhra Pradesh,Bihar,Construction,664,Skilled,eShram,2025-04-14
MOCK-UAN-4239-6342,43,Karnataka,West Bengal,Manufacturing,367,Semi-skilled,PM-Kisan,2025-05-12
MOCK-UAN-8069-7030,47,Odisha,Odisha,Agriculture,551,Skilled,None,2025-08-29
MOCK-UAN-7076-7026,19,Tamil Nadu,Maharashtra,Manufacturing,443,Semi-skilled,PM-Kisan,2026-09-12
MOCK-UAN-8259-2879,37,West Bengal,Uttar Pradesh,Construction,504,Semi-skilled,PM-Kisan,2025-09-03
MOCK-UAN-6127-3146,65,Tamil Nadu,Andhra Pradesh,Manufacturing,393,Semi-skilled,PM-SYM,2025-10-23
MOCK-UAN-2577-2099,57,Jharkhand,Gujarat,Manufacturing,720,Skilled,Ayushman Bharat,2026-04-26
MOCK-UAN-3220-8759,58,Gujarat,Gujarat,Agriculture,975,Highly-skilled,eShram,2024-10-11
MOCK-UAN-9960-3318,37,Andhra Pradesh,Gujarat,Gig Worker,580,Semi-skilled,PM-SYM,2025-03-06
MOCK-UAN-5661-5681,18,Jharkhand,Karnataka,Gig Worker,703,Skilled,PM-SYM,2026-04-27
MOCK-UAN-3884-2450,53,Andhra Pradesh,Maharashtra,Agriculture,889,Highly-skilled,PM-Kisan,2025-08-05
MOCK-UAN-2001-1440,36,Karnataka,Karnataka,Agriculture,252,Unskilled,eShram,2026-07-18
MOCK-UAN-3520-6323,37,Gujarat,Odisha,Domestic Worker,303,Unskilled,PM-SYM,2025-04-11
MOCK-UAN-4821-5292,50,Tamil Nadu,Maharashtra,Gig Worker,1012,Highly-skilled,eShram,2025-12-31
MOCK-UAN-7815-2428,29,Karnataka,Jharkhand,Construction,287,Unskilled,eShram,2024-10-11
MOCK-UAN-2414-4339,18,Bihar,Bihar,Construction,2500,Highly-skilled,Ayushman Bharat,2026-05-14
MOCK-UAN-1563-3666,57,West Bengal,West Bengal,Construction,342,Unskilled,PM-Kisan,2025-10-08
MOCK-UAN-5948-6905,28,Maharashtra,Bihar,Domestic Worker,2,Unskilled,PM-Kisan,2026-04-11
MOCK-UAN-7431-4389,14,Karnataka,Karnataka,Gig Worker,2500,Highly-skilled,None,2025-06-23
MOCK-UAN-2133-8934,23,Andhra Pradesh,Andhra Pradesh,Gig Worker,379,Unskilled,PM-Kisan,2025-01-10
MOCK-UAN-8850-5760,20,Tamil Nadu,Tamil Nadu,Construction,444,Unskilled,eShram,2025-04-13
MOCK-UAN-1375-5079,35,Uttar Pradesh,Karnataka,Construction,977,Highly-skilled,PM-SYM,2025-06-04
MOCK-UAN-8778-7403,40,Andhra Pradesh,Andhra Pradesh,Manufacturing,833,Highly-skilled,Ayushman Bharat,2025-04-08
MOCK-UAN-2232-7182,65,Maharashtra,Andhra Pradesh,Gig Worker,1024,Highly-skilled,PM-Kisan,2026-05-25
MOCK-UAN-8200-1507,30,Odisha,Odisha,Gig Worker,322,Unskilled,None,2025-10-28
MOCK-UAN-1372-1223,40,Odisha,Odisha,Manufacturing,954,Highly-skilled,None,2026-08-18
MOCK-UAN-3243-5060,31,Karnataka,West Bengal,Construction,626,Skilled,PM-Kisan,2024-09-24
MOCK-UAN-9117-2076,35,Andhra Pradesh,Uttar Pradesh,Gig Worker,545,Semi-skilled,eShram,2025-07-17
MOCK-UAN-1501-7655,39,West Bengal,West Bengal,Agriculture,666,Skilled,PM-Kisan,2026-08-26
MOCK-UAN-4157-3803,-1,Karnataka,Andhra Pradesh,Domestic Worker,835,Highly-skilled,eShram,2025-02-07
MOCK-UAN-6325-9875,-1,Jharkhand,Jharkhand,Domestic Worker,530,Skilled,Ayushman Bharat,2025-09-14
MOCK-UAN-2844-4466,57,Bihar,Bihar,Manufacturing,270,Unskilled,eShram,2025-07-30
MOCK-UAN-3704-4853,45,Karnataka,Maharashtra,Domestic Worker,951,Highly-skilled,eShram,2025-10-25
MOCK-UAN-4154-3381,33,West Bengal,Uttar Pradesh,Gig Worker,924,Highly-skilled,Ayushman Bharat,2025-12-08
MOCK-UAN-6098-7771,44,Uttar Pradesh,West Bengal,Agriculture,158,Unskilled,None,2025-05-09
MOCK-UAN-2447-3134,20,Gujarat,West Bengal,Agriculture,577,Skilled,eShram,2026-04-26
MOCK-UAN-7547-1611,25,Uttar Pradesh,Tamil Nadu,Construction,377,Unskilled,PM-SYM,2025-06-17
MOCK-UAN-2302-7059,46,Jharkhand,Tamil Nadu,Gig Worker,1060,Highly-skilled,PM-SYM,2024-11-28
MOCK-UAN-7245-2937,24,Uttar Pradesh,Andhra Pradesh,Gig Worker,976,Highly-skilled,PM-SYM,2024-12-15
MOCK-UAN-3726-7548,65,Andhra Pradesh,Andhra Pradesh,Agriculture,579,Skilled,Ayushman Bharat,2025-10-08
MOCK-UAN-5230-3874,65,Gujarat,Maharashtra,Manufacturing,657,Skilled,eShram,2026-02-08
MOCK-UAN-5373-1447,30,Uttar Pradesh,Uttar Pradesh,Agriculture,506,Skilled,Ayushman Bharat,2025-08-27
MOCK-UAN-6802-7721,45,Andhra Pradesh,Bihar,Construction,330,Unskilled,PM-Kisan,2025-11-12
MOCK-UAN-3255-3493,49,Jharkhand,Jharkhand,Domestic Worker,909,Highly-skilled,PM-Kisan,2026-01-10
MOCK-UAN-3059-2621,59,Karnataka,Karnataka,Gig Worker,1022,Highly-skilled,PM-Kisan,2025-05-10
MOCK-UAN-1906-6322,61,Karnataka,Maharashtra,Agriculture,274,Unskilled,PM-Kisan,2025-04-18
MOCK-UAN-2859-2140,30,Gujarat,Gujarat,Agriculture,301,Unskilled,eShram,2025-06-23
MOCK-UAN-5126-5456,-2,Karnataka,Karnataka,Construction,225,Unskilled,None,2025-03-10
MOCK-UAN-6418-6494,63,Bihar,Maharashtra,Domestic Worker,567,Skilled,Ayushman Bharat,2025-07-03
MOCK-UAN-7343-8008,54,Tamil Nadu,Bihar,Manufacturing,622,Skilled,None,2025-01-26
MOCK-UAN-3761-9200,18,Andhra Pradesh,Jharkhand,Manufacturing,400,Semi-skilled,Ayushman Bharat,2025-07-25
MOCK-UAN-5662-6225,55,Jharkhand,Bihar,Manufacturing,452,Semi-skilled,PM-Kisan,2025-05-06
MOCK-UAN-7923-5562,64,West Bengal,West Bengal,Construction,372,Unskilled,PM-SYM,2024-12-16
MOCK-UAN-8620-2694,26,Odisha,Tamil Nadu,Manufacturing,882,Highly-skilled,PM-SYM,2025-06-10
MOCK-UAN-5617-2472,62,Uttar Pradesh,Maharashtra,Agriculture,608,Skilled,eShram,2026-03-23
MOCK-UAN-4494-8919,28,West Bengal,West Bengal,Agriculture,851,Highly-skilled,None,2026-04-25
MOCK-UAN-3042-4409,21,Jharkhand,Gujarat,Manufacturing,589,Skilled,None,2026-09-13
MOCK-UAN-2356-6597,51,West Bengal,Bihar,Domestic Worker,930,Highly-skilled,PM-SYM,2026-08-07
MOCK-UAN-5548-2195,16,Andhra Pradesh,Jharkhand,Construction,2500,Highly-skilled,PM-SYM,2024-12-01
MOCK-UAN-7575-5223,34,Gujarat,Gujarat,Construction,320,Unskilled,PM-Kisan,2026-02-13
MOCK-UAN-8495-6951,37,Jharkhand,Jharkhand,Agriculture,911,Highly-skilled,eShram,2026-08-02
MOCK-UAN-9955-6512,63,Jharkhand,West Bengal,Agriculture,935,Highly-skilled,None,2026-06-05
MOCK-UAN-6580-4969,29,Tamil Nadu,Tamil Nadu,Gig Worker,297,Unskilled,PM-Kisan,2024-10-16
MOCK-UAN-3677-3719,43,Karnataka,Andhra Pradesh,Domestic Worker,957,Highly-skilled,None,2025-11-10
MOCK-UAN-3431-9866,45,Tamil Nadu,Tamil Nadu,Gig Worker,533,Semi-skilled,PM-Kisan,2026-07-09
MOCK-UAN-8526-2035,44,Uttar Pradesh,Odisha,Gig Worker,421,Unskilled,PM-SYM,2025-04-27
MOCK-UAN-1346-8323,20,Maharashtra,Andhra Pradesh,Domestic Worker,959,Highly-skilled,None,2026-05-01
MOCK-UAN-1599-9170,63,Andhra Pradesh,Odisha,Gig Worker,631,Skilled,PM-Kisan,2025-06-19
MOCK-UAN-8130-9056,64,Uttar Pradesh,Karnataka,Gig Worker,964,Highly-skilled,Ayushman Bharat,2024-11-14
MOCK-UAN-5692-5407,39,Gujarat,Jharkhand,Manufacturing,885,Highly-skilled,None,2025-09-19
MOCK-UAN-2471-9353,28,West Bengal,Uttar Pradesh,Manufacturing,860,Highly-skilled,PM-Kisan,2026-04-10
MOCK-UAN-6469-3168,27,Andhra Pradesh,Maharashtra,Manufacturing,536,Semi-skilled,PM-SYM,2025-06-09
MOCK-UAN-6657-3815,41,Karnataka,Andhra Pradesh,Domestic Worker,257,Unskilled,None,2025-06-06
MOCK-UAN-1642-7243,32,Tamil Nadu,Odisha,Agriculture,422,Semi-skilled,eShram,2025-06-20
MOCK-UAN-8841-7030,25,Jharkhand,Odisha,Gig Worker,1010,Highly-skilled,PM-Kisan,2026-05-15
MOCK-UAN-2013-6868,31,Gujarat,Gujarat,Manufacturing,389,Semi-skilled,eShram,2025-02-01
MOCK-UAN-4777-4556,34,Jharkhand,Gujarat,Manufacturing,430,Semi-skilled,PM-Kisan,2025-05-09
MOCK-UAN-4589-9147,61,Jharkhand,Uttar Pradesh,Construction,365,Unskilled,eShram,2025-05-07
MOCK-UAN-1871-1113,52,Odisha,Maharashtra,Agriculture,283,Unskilled,eShram,2026-04-08
MOCK-UAN-4221-3028,58,West Bengal,West Bengal,Domestic Worker,445,Semi-skilled,PM-Kisan,2025-06-29
MOCK-UAN-2351-3095,41,Karnataka,Karnataka,Construction,623,Skilled,None,2025-04-27
MOCK-UAN-9581-7089,61,Bihar,Karnataka,Domestic Worker,824,Highly-skilled,PM-Kisan,2024-10-01
MOCK-UAN-7326-5846,41,Tamil Nadu,Jharkhand,Construction,666,Skilled,None,2026-07-28
MOCK-UAN-4644-8595,57,Jharkhand,Andhra Pradesh,Agriculture,537,Semi-skilled,eShram,2026-06-21
MOCK-UAN-4247-8023,51,West Bengal,Maharashtra,Agriculture,450,Semi-skilled,PM-Kisan,2026-04-07
MOCK-UAN-1622-4620,14,Karnataka,Karnataka,Domestic Worker,2500,Highly-skilled,PM-Kisan,2025-04-25
MOCK-UAN-2315-7099,19,Maharashtra,Odisha,Agriculture,934,Highly-skilled,Ayushman Bharat,2025-09-21
MOCK-UAN-1489-3093,39,Andhra Pradesh,Karnataka,Domestic Worker,836,Highly-skilled,PM-SYM,2025-11-01
MOCK-UAN-4656-5876,49,Gujarat,Uttar Pradesh,Domestic Worker,985,Highly-skilled,eShram,2025-02-07
MOCK-UAN-6871-2458,64,Andhra Pradesh,Gujarat,Gig Worker,710,Skilled,eShram,2026-01-08
MOCK-UAN-3501-2690,38,Tamil Nadu,Karnataka,Gig Worker,1081,Highly-skilled,Ayushman Bharat,2025-04-13
MOCK-UAN-7793-4733,56,Odisha,Tamil Nadu,Domestic Worker,563,Skilled,PM-SYM,2025-04-08
MOCK-UAN-6699-6249,65,Uttar Pradesh,Karnataka,Agriculture,540,Semi-skilled,PM-SYM,2025-04-02
MOCK-UAN-1877-3451,65,Bihar,Maharashtra,Manufacturing,488,Semi-skilled,None,2026-08-03
MOCK-UAN-3748-6749,65,Gujarat,Gujarat,Manufacturing,477,Semi-skilled,eShram,2025-03-08
MOCK-UAN-4350-5670,50,Karnataka,Maharashtra,Domestic Worker,311,Unskilled,None,2026-07-30
MOCK-UAN-2573-3029,20,Odisha,West Bengal,Domestic Worker,887,Highly-skilled,None,2024-10-08
MOCK-UAN-4405-3527,44,Uttar Pradesh,West Bengal,Domestic Worker,510,Semi-skilled,None,2026-02-23
MOCK-UAN-6948-5577,23,Karnataka,Karnataka,Construction,357,Unskilled,PM-Kisan,2025-04-05
MOCK-UAN-7796-5794,63,Tamil Nadu,Tamil Nadu,Domestic Worker,201,Unskilled,PM-SYM,2025-07-04
MOCK-UAN-9041-5045,63,Uttar Pradesh,Tamil Nadu,Agriculture,844,Highly-skilled,eShram,2026-08-21
MOCK-UAN-4830-9840,46,West Bengal,West Bengal,Agriculture,440,Semi-skilled,PM-Kisan,2025-05-14
MOCK-UAN-6648-2439,53,Maharashtra,Tamil Nadu,Manufacturing,915,Highly-skilled,PM-SYM,2026-05-15
MOCK-UAN-9843-9232,33,Karnataka,Uttar Pradesh,Agriculture,297,Unskilled,PM-Kisan,2025-11-01
MOCK-UAN-4511-9247,20,Gujarat,Tamil Nadu,Construction,560,Semi-skilled,eShram,2024-10-31
MOCK-UAN-7388-5594,43,Odisha,Odisha,Gig Worker,602,Skilled,eShram,2025-07-17
MOCK-UAN-4804-6870,34,West Bengal,Tamil Nadu,Gig Worker,407,Unskilled,eShram,2024-12-28
MOCK-UAN-7371-1527,33,West Bengal,Andhra Pradesh,Domestic Worker,209,Unskilled,eShram,2025-08-19
MOCK-UAN-7874-5763,42,Gujarat,Uttar Pradesh,Domestic Worker,337,Unskilled,eShram,2026-01-16
MOCK-UAN-8230-5525,47,Gujarat,Gujarat,Domestic Worker,295,Unskilled,PM-SYM,2026-04-26
MOCK-UAN-6538-1725,33,Odisha,Odisha,Manufacturing,620,Skilled,Ayushman Bharat,2026-04-02
MOCK-UAN-9236-2149,58,Odisha,Odisha,Construction,306,Unskilled,Ayushman Bharat,2025-01-18
MOCK-UAN-4630-4520,31,Tamil Nadu,Odisha,Manufacturing,5129,Highly-skilled,PM-SYM,2024-12-26
MOCK-UAN-9447-6141,38,Andhra Pradesh,Andhra Pradesh,Construction,552,Semi-skilled,PM-Kisan,2025-08-27
MOCK-UAN-8895-4162,51,Andhra Pradesh,Bihar,Construction,529,Semi-skilled,Ayushman Bharat,2025-09-12
MOCK-UAN-2551-9879,23,Tamil Nadu,Karnataka,Construction,643,Skilled,PM-Kisan,2026-04-19
MOCK-UAN-2899-4107,43,Tamil Nadu,Gujarat,Agriculture,328,Unskilled,PM-Kisan,2024-12-21
MOCK-UAN-4647-7746,52,Karnataka,Gujarat,Manufacturing,264,Unskilled,None,2024-09-22
MOCK-UAN-6098-3418,56,Maharashtra,Maharashtra,Domestic Worker,642,Skilled,PM-SYM,2026-01-30
MOCK-UAN-2661-7923,23,Jharkhand,Jharkhand,Gig Worker,632,Semi-skilled,eShram,2024-11-30
MOCK-UAN-5578-6783,28,Jharkhand,Tamil Nadu,Construction,403,Unskilled,eShram,2026-01-17
MOCK-UAN-2196-8719,49,Tamil Nadu,Gujarat,Manufacturing,413,Semi-skilled,None,2025-06-03
MOCK-UAN-7367-7544,24,Bihar,Bihar,Gig Worker,1018,Highly-skilled,eShram,2024-10-18
MOCK-UAN-1975-7362,55,Tamil Nadu,Tamil Nadu,Manufacturing,535,Skilled,None,2026-04-18
MOCK-UAN-8071-1787,59,Bihar,Jharkhand,Gig Worker,578,Semi-skilled,PM-Kisan,2026-05-31
MOCK-UAN-4205-1971,29,Tamil Nadu,Odisha,Manufacturing,472,Semi-skilled,PM-SYM,2025-11-28
MOCK-UAN-4623-2884,36,Tamil Nadu,Tamil Nadu,Domestic Worker,206,Unskilled,PM-SYM,2026-05-04
MOCK-UAN-2765-7628,53,Andhra Pradesh,Andhra Pradesh,Agriculture,241,Unskilled,Ayushman Bharat,2026-04-27
MOCK-UAN-4557-7917,18,West Bengal,Uttar Pradesh,Construction,335,Unskilled,Ayushman Bharat,2025-06-03
MOCK-UAN-7669-1696,52,Bihar,Bihar,Manufacturing,284,Unskilled,Ayushman Bharat,2024-10-24
MOCK-UAN-4868-5475,45,Odisha,Uttar Pradesh,Domestic Worker,539,Skilled,PM-SYM,2025-06-02
MOCK-UAN-7782-3157,62,Karnataka,Gujarat,Manufacturing,469,Semi-skilled,PM-Kisan,2026-06-29
MOCK-UAN-6707-1665,49,Uttar Pradesh,Tamil Nadu,Construction,662,Skilled,eShram,2026-07-28
MOCK-UAN-1263-5757,57,Tamil Nadu,West Bengal,Manufacturing,440,Semi-skilled,Ayushman Bharat,2025-03-29
MOCK-UAN-9743-5712,47,Gujarat,Gujarat,Domestic Worker,262,Unskilled,PM-Kisan,2026-05-28
MOCK-UAN-5680-9116,26,West Bengal,West Bengal,Manufacturing,352,Unskilled,None,2025-07-12
MOCK-UAN-7149-9499,38,Odisha,Odisha,Gig Worker,1082,Highly-skilled,eShram,2026-05-31
MOCK-UAN-7358-2389,25,Gujarat,Odisha,Manufacturing,875,Highly-skilled,PM-SYM,2025-03-28
MOCK-UAN-9553-3088,35,Gujarat,Gujarat,Domestic Worker,869,Highly-skilled,None,2025-05-13
MOCK-UAN-3578-9153,65,Karnataka,Karnataka,Agriculture,324,Unskilled,eShram,2024-11-18
MOCK-UAN-9146-3164,31,Bihar,Bihar,Gig Worker,682,Skilled,eShram,2026-05-05
MOCK-UAN-6596-7394,20,Andhra Pradesh,Odisha,Domestic Worker,593,Skilled,PM-Kisan,2025-10-19
MOCK-UAN-8415-3945,24,Tamil Nadu,Tamil Nadu,Construction,686,Skilled,eShram,2024-09-23
MOCK-UAN-4730-6414,30,Bihar,Jharkhand,Domestic Worker,504,Skilled,Ayushman Bharat,2026-05-22
MOCK-UAN-3447-4968,27,Jharkhand,Jharkhand,Construction,415,Unskilled,PM-Kisan,2024-12-11
MOCK-UAN-5437-5229,15,Maharashtra,Maharashtra,Agriculture,2500,Highly-skilled,Ayushman Bharat,2024-10-16
MOCK-UAN-9818-8954,50,Maharashtra,Uttar Pradesh,Manufacturing,879,Highly-skilled,PM-Kisan,2025-04-25
MOCK-UAN-3434-2583,25,Gujarat,Gujarat,Gig Worker,545,Semi-skilled,PM-SYM,2025-04-25
MOCK-UAN-9471-2323,50,Bihar,Bihar,Construction,8,Highly-skilled,eShram,2025-05-15
MOCK-UAN-9508-8130,31,Tamil Nadu,West Bengal,Manufacturing,513,Skilled,Ayushman Bharat,2025-01-23
MOCK-UAN-5923-9229,51,West Bengal,Karnataka,Gig Worker,774,Skilled,Ayushman Bharat,2025-07-14
MOCK-UAN-3101-6274,30,Tamil Nadu,West Bengal,Domestic Worker,452,Semi-skilled,PM-Kisan,2024-10-10
MOCK-UAN-5088-5124,39,Tamil Nadu,Odisha,Gig Worker,1022,Highly-skilled,eShram,2024-09-22
MOCK-UAN-8231-7499,48,Gujarat,Karnataka,Construction,547,Semi-skilled,PM-Kisan,2026-03-28
MOCK-UAN-5902-6258,63,West Bengal,Jharkhand,Construction,898,Highly-skilled,Ayushman Bharat,2026-06-13
MOCK-UAN-6896-4106,24,Tamil Nadu,Tamil Nadu,Gig Worker,1023,Highly-skilled,eShram,2024-12-21
MOCK-UAN-1564-8876,36,Bihar,Tamil Nadu,Gig Worker,386,Unskilled,PM-SYM,2024-09-30
MOCK-UAN-2337-5544,36,Tamil Nadu,Karnataka,Agriculture,642,Skilled,None,2025-07-31
MOCK-UAN-4354-4498,22,Odisha,Odisha,Manufacturing,193,Unskilled,PM-SYM,2026-08-15
MOCK-UAN-4715-4720,33,Uttar Pradesh,Uttar Pradesh,Manufacturing,445,Semi-skilled,PM-Kisan,2025-12-01
MOCK-UAN-8657-1466,23,Andhra Pradesh,Andhra Pradesh,Gig Worker,669,Skilled,eShram,2025-07-13
MOCK-UAN-9131-6968,65,West Bengal,West Bengal,Domestic Worker,921,Highly-skilled,PM-SYM,2026-03-12
MOCK-UAN-2512-8801,50,Gujarat,Jharkhand,Construction,673,Skilled,PM-Kisan,2025-04-15
MOCK-UAN-8161-4597,50,Jharkhand,Tamil Nadu,Domestic Worker,264,Unskilled,eShram,2026-04-08
MOCK-UAN-6267-5326,53,Andhra Pradesh,Andhra Pradesh,Manufacturing,264,Unskilled,Ayushman Bharat,2025-12-20
MOCK-UAN-2927-6115,64,West Bengal,Gujarat,Domestic Worker,894,Highly-skilled,Ayushman Bharat,2025-12-29
MOCK-UAN-9132-5191,18,Karnataka,Gujarat,Manufacturing,855,Highly-skilled,Ayushman Bharat,2025-05-23
MOCK-UAN-3281-3655,53,Jharkhand,Maharashtra,Domestic Worker,492,Semi-skilled,PM-SYM,2026-05-02
MOCK-UAN-4482-9248,44,West Bengal,Odisha,Agriculture,881,Highly-skilled,eShram,2025-11-25
MOCK-UAN-4530-4374,30,Andhra Pradesh,Andhra Pradesh,Agriculture,754,Highly-skilled,PM-Kisan,2025-03-04
MOCK-UAN-1601-7591,43,Gujarat,Uttar Pradesh,Domestic Worker,581,Skilled,eShram,2025-06-09
MOCK-UAN-4368-6571,51,Uttar Pradesh,Odisha,Construction,298,Unskilled,PM-Kisan,2026-07-20
MOCK-UAN-8094-6758,24,Jharkhand,Jharkhand,Gig Worker,318,Unskilled,PM-SYM,2025-10-18
MOCK-UAN-8662-2447,48,Andhra Pradesh,Uttar Pradesh,Manufacturing,538,Skilled,PM-Kisan,2025-06-11
MOCK-UAN-6728-6921,65,West Bengal,West Bengal,Agriculture,605,Skilled,eShram,2024-11-29
MOCK-UAN-9186-4233,24,Maharashtra,Maharashtra,Manufacturing,516,Semi-skilled,None,2025-08-25
MOCK-UAN-3904-9009,43,Karnataka,West Bengal,Manufacturing,915,Highly-skilled,Ayushman Bharat,2026-04-19
MOCK-UAN-7965-2178,31,Uttar Pradesh,Tamil Nadu,Domestic Worker,269,Unskilled,PM-Kisan,2025-09-04
MOCK-UAN-1384-9973,59,West Bengal,West Bengal,Gig Worker,1022,Highly-skilled,None,2026-06-26
MOCK-UAN-9028-7652,25,Tamil Nadu,Tamil Nadu,Construction,327,Unskilled,PM-SYM,2024-12-07
MOCK-UAN-2741-6477,37,West Bengal,West Bengal,Agriculture,565,Skilled,eShram,2025-04-06
MOCK-UAN-5114-9182,57,Jharkhand,Jharkhand,Agriculture,242,Unskilled,PM-SYM,2024-09-17
MOCK-UAN-9594-7451,24,Gujarat,Gujarat,Agriculture,812,Highly-skilled,PM-Kisan,2024-10-03
MOCK-UAN-2467-6613,48,Maharashtra,Andhra Pradesh,Manufacturing,880,Highly-skilled,PM-Kisan,2026-04-24
MOCK-UAN-4787-7342,46,Jharkhand,Jharkhand,Domestic Worker,907,Highly-skilled,PM-SYM,2024-10-31
MOCK-UAN-4173-8505,29,Gujarat,Jharkhand,Construction,645,Skilled,PM-Kisan,2025-10-16
MOCK-UAN-8189-3592,35,Tamil Nadu,Tamil Nadu,Manufacturing,279,Unskilled,Ayushman Bharat,2025-09-20
MOCK-UAN-8273-4202,28,Karnataka,Bihar,Construction,602,Skilled,Ayushman Bharat,2026-08-10
MOCK-UAN-8643-9177,31,Jharkhand,Jharkhand,Manufacturing,330,Unskilled,PM-Kisan,2025-11-23
MOCK-UAN-7656-9329,53,West Bengal,West Bengal,Domestic Worker,834,Highly-skilled,PM-SYM,2024-10-20
MOCK-UAN-9581-6620,61,Odisha,Tamil Nadu,Domestic Worker,938,Highly-skilled,None,2026-05-13
MOCK-UAN-4482-4187,44,Uttar Pradesh,West Bengal,Construction,449,Semi-skilled,None,2025-05-22
MOCK-UAN-7951-6745,56,Gujarat,Gujarat,Agriculture,562,Skilled,PM-Kisan,2025-12-14
MOCK-UAN-7344-7308,57,Uttar Pradesh,Uttar Pradesh,Agriculture,826,Highly-skilled,PM-SYM,2025-09-07
MOCK-UAN-4909-5506,46,Uttar Pradesh,Uttar Pradesh,Construction,474,Semi-skilled,Ayushman Bharat,2024-10-09
MOCK-UAN-4954-8252,14,Jharkhand,Jharkhand,Construction,2500,Highly-skilled,PM-Kisan,2026-06-02
MOCK-UAN-4719-5238,16,Andhra Pradesh,Gujarat,Agriculture,2500,Highly-skilled,None,2026-06-07
MOCK-UAN-4255-9743,17,Gujarat,Jharkhand,Domestic Worker,2500,Highly-skilled,eShram,2025-11-05
MOCK-UAN-5963-9599,20,Uttar Pradesh,Uttar Pradesh,Construction,976,Highly-skilled,eShram,2025-12-28
MOCK-UAN-5502-2431,40,Andhra Pradesh,Andhra Pradesh,Manufacturing,394,Semi-skilled,eShram,2026-09-08
MOCK-UAN-1480-6148,24,Andhra Pradesh,Andhra Pradesh,Gig Worker,983,Highly-skilled,Ayushman Bharat,2026-02-25
MOCK-UAN-9732-8404,58,Odisha,Maharashtra,Agriculture,860,Highly-skilled,None,2025-06-29
MOCK-UAN-5365-7456,45,Andhra Pradesh,Maharashtra,Manufacturing,516,Semi-skilled,PM-Kisan,2026-06-11
MOCK-UAN-2826-6499,56,Jharkhand,Jharkhand,Domestic Worker,540,Skilled,PM-SYM,2024-11-08
MOCK-UAN-1346-3933,58,Karnataka,West Bengal,Domestic Worker,344,Unskilled,PM-Kisan,2025-06-09
MOCK-UAN-8560-8795,54,Karnataka,Maharashtra,Gig Worker,444,Unskilled,None,2024-12-13
MOCK-UAN-4521-6266,46,Tamil Nadu,West Bengal,Domestic Worker,541,Semi-skilled,Ayushman Bharat,2024-10-08
MOCK-UAN-6635-4005,44,Andhra Pradesh,West Bengal,Construction,929,Highly-skilled,PM-Kisan,2026-01-09
MOCK-UAN-8707-1990,14,Bihar,Bihar,Domestic Worker,2500,Highly-skilled,eShram,2025-04-28
MOCK-UAN-4578-2798,26,Maharashtra,Tamil Nadu,Agriculture,714,Skilled,PM-SYM,2026-09-01
MOCK-UAN-4393-5070,49,Gujarat,Gujarat,Manufacturing,269,Unskilled,Ayushman Bharat,2026-08-26
MOCK-UAN-1191-9016,55,Bihar,Bihar,Manufacturing,523,Skilled,PM-SYM,2024-10-15
MOCK-UAN-5379-1668,49,Andhra Pradesh,Andhra Pradesh,Domestic Worker,355,Semi-skilled,PM-Kisan,2026-08-13
MOCK-UAN-8231-9698,64,Uttar Pradesh,Maharashtra,Construction,535,Semi-skilled,Ayushman Bharat,2026-02-26
MOCK-UAN-6755-8576,31,Gujarat,Gujarat,Agriculture,505,Skilled,PM-SYM,2025-07-10
MOCK-UAN-3118-8851,29,West Bengal,Andhra Pradesh,Gig Worker,381,Unskilled,None,2026-04-05
MOCK-UAN-9291-5011,60,Gujarat,Gujarat,Agriculture,471,Semi-skilled,PM-SYM,2025-11-27
MOCK-UAN-9507-6334,65,Odisha,Uttar Pradesh,Agriculture,609,Skilled,PM-SYM,2026-04-02
MOCK-UAN-6168-4532,19,Maharashtra,Maharashtra,Construction,971,Highly-skilled,Ayushman Bharat,2025-04-14
MOCK-UAN-1886-3034,65,Tamil Nadu,Andhra Pradesh,Gig Worker,1011,Highly-skilled,None,2025-04-03
MOCK-UAN-3705-5028,40,Gujarat,Andhra Pradesh,Gig Worker,463,Unskilled,None,2026-05-19
MOCK-UAN-2922-6787,35,Andhra Pradesh,Andhra Pradesh,Manufacturing,402,Semi-skilled,eShram,2025-04-03
MOCK-UAN-6347-1071,19,Uttar Pradesh,Bihar,Domestic Worker,416,Semi-skilled,PM-SYM,2026-08-25
MOCK-UAN-9473-3069,21,Uttar Pradesh,Bihar,Construction,461,Semi-skilled,PM-SYM,2025-09-04
MOCK-UAN-5716-8344,31,West Bengal,Karnataka,Domestic Worker,941,Highly-skilled,eShram,2026-05-08
MOCK-UAN-3463-5438,63,Tamil Nadu,Tamil Nadu,Agriculture,495,Semi-skilled,PM-Kisan,2024-12-31
MOCK-UAN-2386-9778,28,Karnataka,Maharashtra,Domestic Worker,472,Semi-skilled,None,2025-06-23
MOCK-UAN-6816-2613,50,Tamil Nadu,Gujarat,Agriculture,959,Highly-skilled,None,2026-03-09
MOCK-UAN-2298-6513,39,Odisha,Andhra Pradesh,Domestic Worker,241,Unskilled,PM-Kisan,2025-11-22
MOCK-UAN-6379-5969,34,West Bengal,Bihar,Agriculture,383,Unskilled,Ayushman Bharat,2026-02-21
MOCK-UAN-2886-6330,65,Andhra Pradesh,Maharashtra,Agriculture,15323,Skilled,None,2026-09-13
MOCK-UAN-4888-6446,19,Karnataka,Karnataka,Manufacturing,636,Skilled,Ayushman Bharat,2025-09-10
MOCK-UAN-4446-7033,39,West Bengal,Andhra Pradesh,Domestic Worker,539,Semi-skilled,eShram,2025-12-16
MOCK-UAN-6402-5915,46,Karnataka,Karnataka,Manufacturing,517,Skilled,Ayushman Bharat,2026-04-26
MOCK-UAN-7061-5650,63,Bihar,Odisha,Manufacturing,423,Semi-skilled,Ayushman Bharat,2026-05-08
MOCK-UAN-5068-8905,56,Karnataka,Karnataka,Construction,913,Highly-skilled,PM-SYM,2026-09-12
MOCK-UAN-6422-6966,56,Uttar Pradesh,Tamil Nadu,Domestic Worker,936,Highly-skilled,None,2025-06-13
MOCK-UAN-2728-8149,45,Jharkhand,Gujarat,Manufacturing,847,Highly-skilled,PM-SYM,2025-02-19
MOCK-UAN-4620-6628,19,Jharkhand,Jharkhand,Manufacturing,937,Highly-skilled,Ayushman Bharat,2026-06-16
MOCK-UAN-1341-7153,37,Bihar,Bihar,Gig Worker,1068,Highly-skilled,eShram,2026-08-11
MOCK-UAN-6905-4233,22,Uttar Pradesh,Uttar Pradesh,Construction,534,Semi-skilled,Ayushman Bharat,2024-12-29
MOCK-UAN-1809-1915,39,Uttar Pradesh,Uttar Pradesh,Agriculture,464,Semi-skilled,Ayushman Bharat,2025-09-11
MOCK-UAN-6508-6956,45,Jharkhand,Jharkhand,Manufacturing,400,Semi-skilled,eShram,2025-10-01
MOCK-UAN-8924-7793,44,West Bengal,Tamil Nadu,Construction,607,Skilled,PM-Kisan,2025-06-02
MOCK-UAN-5812-4291,23,Karnataka,Tamil Nadu,Manufacturing,662,Skilled,eShram,2024-12-19
MOCK-UAN-8484-4793,32,Gujarat,Andhra Pradesh,Domestic Worker,488,Semi-skilled,PM-SYM,2026-07-31
MOCK-UAN-1590-9577,54,West Bengal,West Bengal,Domestic Worker,598,Skilled,PM-SYM,2025-06-07
MOCK-UAN-2282-2521,24,Tamil Nadu,Tamil Nadu,Gig Worker,379,Unskilled,eShram,2025-11-04
MOCK-UAN-1540-4110,61,Maharashtra,Maharashtra,Domestic Worker,798,Highly-skilled,eShram,2026-02-08
MOCK-UAN-4030-1039,60,Maharashtra,West Bengal,Domestic Worker,396,Semi-skilled,PM-SYM,2026-04-11
MOCK-UAN-4461-9654,37,Uttar Pradesh,Uttar Pradesh,Manufacturing,395,Unskilled,None,2025-12-22
MOCK-UAN-5070-5472,26,Andhra Pradesh,Tamil Nadu,Domestic Worker,235,Unskilled,eShram,2025-05-10
MOCK-UAN-8876-5556,27,Gujarat,Andhra Pradesh,Agriculture,909,Highly-skilled,PM-Kisan,2025-04-01
MOCK-UAN-3727-9108,56,Gujarat,West Bengal,Domestic Worker,650,Skilled,PM-Kisan,2024-12-19
MOCK-UAN-8772-8268,37,Uttar Pradesh,Uttar Pradesh,Gig Worker,637,Skilled,None,2026-03-08
MOCK-UAN-2446-6012,34,Gujarat,Gujarat,Gig Worker,709,Skilled,eShram,2024-12-18
MOCK-UAN-6411-8162,43,Uttar Pradesh,Uttar Pradesh,Gig Worker,746,Skilled,PM-SYM,2025-02-18
MOCK-UAN-1182-7144,35,Odisha,Gujarat,Domestic Worker,300,Unskilled,PM-SYM,2026-07-24
MOCK-UAN-3982-3279,54,Jharkhand,Maharashtra,Agriculture,1043,Highly-skilled,PM-Kisan,2026-04-15
MOCK-UAN-4404-4774,49,West Bengal,West Bengal,Construction,866,Highly-skilled,PM-SYM,2025-04-11
MOCK-UAN-9059-5928,63,West Bengal,West Bengal,Manufacturing,502,Semi-skilled,PM-SYM,2025-06-13
MOCK-UAN-6371-7308,61,Tamil Nadu,Tamil Nadu,Manufacturing,891,Highly-skilled,Ayushman Bharat,2025-12-30
MOCK-UAN-1034-1886,40,Tamil Nadu,Jharkhand,Manufacturing,7,Highly-skilled,None,2025-06-09
MOCK-UAN-5324-4519,44,Maharashtra,Andhra Pradesh,Agriculture,922,Highly-skilled,PM-SYM,2025-06-03
MOCK-UAN-6818-4160,34,Uttar Pradesh,Andhra Pradesh,Agriculture,413,Semi-skilled,PM-SYM,2026-08-17
MOCK-UAN-8259-5096,47,Bihar,Bihar,Gig Worker,411,Unskilled,eShram,2026-06-17
MOCK-UAN-6695-1355,39,Gujarat,Bihar,Gig Worker,457,Semi-skilled,Ayushman Bharat,2026-03-29
MOCK-UAN-9903-2435,58,Uttar Pradesh,Uttar Pradesh,Gig Worker,580,Semi-skilled,PM-Kisan,2026-02-09
MOCK-UAN-8795-7935,44,Maharashtra,West Bengal,Domestic Worker,314,Unskilled,Ayushman Bharat,2025-01-24
MOCK-UAN-9977-2569,-5,Gujarat,Odisha,Domestic Worker,331,Unskilled,None,2026-04-20
MOCK-UAN-2335-9662,35,Tamil Nadu,Uttar Pradesh,Domestic Worker,952,Highly-skilled,Ayushman Bharat,2026-06-09
MOCK-UAN-6468-3174,48,Andhra Pradesh,Andhra Pradesh,Agriculture,918,Highly-skilled,PM-SYM,2025-01-08
MOCK-UAN-4531-6186,50,Maharashtra,Andhra Pradesh,Manufacturing,907,Highly-skilled,Ayushman Bharat,2025-01-19
MOCK-UAN-8014-2258,18,Odisha,Odisha,Gig Worker,355,Unskilled,None,2026-03-31
MOCK-UAN-5710-6556,30,Karnataka,West Bengal,Gig Worker,514,Semi-skilled,PM-SYM,2025-07-02
MOCK-UAN-3068-8265,36,Maharashtra,Maharashtra,Gig Worker,1059,Highly-skilled,None,2025-11-10
MOCK-UAN-1708-3875,32,Maharashtra,Karnataka,Agriculture,671,Skilled,PM-Kisan,2024-10-07
MOCK-UAN-3384-5104,47,Tamil Nadu,Jharkhand,Manufacturing,888,Highly-skilled,eShram,2024-11-09
MOCK-UAN-7638-8750,65,Andhra Pradesh,Gujarat,Construction,352,Unskilled,PM-SYM,2025-09-14
MOCK-UAN-8153-8986,20,Gujarat,Tamil Nadu,Manufacturing,254,Unskilled,PM-SYM,2026-05-15
MOCK-UAN-4319-3952,33,Tamil Nadu,Tamil Nadu,Gig Worker,608,Semi-skilled,eShram,2024-10-02
MOCK-UAN-7071-5466,-3,Uttar Pradesh,Uttar Pradesh,Agriculture,333,Unskilled,None,2025-08-19
MOCK-UAN-1918-8247,55,Uttar Pradesh,Bihar,Domestic Worker,547,Semi-skilled,PM-SYM,2025-02-13
MOCK-UAN-7487-5342,44,West Bengal,West Bengal,Agriculture,256,Unskilled,PM-Kisan,2026-05-03
MOCK-UAN-2061-6291,63,Uttar Pradesh,Andhra Pradesh,Agriculture,281,Unskilled,PM-SYM,2026-05-29
MOCK-UAN-5660-7411,41,Maharashtra,Karnataka,Gig Worker,8141,Semi-skilled,PM-SYM,2025-08-04
MOCK-UAN-7034-5958,30,Karnataka,Karnataka,Construction,382,Unskilled,PM-Kisan,2026-03-22
MOCK-UAN-2958-7645,34,Maharashtra,West Bengal,Construction,489,Semi-skilled,PM-SYM,2025-05-02
MOCK-UAN-2823-4013,39,Odisha,Maharashtra,Gig Worker,956,Highly-skilled,PM-SYM,2025-12-18
MOCK-UAN-9832-7129,42,West Bengal,Gujarat,Domestic Worker,944,Highly-skilled,Ayushman Bharat,2024-10-22
MOCK-UAN-2546-9086,65,Maharashtra,Maharashtra,Domestic Worker,486,Semi-skilled,PM-SYM,2026-06-12
MOCK-UAN-6948-2375,42,Odisha,Odisha,Gig Worker,504,Semi-skilled,PM-SYM,2026-01-27
MOCK-UAN-7156-5710,59,Karnataka,Uttar Pradesh,Agriculture,367,Unskilled,None,2025-09-08
MOCK-UAN-5849-6815,27,Tamil Nadu,Gujarat,Manufacturing,358,Unskilled,None,2025-10-11
MOCK-UAN-1109-5275,43,Jharkhand,Jharkhand,Manufacturing,606,Skilled,None,2025-02-12
MOCK-UAN-3986-8375,25,Odisha,Odisha,Gig Worker,1003,Highly-skilled,PM-SYM,2025-01-24
MOCK-UAN-7275-2062,25,West Bengal,Andhra Pradesh,Construction,6,Unskilled,PM-Kisan,2025-04-28
MOCK-UAN-1052-2114,-1,Uttar Pradesh,Uttar Pradesh,Construction,306,Unskilled,None,2026-04-16
MOCK-UAN-7655-3753,51,Andhra Pradesh,Odisha,Manufacturing,901,Highly-skilled,None,2026-02-04
MOCK-UAN-2386-5547,60,Odisha,Gujarat,Domestic Worker,342,Semi-skilled,PM-SYM,2024-12-31
MOCK-UAN-7992-7573,37,Gujarat,West Bengal,Manufacturing,493,Semi-skilled,Ayushman Bharat,2026-05-16
MOCK-UAN-2836-3740,27,Andhra Pradesh,Jharkhand,Gig Worker,621,Skilled,None,2025-05-18
MOCK-UAN-8529-5625,64,West Bengal,West Bengal,Domestic Worker,525,Semi-skilled,Ayushman Bharat,2025-04-14
MOCK-UAN-8650-5352,64,West Bengal,Karnataka,Gig Worker,683,Skilled,PM-Kisan,2025-01-16
MOCK-UAN-2851-9029,64,Karnataka,West Bengal,Agriculture,889,Highly-skilled,None,2026-05-29
MOCK-UAN-6457-6028,31,West Bengal,Gujarat,Domestic Worker,868,Highly-skilled,PM-SYM,2025-03-15
MOCK-UAN-1591-2314,57,Maharashtra,Karnataka,Agriculture,885,Highly-skilled,PM-Kisan,2025-04-19
MOCK-UAN-2458-7885,55,Odisha,Tamil Nadu,Gig Worker,470,Unskilled,eShram,2025-06-07
MOCK-UAN-1648-6258,59,Gujarat,Odisha,Manufacturing,475,Skilled,eShram,2025-05-14
MOCK-UAN-6431-3915,45,Jharkhand,Tamil Nadu,Domestic Worker,963,Highly-skilled,Ayushman Bharat,2026-01-19
MOCK-UAN-2863-4052,15,Jharkhand,Uttar Pradesh,Agriculture,2500,Highly-skilled,PM-SYM,2025-12-21
MOCK-UAN-3706-3089,26,Odisha,Karnataka,Manufacturing,839,Highly-skilled,Ayushman Bharat,2024-09-23
MOCK-UAN-5536-8198,41,Andhra Pradesh,West Bengal,Manufacturing,846,Highly-skilled,PM-Kisan,2024-12-04
MOCK-UAN-4339-2215,26,Uttar Pradesh,Gujarat,Gig Worker,783,Skilled,eShram,2026-02-11
MOCK-UAN-2253-2125,62,Tamil Nadu,Andhra Pradesh,Domestic Worker,402,Semi-skilled,None,2025-06-02
MOCK-UAN-4081-7234,55,Tamil Nadu,Gujarat,Manufacturing,392,Semi-skilled,PM-Kisan,2026-05-18
MOCK-UAN-7186-8546,18,West Bengal,Tamil Nadu,Construction,1006,Highly-skilled,PM-Kisan,2025-06-20
MOCK-UAN-5466-5358,24,Andhra Pradesh,Andhra Pradesh,Construction,366,Unskilled,Ayushman Bharat,2025-02-11
MOCK-UAN-8765-5267,57,Maharashtra,Jharkhand,Construction,303,Unskilled,PM-SYM,2026-03-06
MOCK-UAN-9272-9940,58,Odisha,Bihar,Gig Worker,560,Semi-skilled,PM-Kisan,2025-05-24
MOCK-UAN-6258-4442,51,Uttar Pradesh,Uttar Pradesh,Construction,298,Unskilled,PM-SYM,2025-08-13
MOCK-UAN-1615-4090,37,Karnataka,Andhra Pradesh,Construction,1005,Highly-skilled,Ayushman Bharat,2026-05-27
MOCK-UAN-6477-6297,36,Gujarat,Gujarat,Construction,553,Semi-skilled,PM-SYM,2025-05-09
MOCK-UAN-5106-7379,57,Jharkhand,Uttar Pradesh,Domestic Worker,626,Skilled,PM-SYM,2026-01-29
MOCK-UAN-2365-8287,33,Uttar Pradesh,Karnataka,Manufacturing,318,Unskilled,PM-Kisan,2025-08-29
MOCK-UAN-5246-8737,61,Andhra Pradesh,Andhra Pradesh,Construction,1038,Highly-skilled,PM-SYM,2025-05-28
MOCK-UAN-9609-2261,21,Karnataka,Tamil Nadu,Construction,949,Highly-skilled,eShram,2025-06-25
MOCK-UAN-2399-3905,18,Jharkhand,Bihar,Manufacturing,540,Skilled,None,2024-11-22
MOCK-UAN-1681-6528,45,Uttar Pradesh,Uttar Pradesh,Construction,672,Skilled,Ayushman Bharat,2026-05-13
MOCK-UAN-6892-1202,26,West Bengal,Bihar,Agriculture,1004,Highly-skilled,Ayushman Bharat,2026-06-12
MOCK-UAN-8756-9991,28,Odisha,Tamil Nadu,Gig Worker,649,Skilled,PM-Kisan,2026-06-22
MOCK-UAN-2681-5638,28,Odisha,Uttar Pradesh,Domestic Worker,281,Unskilled,Ayushman Bharat,2025-01-05
MOCK-UAN-2377-4545,50,Tamil Nadu,Tamil Nadu,Manufacturing,470,Semi-skilled,PM-Kisan,2025-01-16
MOCK-UAN-3759-7753,38,Jharkhand,Bihar,Gig Worker,397,Unskilled,PM-SYM,2025-12-20
MOCK-UAN-1703-3492,21,Odisha,Odisha,Agriculture,550,Skilled,None,2026-06-10
MOCK-UAN-9413-9529,43,Gujarat,Uttar Pradesh,Domestic Worker,356,Unskilled,PM-Kisan,2025-02-12
MOCK-UAN-3041-5051,60,Gujarat,Tamil Nadu,Domestic Worker,416,Unskilled,None,2025-07-31
MOCK-UAN-3027-6134,30,Jharkhand,Jharkhand,Domestic Worker,309,Unskilled,PM-SYM,2025-04-07
MOCK-UAN-2676-6886,43,West Bengal,West Bengal,Gig Worker,654,Skilled,eShram,2026-03-25
MOCK-UAN-1202-3054,27,Uttar Pradesh,Karnataka,Manufacturing,222,Unskilled,eShram,2026-05-08
MOCK-UAN-5147-3603,33,West Bengal,Andhra Pradesh,Manufacturing,912,Highly-skilled,None,2024-10-15
MOCK-UAN-3205-4242,59,Odisha,Odisha,Manufacturing,955,Highly-skilled,None,2026-01-09
MOCK-UAN-9832-9179,49,Jharkhand,West Bengal,Agriculture,473,Semi-skilled,Ayushman Bharat,2026-04-23
MOCK-UAN-1586-7068,22,Andhra Pradesh,Andhra Pradesh,Domestic Worker,899,Highly-skilled,eShram,2025-07-02
MOCK-UAN-3253-6646,35,Jharkhand,Tamil Nadu,Construction,16482,Highly-skilled,PM-Kisan,2026-05-14
MOCK-UAN-3914-8952,45,Maharashtra,Gujarat,Gig Worker,495,Semi-skilled,PM-Kisan,2026-06-19
MOCK-UAN-4124-7247,59,Maharashtra,Maharashtra,Gig Worker,1041,Highly-skilled,PM-Kisan,2026-07-13
MOCK-UAN-1349-8833,65,Andhra Pradesh,Uttar Pradesh,Agriculture,945,Highly-skilled,eShram,2024-12-04
MOCK-UAN-7016-4854,22,Bihar,Bihar,Domestic Worker,372,Semi-skilled,PM-SYM,2026-05-23
MOCK-UAN-8660-1934,40,Andhra Pradesh,Andhra Pradesh,Construction,1029,Highly-skilled,None,2025-06-10
MOCK-UAN-7545-4241,40,Karnataka,Gujarat,Manufacturing,478,Semi-skilled,PM-SYM,2025-05-16
MOCK-UAN-1188-6330,55,Tamil Nadu,Uttar Pradesh,Domestic Worker,669,Skilled,Ayushman Bharat,2025-06-26
MOCK-UAN-3668-7074,55,Tamil Nadu,Maharashtra,Gig Worker,332,Unskilled,Ayushman Bharat,2025-04-19
MOCK-UAN-7774-4410,60,Tamil Nadu,Bihar,Construction,881,Highly-skilled,None,2025-07-28
MOCK-UAN-4774-8026,32,Gujarat,Gujarat,Domestic Worker,292,Unskilled,Ayushman Bharat,2024-10-16
MOCK-UAN-9048-4888,49,Jharkhand,Tamil Nadu,Gig Worker,1025,Highly-skilled,None,2026-02-11
MOCK-UAN-8636-1647,63,Maharashtra,Maharashtra,Gig Worker,639,Semi-skilled,PM-Kisan,2026-05-03
MOCK-UAN-9623-4769,40,Uttar Pradesh,Uttar Pradesh,Agriculture,485,Semi-skilled,PM-SYM,2024-11-26
MOCK-UAN-8229-6196,55,Gujarat,West Bengal,Gig Worker,387,Unskilled,PM-SYM,2025-07-25
MOCK-UAN-4372-4909,24,Andhra Pradesh,Andhra Pradesh,Domestic Worker,848,Highly-skilled,eShram,2025-06-25
MOCK-UAN-6477-5250,61,Andhra Pradesh,Odisha,Construction,411,Unskilled,eShram,2026-09-06
MOCK-UAN-9964-7098,15,Bihar,Bihar,Construction,2500,Highly-skilled,PM-SYM,2026-06-09
MOCK-UAN-1388-9912,23,Karnataka,Odisha,Agriculture,981,Highly-skilled,PM-SYM,2025-11-23
MOCK-UAN-8710-9731,46,Maharashtra,Bihar,Agriculture,885,Highly-skilled,PM-SYM,2025-04-17
MOCK-UAN-1337-5589,30,Uttar Pradesh,Uttar Pradesh,Agriculture,529,Semi-skilled,eShram,2025-07-26
MOCK-UAN-2711-1710,44,Tamil Nadu,Andhra Pradesh,Construction,683,Skilled,None,2025-04-07
MOCK-UAN-2998-4840,39,Tamil Nadu,West Bengal,Domestic Worker,593,Skilled,eShram,2024-11-02
MOCK-UAN-3404-3095,61,Maharashtra,Gujarat,Manufacturing,874,Highly-skilled,eShram,2025-04-23
MOCK-UAN-9564-9139,63,West Bengal,West Bengal,Manufacturing,882,Highly-skilled,None,2026-01-15
MOCK-UAN-7079-2041,31,West Bengal,Bihar,Gig Worker,571,Semi-skilled,PM-Kisan,2026-06-15
MOCK-UAN-3633-1683,35,West Bengal,Andhra Pradesh,Agriculture,6,Skilled,PM-SYM,2026-05-09
MOCK-UAN-6596-9213,44,West Bengal,West Bengal,Construction,920,Highly-skilled,eShram,2026-05-19
MOCK-UAN-7598-6106,64,Andhra Pradesh,Jharkhand,Agriculture,891,Highly-skilled,Ayushman Bharat,2026-02-19
MOCK-UAN-4157-2737,52,Tamil Nadu,Karnataka,Gig Worker,3,Unskilled,Ayushman Bharat,2025-06-27
MOCK-UAN-4132-4859,55,Jharkhand,Gujarat,Agriculture,193,Unskilled,None,2025-05-06
MOCK-UAN-7889-8472,18,Jharkhand,Jharkhand,Manufacturing,322,Unskilled,Ayushman Bharat,2025-04-04
MOCK-UAN-5572-4045,21,Tamil Nadu,Gujarat,Agriculture,401,Semi-skilled,Ayushman Bharat,2025-06-15
MOCK-UAN-1590-8375,51,Odisha,Odisha,Manufacturing,842,Highly-skilled,PM-Kisan,2026-03-07
MOCK-UAN-3699-3218,24,Andhra Pradesh,Andhra Pradesh,Manufacturing,365,Semi-skilled,PM-SYM,2025-05-25
MOCK-UAN-2114-3044,29,Uttar Pradesh,West Bengal,Agriculture,810,Highly-skilled,PM-Kisan,2025-04-01
MOCK-UAN-6089-8004,44,Karnataka,Gujarat,Agriculture,532,Skilled,eShram,2025-05-27
MOCK-UAN-9152-1971,62,Uttar Pradesh,Karnataka,Manufacturing,264,Unskilled,PM-SYM,2024-10-01
MOCK-UAN-9226-8588,18,Andhra Pradesh,Maharashtra,Agriculture,2500,Highly-skilled,PM-SYM,2026-08-25
MOCK-UAN-5812-4672,19,Karnataka,Uttar Pradesh,Manufacturing,11664,Highly-skilled,PM-Kisan,2026-04-17
MOCK-UAN-8911-5200,56,Andhra Pradesh,Andhra Pradesh,Construction,658,Skilled,eShram,2026-02-22
MOCK-UAN-8602-8246,57,Odisha,Odisha,Domestic Worker,470,Semi-skilled,Ayushman Bharat,2025-11-02
MOCK-UAN-3635-5646,47,Andhra Pradesh,Odisha,Construction,356,Unskilled,eShram,2025-05-08
MOCK-UAN-3226-5054,23,Uttar Pradesh,Uttar Pradesh,Manufacturing,596,Skilled,PM-SYM,2026-02-19
MOCK-UAN-3720-8597,-4,Odisha,Karnataka,Construction,290,Unskilled,eShram,2025-06-19
MOCK-UAN-8541-5436,30,Jharkhand,Karnataka,Manufacturing,672,Skilled,PM-SYM,2026-08-21
MOCK-UAN-7224-3262,38,Bihar,Bihar,Gig Worker,640,Semi-skilled,PM-SYM,2024-11-28
MOCK-UAN-5224-2789,58,Bihar,Andhra Pradesh,Gig Worker,3,Unskilled,None,2024-09-26
MOCK-UAN-5060-7586,59,Odisha,Andhra Pradesh,Agriculture,398,Semi-skilled,eShram,2024-12-01
MOCK-UAN-6067-5338,28,Gujarat,Gujarat,Manufacturing,436,Semi-skilled,Ayushman Bharat,2025-04-07
MOCK-UAN-3229-6176,45,Bihar,Karnataka,Construction,601,Skilled,PM-Kisan,2026-04-22
MOCK-UAN-6096-5425,65,Jharkhand,Bihar,Domestic Worker,625,Skilled,Ayushman Bharat,2025-08-03
MOCK-UAN-6189-9770,27,Gujarat,Tamil Nadu,Construction,313,Unskilled,Ayushman Bharat,2026-06-03
MOCK-UAN-6094-1514,29,Maharashtra,Gujarat,Domestic Worker,708,Skilled,PM-Kisan,2025-05-08
MOCK-UAN-9375-1916,62,Maharashtra,Maharashtra,Agriculture,509,Semi-skilled,PM-Kisan,2026-05-11
MOCK-UAN-1746-9144,63,West Bengal,Karnataka,Gig Worker,710,Skilled,Ayushman Bharat,2025-07-13
MOCK-UAN-6867-3962,35,Karnataka,West Bengal,Agriculture,651,Skilled,Ayushman Bharat,2026-04-17
MOCK-UAN-5018-1555,37,Gujarat,Andhra Pradesh,Construction,1005,Highly-skilled,PM-SYM,2025-10-15
MOCK-UAN-9372-3223,42,Uttar Pradesh,Jharkhand,Manufacturing,571,Skilled,Ayushman Bharat,2025-04-15
MOCK-UAN-4733-6761,59,Uttar Pradesh,Uttar Pradesh,Manufacturing,259,Unskilled,PM-Kisan,2026-05-01
MOCK-UAN-8664-3574,41,Uttar Pradesh,Uttar Pradesh,Agriculture,453,Semi-skilled,PM-Kisan,2025-04-19
MOCK-UAN-4646-3315,58,Uttar Pradesh,West Bengal,Domestic Worker,493,Semi-skilled,None,2025-02-01
MOCK-UAN-2706-8813,36,Maharashtra,Karnataka,Construction,506,Semi-skilled,eShram,2026-06-22
MOCK-UAN-5868-5039,61,Odisha,West Bengal,Agriculture,521,Skilled,eShram,2025-12-29
MOCK-UAN-6857-3544,61,Maharashtra,West Bengal,Domestic Worker,559,Skilled,PM-Kisan,2025-11-13
MOCK-UAN-6507-6018,56,Tamil Nadu,Tamil Nadu,Agriculture,896,Highly-skilled,PM-Kisan,2026-06-04
MOCK-UAN-9077-5716,61,Jharkhand,Bihar,Domestic Worker,446,Semi-skilled,eShram,2025-02-10
MOCK-UAN-5585-1387,28,Maharashtra,Uttar Pradesh,Manufacturing,548,Semi-skilled,None,2025-05-23
MOCK-UAN-1498-5534,20,Uttar Pradesh,Uttar Pradesh,Manufacturing,530,Skilled,Ayushman Bharat,2025-04-17
MOCK-UAN-2301-3011,19,Tamil Nadu,Jharkhand,Gig Worker,575,Semi-skilled,PM-SYM,2026-01-16
MOCK-UAN-5783-6546,55,Tamil Nadu,Odisha,Gig Worker,1074,Highly-skilled,None,2026-01-30
MOCK-UAN-5471-3991,31,Odisha,Uttar Pradesh,Gig Worker,663,Semi-skilled,None,2025-04-01
MOCK-UAN-3182-8216,51,Maharashtra,Maharashtra,Domestic Worker,429,Semi-skilled,PM-SYM,2026-04-13
MOCK-UAN-1023-9023,46,Jharkhand,Uttar Pradesh,Agriculture,924,Highly-skilled,PM-Kisan,2026-07-29
MOCK-UAN-6624-4548,49,Bihar,Gujarat,Manufacturing,478,Semi-skilled,PM-SYM,2024-10-11
MOCK-UAN-1070-4187,22,West Bengal,Andhra Pradesh,Domestic Worker,609,Skilled,PM-SYM,2026-01-15
MOCK-UAN-4816-8652,46,Maharashtra,Jharkhand,Domestic Worker,6227,Highly-skilled,eShram,2025-06-23
MOCK-UAN-6101-9473,39,Andhra Pradesh,Andhra Pradesh,Gig Worker,1021,Highly-skilled,Ayushman Bharat,2026-05-29
MOCK-UAN-1439-9609,27,Gujarat,Andhra Pradesh,Construction,223,Unskilled,None,2025-04-28
MOCK-UAN-3566-2986,51,Odisha,Odisha,Agriculture,634,Skilled,eShram,2025-05-24
MOCK-UAN-6297-7775,20,Jharkhand,Bihar,Agriculture,906,Highly-skilled,Ayushman Bharat,2025-01-10
MOCK-UAN-8298-1484,30,Jharkhand,Odisha,Domestic Worker,288,Unskilled,None,2024-09-18
MOCK-UAN-5636-2098,47,Tamil Nadu,Uttar Pradesh,Construction,602,Semi-skilled,PM-SYM,2024-11-02
MOCK-UAN-9949-7933,49,Tamil Nadu,West Bengal,Agriculture,566,Skilled,PM-Kisan,2025-08-27
MOCK-UAN-1080-6550,54,Bihar,Andhra Pradesh,Agriculture,879,Highly-skilled,eShram,2025-05-27
MOCK-UAN-5772-7444,26,Karnataka,Gujarat,Agriculture,399,Unskilled,PM-Kisan,2025-01-20
MOCK-UAN-3200-1644,16,Maharashtra,Maharashtra,Agriculture,2500,Highly-skilled,PM-SYM,2026-08-14
MOCK-UAN-5247-7575,27,Bihar,Karnataka,Agriculture,422,Semi-skilled,Ayushman Bharat,2026-05-27
MOCK-UAN-5694-2746,45,Gujarat,Andhra Pradesh,Manufacturing,892,Highly-skilled,PM-Kisan,2026-02-20
MOCK-UAN-6896-9731,38,Karnataka,Bihar,Construction,392,Unskilled,None,2026-07-08
MOCK-UAN-8155-8499,59,Jharkhand,Jharkhand,Agriculture,310,Unskilled,PM-Kisan,2025-12-17
MOCK-UAN-8373-9814,57,Tamil Nadu,West Bengal,Construction,285,Unskilled,eShram,2025-06-27
MOCK-UAN-2794-8064,65,Uttar Pradesh,Odisha,Gig Worker,673,Skilled,eShram,2025-12-08
MOCK-UAN-5430-8215,18,Uttar Pradesh,Maharashtra,Manufacturing,569,Skilled,PM-SYM,2026-02-18
MOCK-UAN-7115-7453,55,Jharkhand,Jharkhand,Domestic Worker,446,Semi-skilled,PM-SYM,2025-04-28
MOCK-UAN-3605-8694,31,Tamil Nadu,Tamil Nadu,Construction,521,Semi-skilled,Ayushman Bharat,2025-10-18
MOCK-UAN-4024-2185,27,Maharashtra,Odisha,Agriculture,920,Highly-skilled,PM-Kisan,2026-04-27
MOCK-UAN-2886-7019,32,Jharkhand,Jharkhand,Gig Worker,611,Skilled,None,2026-05-16
MOCK-UAN-9809-4487,15,Odisha,Maharashtra,Construction,2500,Highly-skilled,Ayushman Bharat,2024-11-28
MOCK-UAN-5028-7646,39,Maharashtra,Odisha,Agriculture,912,Highly-skilled,PM-Kisan,2025-06-15
MOCK-UAN-8271-8228,-5,Karnataka,Karnataka,Manufacturing,369,Unskilled,PM-SYM,2026-02-07
MOCK-UAN-7182-2627,35,Maharashtra,West Bengal,Construction,372,Unskilled,Ayushman Bharat,2025-05-10
MOCK-UAN-4227-7349,53,Karnataka,Gujarat,Gig Worker,1055,Highly-skilled,None,2025-03-24
MOCK-UAN-6861-8831,63,Karnataka,Karnataka,Construction,673,Skilled,Ayushman Bharat,2025-10-03
MOCK-UAN-8161-8030,25,West Bengal,Odisha,Manufacturing,667,Skilled,PM-SYM,2025-04-21
MOCK-UAN-2040-5107,24,Odisha,Karnataka,Gig Worker,1026,Highly-skilled,eShram,2026-09-10
MOCK-UAN-3818-2346,58,Jharkhand,Uttar Pradesh,Domestic Worker,445,Semi-skilled,PM-SYM,2025-08-02
MOCK-UAN-1390-1234,47,Bihar,Maharashtra,Construction,763,Skilled,Ayushman Bharat,2026-02-20
MOCK-UAN-6752-7879,47,Karnataka,Uttar Pradesh,Construction,994,Highly-skilled,None,2025-05-18
MOCK-UAN-4779-2384,24,Gujarat,Gujarat,Agriculture,628,Skilled,None,2026-07-15
MOCK-UAN-8374-7545,17,Karnataka,Karnataka,Manufacturing,2500,Highly-skilled,Ayushman Bharat,2026-01-20
MOCK-UAN-1767-6780,26,Andhra Pradesh,Gujarat,Gig Worker,935,Highly-skilled,Ayushman Bharat,2025-08-18
MOCK-UAN-4031-2156,49,Tamil Nadu,Odisha,Domestic Worker,914,Highly-skilled,PM-Kisan,2025-01-30
MOCK-UAN-9212-8989,27,Karnataka,Uttar Pradesh,Gig Worker,557,Semi-skilled,PM-SYM,2025-06-02
MOCK-UAN-7785-3788,56,West Bengal,Maharashtra,Domestic Worker,869,Highly-skilled,Ayushman Bharat,2025-04-10
MOCK-UAN-7797-8074,30,Odisha,Jharkhand,Construction,657,Skilled,eShram,2026-06-27
MOCK-UAN-4916-4961,19,Bihar,Jharkhand,Domestic Worker,679,Skilled,PM-SYM,2025-10-30
MOCK-UAN-9220-9712,38,Tamil Nadu,Gujarat,Agriculture,484,Semi-skilled,Ayushman Bharat,2025-04-11
MOCK-UAN-2225-5529,30,Gujarat,Gujarat,Agriculture,542,Skilled,None,2026-09-09
MOCK-UAN-4459-6199,22,Karnataka,Karnataka,Domestic Worker,444,Semi-skilled,PM-Kisan,2025-12-26
MOCK-UAN-2458-4957,39,Tamil Nadu,Tamil Nadu,Manufacturing,859,Highly-skilled,eShram,2026-07-19
MOCK-UAN-9890-6822,63,West Bengal,Uttar Pradesh,Construction,930,Highly-skilled,PM-Kisan,2025-02-06
MOCK-UAN-7341-1752,62,Bihar,Bihar,Domestic Worker,279,Unskilled,None,2025-01-25
MOCK-UAN-7956-6022,58,Karnataka,Jharkhand,Domestic Worker,426,Semi-skilled,None,2026-08-16
MOCK-UAN-5652-3250,45,West Bengal,West Bengal,Construction,887,Highly-skilled,PM-Kisan,2025-06-24
MOCK-UAN-1796-2482,18,Jharkhand,Jharkhand,Manufacturing,293,Unskilled,PM-Kisan,2024-11-13
MOCK-UAN-6125-3084,18,Maharashtra,West Bengal,Gig Worker,5676,Unskilled,eShram,2025-01-20
MOCK-UAN-6985-2232,54,Andhra Pradesh,Andhra Pradesh,Agriculture,753,Highly-skilled,eShram,2025-07-24
MOCK-UAN-5434-7833,62,Jharkhand,Bihar,Manufacturing,702,Skilled,None,2025-11-06
MOCK-UAN-4863-4475,61,Tamil Nadu,Jharkhand,Agriculture,504,Semi-skilled,eShram,2026-06-18
MOCK-UAN-2496-5530,18,Maharashtra,West Bengal,Agriculture,581,Skilled,PM-Kisan,2026-03-08
MOCK-UAN-2073-5483,28,Andhra Pradesh,Tamil Nadu,Domestic Worker,600,Skilled,eShram,2025-05-01
MOCK-UAN-4479-5042,29,West Bengal,Karnataka,Construction,441,Semi-skilled,Ayushman Bharat,2026-04-01
MOCK-UAN-1197-8668,48,Bihar,Bihar,Gig Worker,634,Semi-skilled,Ayushman Bharat,2026-09-04
MOCK-UAN-3117-9011,48,Maharashtra,Gujarat,Agriculture,694,Skilled,None,2026-05-12
MOCK-UAN-8795-4690,39,Tamil Nadu,Bihar,Agriculture,907,Highly-skilled,PM-SYM,2025-03-18
MOCK-UAN-7656-8012,24,Tamil Nadu,Tamil Nadu,Gig Worker,601,Semi-skilled,PM-Kisan,2025-01-23
MOCK-UAN-3936-8580,63,Andhra Pradesh,Andhra Pradesh,Construction,658,Skilled,PM-SYM,2025-04-21
MOCK-UAN-5088-1828,45,Jharkhand,Odisha,Domestic Worker,533,Skilled,PM-Kisan,2025-03-19
MOCK-UAN-8314-8752,30,Maharashtra,Maharashtra,Domestic Worker,279,Unskilled,eShram,2026-05-25
MOCK-UAN-1711-4621,46,Bihar,Bihar,Construction,506,Semi-skilled,None,2025-09-04
MOCK-UAN-6941-6161,47,Bihar,Bihar,Gig Worker,377,Unskilled,PM-SYM,2025-11-20
MOCK-UAN-4063-3904,20,Gujarat,Gujarat,Agriculture,289,Unskilled,PM-SYM,2024-09-18
MOCK-UAN-5119-4106,43,Uttar Pradesh,Uttar Pradesh,Manufacturing,595,Skilled,Ayushman Bharat,2025-05-30
MOCK-UAN-3627-7855,55,Bihar,Maharashtra,Construction,345,Unskilled,None,2025-05-23
MOCK-UAN-9195-4915,38,Jharkhand,Andhra Pradesh,Domestic Worker,902,Highly-skilled,PM-Kisan,2025-08-08
MOCK-UAN-2743-1923,56,Maharashtra,Gujarat,Gig Worker,346,Unskilled,PM-SYM,2024-10-29
MOCK-UAN-1982-7930,31,Jharkhand,Karnataka,Manufacturing,864,Highly-skilled,Ayushman Bharat,2025-07-02
MOCK-UAN-7769-2975,48,Jharkhand,Tamil Nadu,Manufacturing,235,Unskilled,eShram,2025-07-08
MOCK-UAN-7900-4548,32,Jharkhand,Jharkhand,Manufacturing,648,Skilled,None,2026-03-10
MOCK-UAN-2065-6475,36,Gujarat,Gujarat,Agriculture,194,Unskilled,None,2025-08-01
MOCK-UAN-6137-2113,-5,Tamil Nadu,West Bengal,Manufacturing,957,Highly-skilled,Ayushman Bharat,2026-09-05
MOCK-UAN-6913-7691,38,Gujarat,Maharashtra,Gig Worker,1069,Highly-skilled,Ayushman Bharat,2025-06-09
MOCK-UAN-9451-5199,58,Jharkhand,Maharashtra,Gig Worker,534,Semi-skilled,Ayushman Bharat,2024-12-18
MOCK-UAN-6546-6785,48,Odisha,Odisha,Gig Worker,869,Highly-skilled,eShram,2025-05-08
MOCK-UAN-7770-1738,35,Bihar,Karnataka,Agriculture,431,Semi-skilled,PM-SYM,2025-03-23
MOCK-UAN-8731-1757,52,Bihar,West Bengal,Gig Worker,546,Semi-skilled,PM-Kisan,2026-06-25
MOCK-UAN-4281-6926,58,Jharkhand,Uttar Pradesh,Domestic Worker,399,Semi-skilled,eShram,2026-05-29
MOCK-UAN-1539-2424,63,Uttar Pradesh,Jharkhand,Domestic Worker,574,Skilled,PM-SYM,2025-12-30
MOCK-UAN-6380-4246,56,Andhra Pradesh,Andhra Pradesh,Manufacturing,526,Semi-skilled,Ayushman Bharat,2026-02-07
MOCK-UAN-1393-1824,46,West Bengal,Uttar Pradesh,Manufacturing,933,Highly-skilled,None,2025-10-06
MOCK-UAN-4636-8068,61,Andhra Pradesh,Andhra Pradesh,Domestic Worker,15617,Skilled,eShram,2026-02-27
MOCK-UAN-3601-6832,-2,Andhra Pradesh,Gujarat,Domestic Worker,370,Semi-skilled,Ayushman Bharat,2026-06-25
MOCK-UAN-8810-4020,-3,Gujarat,Jharkhand,Gig Worker,533,Semi-skilled,Ayushman Bharat,2025-12-17
MOCK-UAN-3602-8992,33,Uttar Pradesh,Uttar Pradesh,Manufacturing,439,Semi-skilled,None,2024-11-10
MOCK-UAN-5431-8659,29,Maharashtra,Maharashtra,Gig Worker,724,Skilled,Ayushman Bharat,2025-11-29
MOCK-UAN-2726-1753,15,Bihar,Bihar,Agriculture,2500,Highly-skilled,PM-SYM,2025-06-13
MOCK-UAN-3765-9227,53,Gujarat,Gujarat,Domestic Worker,925,Highly-skilled,PM-Kisan,2025-03-07
MOCK-UAN-5105-5174,19,Maharashtra,Maharashtra,Domestic Worker,696,Skilled,PM-SYM,2026-03-01
MOCK-UAN-6308-7833,23,Maharashtra,Maharashtra,Agriculture,340,Unskilled,PM-Kisan,2026-03-22
MOCK-UAN-4855-2662,52,Maharashtra,Bihar,Manufacturing,447,Semi-skilled,Ayushman Bharat,2026-01-08
MOCK-UAN-2116-3215,59,Maharashtra,West Bengal,Domestic Worker,440,Semi-skilled,PM-Kisan,2026-04-02
MOCK-UAN-2491-3584,28,Andhra Pradesh,Uttar Pradesh,Construction,632,Skilled,eShram,2026-04-19
MOCK-UAN-2628-6960,27,Maharashtra,Uttar Pradesh,Gig Worker,1059,Highly-skilled,eShram,2026-06-18
MOCK-UAN-3907-2303,28,Karnataka,Maharashtra,Construction,918,Highly-skilled,None,2026-04-20
MOCK-UAN-6696-1297,33,Bihar,Bihar,Manufacturing,902,Highly-skilled,Ayushman Bharat,2025-10-28
MOCK-UAN-1225-1127,62,Andhra Pradesh,Andhra Pradesh,Domestic Worker,302,Unskilled,None,2025-10-05
MOCK-UAN-4482-3853,36,Uttar Pradesh,Tamil Nadu,Gig Worker,974,Highly-skilled,PM-SYM,2025-10-01
MOCK-UAN-6121-5664,64,Karnataka,Bihar,Construction,881,Highly-skilled,PM-SYM,2026-08-22
MOCK-UAN-1176-3185,48,Jharkhand,Maharashtra,Construction,666,Skilled,PM-SYM,2024-11-01
MOCK-UAN-9514-1158,52,Maharashtra,Bihar,Gig Worker,546,Semi-skilled,eShram,2025-01-08
MOCK-UAN-1206-1409,41,Odisha,Odisha,Gig Worker,575,Semi-skilled,Ayushman Bharat,2026-04-22
MOCK-UAN-6739-4062,-5,Karnataka,Tamil Nadu,Gig Worker,373,Unskilled,eShram,2024-12-14
MOCK-UAN-2617-8154,47,Odisha,Uttar Pradesh,Gig Worker,611,Semi-skilled,eShram,2025-10-15
MOCK-UAN-1435-2663,65,Bihar,Odisha,Construction,306,Unskilled,None,2026-01-07
MOCK-UAN-9798-7740,65,Jharkhand,Jharkhand,Construction,585,Semi-skilled,Ayushman Bharat,2024-12-22
MOCK-UAN-9309-7504,34,Jharkhand,Uttar Pradesh,Construction,412,Semi-skilled,eShram,2024-10-26
MOCK-UAN-5896-2370,48,Tamil Nadu,Andhra Pradesh,Agriculture,321,Unskilled,Ayushman Bharat,2025-04-02
MOCK-UAN-6615-1450,46,Tamil Nadu,Tamil Nadu,Construction,673,Skilled,PM-Kisan,2025-05-16
MOCK-UAN-8316-2020,32,Karnataka,Gujarat,Manufacturing,860,Highly-skilled,PM-SYM,2024-09-22
MOCK-UAN-4722-1388,59,Karnataka,Uttar Pradesh,Construction,671,Skilled,PM-Kisan,2025-05-10
MOCK-UAN-1127-2379,49,Jharkhand,West Bengal,Domestic Worker,963,Highly-skilled,eShram,2025-02-02
MOCK-UAN-1422-2930,62,West Bengal,West Bengal,Gig Worker,289,Unskilled,Ayushman Bharat,2026-04-27
MOCK-UAN-4166-5188,19,Gujarat,Gujarat,Manufacturing,325,Unskilled,PM-SYM,2026-06-09
MOCK-UAN-6961-1482,29,Uttar Pradesh,Gujarat,Construction,225,Unskilled,None,2026-06-30
MOCK-UAN-5475-8776,22,Bihar,Karnataka,Agriculture,551,Skilled,None,2026-04-18
MOCK-UAN-9359-7644,18,Bihar,Tamil Nadu,Construction,2500,Highly-skilled,PM-Kisan,2024-10-10
MOCK-UAN-5878-9896,61,Bihar,Bihar,Domestic Worker,270,Unskilled,PM-Kisan,2024-11-17
MOCK-UAN-2635-5495,39,Gujarat,Karnataka,Manufacturing,841,Highly-skilled,None,2024-11-26
MOCK-UAN-6543-3117,35,Odisha,Andhra Pradesh,Construction,940,Highly-skilled,PM-SYM,2026-05-14
MOCK-UAN-6020-6424,22,Karnataka,Karnataka,Manufacturing,403,Unskilled,eShram,2025-02-18
MOCK-UAN-1068-5121,63,Tamil Nadu,Tamil Nadu,Agriculture,808,Highly-skilled,PM-Kisan,2025-02-28
MOCK-UAN-3227-6285,30,Jharkhand,Gujarat,Domestic Worker,397,Semi-skilled,PM-Kisan,2025-06-16
MOCK-UAN-8770-4862,41,West Bengal,Karnataka,Gig Worker,624,Semi-skilled,eShram,2026-06-20
MOCK-UAN-8743-1260,28,Uttar Pradesh,Maharashtra,Domestic Worker,992,Highly-skilled,None,2025-04-03
MOCK-UAN-9659-6051,42,Uttar Pradesh,Tamil Nadu,Gig Worker,994,Highly-skilled,eShram,2026-05-07
MOCK-UAN-6228-7437,61,Tamil Nadu,Maharashtra,Domestic Worker,238,Unskilled,PM-Kisan,2026-04-04
MOCK-UAN-8437-7639,28,Jharkhand,Gujarat,Gig Worker,654,Semi-skilled,Ayushman Bharat,2024-09-18
MOCK-UAN-3589-1926,24,Gujarat,Maharashtra,Agriculture,379,Unskilled,PM-SYM,2025-06-10
MOCK-UAN-3182-2505,41,Gujarat,Gujarat,Agriculture,633,Skilled,eShram,2025-11-14
MOCK-UAN-3807-9653,53,Gujarat,Maharashtra,Gig Worker,659,Skilled,None,2024-10-17
MOCK-UAN-5363-6960,41,Bihar,Bihar,Agriculture,447,Semi-skilled,Ayushman Bharat,2025-07-09
MOCK-UAN-2377-2269,24,Karnataka,Uttar Pradesh,Agriculture,591,Skilled,None,2026-07-03
MOCK-UAN-2327-9707,63,Uttar Pradesh,Tamil Nadu,Manufacturing,466,Semi-skilled,PM-Kisan,2025-01-05
MOCK-UAN-2222-3644,57,Bihar,Karnataka,Agriculture,972,Highly-skilled,PM-Kisan,2025-03-11
MOCK-UAN-7347-5723,29,Odisha,West Bengal,Manufacturing,493,Semi-skilled,Ayushman Bharat,2025-12-10
MOCK-UAN-6295-4512,59,Odisha,Odisha,Manufacturing,546,Skilled,PM-Kisan,2025-01-14
MOCK-UAN-1034-2001,47,Tamil Nadu,Tamil Nadu,Agriculture,668,Skilled,PM-SYM,2026-03-10
MOCK-UAN-5554-8866,54,Jharkhand,Jharkhand,Gig Worker,415,Unskilled,Ayushman Bharat,2026-01-04
MOCK-UAN-3810-5261,38,Maharashtra,Maharashtra,Construction,384,Unskilled,eShram,2025-05-30
MOCK-UAN-5912-4909,65,Karnataka,Gujarat,Gig Worker,773,Skilled,eShram,2024-11-02
MOCK-UAN-2163-5401,58,Gujarat,Karnataka,Domestic Worker,844,Highly-skilled,PM-SYM,2024-10-12
MOCK-UAN-7770-4970,65,Karnataka,Karnataka,Domestic Worker,298,Unskilled,eShram,2024-11-19
MOCK-UAN-9045-1605,42,Tamil Nadu,Bihar,Agriculture,873,Highly-skilled,PM-SYM,2025-09-08
MOCK-UAN-2677-2760,28,Tamil Nadu,Maharashtra,Construction,871,Highly-skilled,PM-SYM,2024-09-16
MOCK-UAN-1863-4067,48,Jharkhand,Odisha,Manufacturing,467,Semi-skilled,eShram,2025-01-08
MOCK-UAN-1984-7407,23,Uttar Pradesh,Uttar Pradesh,Domestic Worker,725,Skilled,eShram,2025-06-13
MOCK-UAN-7237-8416,50,Uttar Pradesh,Andhra Pradesh,Construction,557,Skilled,PM-SYM,2025-06-26
MOCK-UAN-3235-5217,43,Andhra Pradesh,Andhra Pradesh,Gig Worker,998,Highly-skilled,eShram,2025-05-25
MOCK-UAN-9736-7932,22,Tamil Nadu,Jharkhand,Domestic Worker,632,Skilled,PM-Kisan,2026-09-10
MOCK-UAN-5477-8486,38,Karnataka,Karnataka,Gig Worker,1006,Highly-skilled,PM-Kisan,2026-04-11
MOCK-UAN-6150-9174,48,Odisha,West Bengal,Gig Worker,994,Highly-skilled,None,2025-06-21
MOCK-UAN-2633-1661,41,Odisha,Uttar Pradesh,Domestic Worker,235,Unskilled,Ayushman Bharat,2024-09-19
MOCK-UAN-4766-1912,33,Tamil Nadu,Tamil Nadu,Manufacturing,311,Unskilled,eShram,2026-03-12
MOCK-UAN-7714-7276,45,Andhra Pradesh,Andhra Pradesh,Manufacturing,412,Semi-skilled,Ayushman Bharat,2025-07-26
MOCK-UAN-7435-1280,49,Tamil Nadu,Tamil Nadu,Gig Worker,290,Unskilled,PM-SYM,2024-12-14
MOCK-UAN-3122-7380,28,Jharkhand,Tamil Nadu,Construction,409,Unskilled,eShram,2025-06-26
MOCK-UAN-5806-1997,50,Tamil Nadu,Tamil Nadu,Domestic Worker,497,Semi-skilled,Ayushman Bharat,2025-11-04
MOCK-UAN-6511-3580,35,Maharashtra,West Bengal,Domestic Worker,602,Skilled,PM-SYM,2025-12-16
MOCK-UAN-7837-6939,38,Karnataka,Karnataka,Manufacturing,611,Skilled,PM-Kisan,2025-09-11
MOCK-UAN-3534-6410,22,Jharkhand,Gujarat,Domestic Worker,653,Skilled,None,2025-12-27
MOCK-UAN-1841-2348,60,Karnataka,Karnataka,Gig Worker,561,Semi-skilled,None,2026-05-11
MOCK-UAN-3869-5485,54,Gujarat,Jharkhand,Gig Worker,1045,Highly-skilled,None,2025-06-02
MOCK-UAN-1864-3329,21,Maharashtra,Maharashtra,Agriculture,585,Skilled,PM-SYM,2025-04-11
MOCK-UAN-2345-3111,36,Jharkhand,Gujarat,Manufacturing,665,Skilled,eShram,2026-08-27
MOCK-UAN-2133-4304,61,Odisha,Odisha,Manufacturing,466,Semi-skilled,Ayushman Bharat,2025-02-26
MOCK-UAN-7835-2152,37,Jharkhand,Jharkhand,Gig Worker,409,Unskilled,Ayushman Bharat,2024-11-14
MOCK-UAN-3305-1367,43,Maharashtra,Karnataka,Construction,286,Unskilled,PM-Kisan,2026-05-21
MOCK-UAN-9126-4094,46,Jharkhand,Karnataka,Agriculture,464,Semi-skilled,eShram,2026-08-24
MOCK-UAN-5699-2677,63,Odisha,Bihar,Manufacturing,258,Unskilled,eShram,2025-04-10
MOCK-UAN-4791-2001,50,Tamil Nadu,Bihar,Domestic Worker,568,Skilled,eShram,2025-11-18
MOCK-UAN-8043-1888,60,Jharkhand,Jharkhand,Domestic Worker,409,Semi-skilled,PM-SYM,2025-04-30
MOCK-UAN-9852-1791,64,Jharkhand,Jharkhand,Construction,296,Unskilled,PM-Kisan,2025-05-19
MOCK-UAN-8954-7769,49,Karnataka,Karnataka,Manufacturing,556,Semi-skilled,None,2025-08-31
MOCK-UAN-8473-7184,37,Tamil Nadu,Gujarat,Domestic Worker,366,Unskilled,eShram,2025-05-29
MOCK-UAN-9261-2815,-5,Tamil Nadu,Tamil Nadu,Agriculture,546,Semi-skilled,Ayushman Bharat,2026-04-13
MOCK-UAN-4347-6163,41,Maharashtra,Andhra Pradesh,Domestic Worker,388,Semi-skilled,eShram,2026-08-23
MOCK-UAN-2347-4371,41,Bihar,Odisha,Agriculture,603,Skilled,PM-SYM,2025-05-01
MOCK-UAN-8080-3271,45,Andhra Pradesh,Tamil Nadu,Construction,585,Skilled,PM-SYM,2025-07-16
MOCK-UAN-9307-8823,45,Jharkhand,Karnataka,Agriculture,415,Semi-skilled,Ayushman Bharat,2025-04-02
MOCK-UAN-3855-5618,21,Gujarat,West Bengal,Gig Worker,654,Skilled,eShram,2026-06-26
MOCK-UAN-6918-9310,57,Maharashtra,Bihar,Gig Worker,761,Skilled,PM-Kisan,2025-03-19
MOCK-UAN-9695-2386,55,Odisha,Odisha,Agriculture,580,Skilled,PM-SYM,2025-10-13
MOCK-UAN-6469-2101,65,Odisha,Gujarat,Agriculture,653,Skilled,None,2025-05-30
MOCK-UAN-3365-4903,55,Andhra Pradesh,Jharkhand,Agriculture,480,Semi-skilled,Ayushman Bharat,2025-02-21
MOCK-UAN-9623-7155,49,West Bengal,Uttar Pradesh,Manufacturing,415,Unskilled,PM-SYM,2026-02-11
MOCK-UAN-8996-6679,20,Bihar,Bihar,Agriculture,826,Highly-skilled,None,2024-10-29
MOCK-UAN-4743-7938,49,Jharkhand,Jharkhand,Agriculture,362,Unskilled,eShram,2026-02-12
MOCK-UAN-1938-6072,60,Bihar,Andhra Pradesh,Manufacturing,507,Semi-skilled,Ayushman Bharat,2026-09-02
MOCK-UAN-1702-5066,24,Gujarat,Uttar Pradesh,Construction,901,Highly-skilled,PM-Kisan,2026-05-09
MOCK-UAN-6735-8887,38,Jharkhand,Tamil Nadu,Gig Worker,600,Semi-skilled,eShram,2026-04-13
MOCK-UAN-9026-9226,-1,Bihar,Bihar,Construction,966,Highly-skilled,None,2026-03-02
MOCK-UAN-2150-6693,40,Karnataka,Tamil Nadu,Agriculture,888,Highly-skilled,None,2024-12-06
MOCK-UAN-7792-5940,20,Odisha,Maharashtra,Manufacturing,558,Skilled,None,2025-05-04
MOCK-UAN-7771-2909,22,Maharashtra,Gujarat,Manufacturing,414,Semi-skilled,eShram,2025-01-27
MOCK-UAN-7085-2222,50,Jharkhand,Karnataka,Construction,602,Semi-skilled,PM-SYM,2025-02-10
MOCK-UAN-8039-8389,65,Uttar Pradesh,Karnataka,Domestic Worker,900,Highly-skilled,PM-Kisan,2025-07-23
MOCK-UAN-9314-7690,65,Maharashtra,Karnataka,Gig Worker,439,Unskilled,Ayushman Bharat,2025-02-27
MOCK-UAN-1834-5257,63,Maharashtra,Jharkhand,Gig Worker,660,Skilled,PM-Kisan,2024-12-04
MOCK-UAN-3181-4851,18,Bihar,Tamil Nadu,Manufacturing,261,Unskilled,PM-SYM,2026-01-27
MOCK-UAN-2768-2482,54,West Bengal,West Bengal,Gig Worker,1054,Highly-skilled,PM-SYM,2026-03-05
MOCK-UAN-6667-4706,17,Andhra Pradesh,Maharashtra,Gig Worker,2500,Highly-skilled,PM-SYM,2025-05-07
MOCK-UAN-6780-9033,47,Tamil Nadu,Uttar Pradesh,Gig Worker,679,Skilled,PM-SYM,2024-09-16
MOCK-UAN-1137-1578,31,Jharkhand,Andhra Pradesh,Gig Worker,551,Semi-skilled,Ayushman Bharat,2025-05-28
MOCK-UAN-7241-4391,65,Tamil Nadu,Maharashtra,Agriculture,905,Highly-skilled,PM-SYM,2025-01-11
MOCK-UAN-3478-1210,33,West Bengal,Gujarat,Domestic Worker,591,Skilled,PM-Kisan,2026-07-29
MOCK-UAN-3273-2099,53,Tamil Nadu,Bihar,Construction,369,Unskilled,eShram,2026-02-11
MOCK-UAN-8645-8936,56,Andhra Pradesh,Andhra Pradesh,Gig Worker,1034,Highly-skilled,None,2025-10-14
MOCK-UAN-7427-5976,48,Jharkhand,Uttar Pradesh,Gig Worker,1036,Highly-skilled,Ayushman Bharat,2026-05-03
MOCK-UAN-6509-1166,30,Maharashtra,Maharashtra,Manufacturing,250,Unskilled,eShram,2026-07-30
MOCK-UAN-5556-1505,32,Karnataka,Tamil Nadu,Gig Worker,385,Unskilled,eShram,2025-02-21
MOCK-UAN-6618-3066,62,Karnataka,Karnataka,Agriculture,959,Highly-skilled,None,2024-12-24
MOCK-UAN-6608-1777,64,Maharashtra,Karnataka,Domestic Worker,944,Highly-skilled,PM-Kisan,2024-11-17
MOCK-UAN-2098-3061,62,Gujarat,Uttar Pradesh,Domestic Worker,531,Skilled,PM-Kisan,2025-04-26
MOCK-UAN-9279-4898,50,West Bengal,West Bengal,Construction,367,Unskilled,Ayushman Bharat,2025-01-16
MOCK-UAN-8648-8237,49,Gujarat,Bihar,Gig Worker,901,Highly-skilled,PM-SYM,2025-11-07
MOCK-UAN-8216-7781,-3,Jharkhand,Maharashtra,Gig Worker,1002,Highly-skilled,PM-SYM,2026-04-19
MOCK-UAN-5405-1388,26,Odisha,Uttar Pradesh,Domestic Worker,694,Skilled,eShram,2026-08-03
MOCK-UAN-5194-6240,47,Karnataka,Karnataka,Manufacturing,852,Highly-skilled,PM-SYM,2025-05-16
MOCK-UAN-9782-8158,39,Tamil Nadu,Andhra Pradesh,Domestic Worker,258,Unskilled,Ayushman Bharat,2026-05-16
MOCK-UAN-7558-8267,50,Maharashtra,Uttar Pradesh,Domestic Worker,638,Skilled,PM-Kisan,2025-03-26
MOCK-UAN-1250-2917,55,Uttar Pradesh,West Bengal,Construction,872,Highly-skilled,None,2025-01-01
MOCK-UAN-6360-4764,44,Andhra Pradesh,Andhra Pradesh,Manufacturing,268,Unskilled,None,2026-04-28
MOCK-UAN-4661-4517,53,West Bengal,Bihar,Gig Worker,429,Unskilled,PM-Kisan,2026-06-09
MOCK-UAN-8810-8022,32,Karnataka,Andhra Pradesh,Gig Worker,968,Highly-skilled,eShram,2025-07-14
MOCK-UAN-9245-4666,42,Tamil Nadu,Andhra Pradesh,Manufacturing,288,Unskilled,PM-Kisan,2026-06-21
MOCK-UAN-6693-7645,60,Tamil Nadu,Uttar Pradesh,Gig Worker,1037,Highly-skilled,None,2025-05-27
MOCK-UAN-8382-4296,56,Maharashtra,Tamil Nadu,Domestic Worker,321,Unskilled,PM-Kisan,2025-08-30
MOCK-UAN-7974-9727,49,Maharashtra,Maharashtra,Construction,663,Skilled,PM-Kisan,2026-02-11
MOCK-UAN-3040-1952,28,Tamil Nadu,Bihar,Gig Worker,533,Semi-skilled,None,2025-05-25
MOCK-UAN-9329-1797,61,Andhra Pradesh,Odisha,Construction,668,Skilled,PM-SYM,2024-12-16
MOCK-UAN-7325-3001,-2,Odisha,Odisha,Construction,343,Unskilled,PM-SYM,2024-11-26
MOCK-UAN-1910-1572,46,Maharashtra,Gujarat,Agriculture,922,Highly-skilled,None,2026-09-11
MOCK-UAN-6063-9128,36,Maharashtra,Maharashtra,Domestic Worker,425,Semi-skilled,PM-Kisan,2026-06-28
MOCK-UAN-5526-2714,31,Bihar,Gujarat,Domestic Worker,890,Highly-skilled,None,2024-11-23
MOCK-UAN-3350-2789,30,Andhra Pradesh,Maharashtra,Domestic Worker,550,Skilled,eShram,2025-09-17
MOCK-UAN-2696-2418,55,Andhra Pradesh,Gujarat,Domestic Worker,598,Skilled,PM-SYM,2026-04-29
MOCK-UAN-5631-2033,29,Tamil Nadu,Andhra Pradesh,Gig Worker,509,Semi-skilled,eShram,2026-04-09
MOCK-UAN-8334-7860,47,Gujarat,Gujarat,Construction,894,Highly-skilled,eShram,2026-03-05
MOCK-UAN-6245-2163,30,Uttar Pradesh,Maharashtra,Domestic Worker,912,Highly-skilled,PM-Kisan,2025-04-26
MOCK-UAN-5698-5754,60,Maharashtra,Bihar,Domestic Worker,460,Semi-skilled,None,2026-06-20
MOCK-UAN-8335-1139,29,Gujarat,Gujarat,Gig Worker,589,Semi-skilled,PM-SYM,2025-06-03
MOCK-UAN-6336-2920,32,Maharashtra,Maharashtra,Construction,328,Unskilled,None,2026-02-18
MOCK-UAN-6588-8171,46,Gujarat,Gujarat,Manufacturing,320,Unskilled,PM-Kisan,2025-02-01
MOCK-UAN-3208-1546,32,Andhra Pradesh,Andhra Pradesh,Domestic Worker,927,Highly-skilled,Ayushman Bharat,2025-12-07
MOCK-UAN-6857-9249,57,Jharkhand,Andhra Pradesh,Gig Worker,1022,Highly-skilled,PM-SYM,2025-10-07
MOCK-UAN-9681-8899,25,Odisha,Odisha,Gig Worker,658,Skilled,PM-Kisan,2026-01-11
MOCK-UAN-3866-7193,38,Tamil Nadu,Tamil Nadu,Manufacturing,307,Unskilled,eShram,2025-11-03
MOCK-UAN-7786-8809,34,Tamil Nadu,Uttar Pradesh,Agriculture,468,Semi-skilled,None,2025-09-14
MOCK-UAN-6823-8264,64,Uttar Pradesh,Uttar Pradesh,Agriculture,450,Semi-skilled,Ayushman Bharat,2025-02-04
MOCK-UAN-1795-2843,51,Tamil Nadu,Tamil Nadu,Construction,245,Unskilled,Ayushman Bharat,2025-12-02
MOCK-UAN-5090-4804,52,Tamil Nadu,West Bengal,Manufacturing,608,Skilled,None,2026-02-03
MOCK-UAN-7033-1987,-1,Gujarat,Gujarat,Domestic Worker,410,Unskilled,PM-Kisan,2026-03-26
MOCK-UAN-4432-2109,55,Maharashtra,Gujarat,Construction,481,Semi-skilled,None,2025-08-08
MOCK-UAN-8017-1845,33,Uttar Pradesh,Uttar Pradesh,Agriculture,863,Highly-skilled,eShram,2026-08-20
MOCK-UAN-4384-9855,54,Jharkhand,Gujarat,Gig Worker,718,Skilled,Ayushman Bharat,2026-05-28
MOCK-UAN-6525-8708,51,Jharkhand,Odisha,Domestic Worker,315,Unskilled,eShram,2025-03-04
MOCK-UAN-3381-8601,23,Gujarat,Odisha,Manufacturing,509,Semi-skilled,PM-Kisan,2026-06-24
MOCK-UAN-8580-5111,48,Gujarat,Gujarat,Gig Worker,487,Semi-skilled,None,2024-10-10
MOCK-UAN-6644-5572,48,West Bengal,West Bengal,Gig Worker,1036,Highly-skilled,PM-Kisan,2024-12-22
MOCK-UAN-4100-3012,57,Jharkhand,Tamil Nadu,Construction,529,Semi-skilled,eShram,2025-02-04
MOCK-UAN-1015-7418,29,Tamil Nadu,Uttar Pradesh,Construction,642,Skilled,Ayushman Bharat,2025-08-30
MOCK-UAN-2055-9833,57,Jharkhand,Odisha,Gig Worker,416,Unskilled,Ayushman Bharat,2026-05-13
MOCK-UAN-4680-1458,30,Jharkhand,Karnataka,Manufacturing,501,Semi-skilled,Ayushman Bharat,2026-07-30
MOCK-UAN-1148-6052,46,Odisha,Odisha,Domestic Worker,943,Highly-skilled,Ayushman Bharat,2025-06-05
MOCK-UAN-2513-4189,27,Tamil Nadu,Karnataka,Gig Worker,942,Highly-skilled,PM-Kisan,2025-08-02
MOCK-UAN-4445-5883,46,Gujarat,Odisha,Domestic Worker,491,Semi-skilled,eShram,2024-10-05
MOCK-UAN-6922-9919,46,Jharkhand,Tamil Nadu,Manufacturing,896,Highly-skilled,eShram,2025-10-22
MOCK-UAN-7498-4315,33,Andhra Pradesh,Andhra Pradesh,Agriculture,903,Highly-skilled,PM-SYM,2024-12-29
MOCK-UAN-7457-3494,50,Andhra Pradesh,Uttar Pradesh,Manufacturing,603,Skilled,PM-Kisan,2024-11-04
MOCK-UAN-5652-9185,36,Odisha,Bihar,Manufacturing,442,Semi-skilled,Ayushman Bharat,2026-07-14
MOCK-UAN-1566-4747,24,Andhra Pradesh,Andhra Pradesh,Construction,1009,Highly-skilled,None,2025-05-13
MOCK-UAN-8070-3931,27,West Bengal,Tamil Nadu,Agriculture,295,Unskilled,Ayushman Bharat,2024-09-17
MOCK-UAN-6427-8433,57,Gujarat,Tamil Nadu,Construction,294,Unskilled,PM-SYM,2026-02-20
MOCK-UAN-7995-2307,20,Gujarat,Gujarat,Manufacturing,280,Unskilled,PM-SYM,2025-03-21
MOCK-UAN-1100-5852,44,Odisha,Bihar,Manufacturing,608,Skilled,PM-Kisan,2026-07-22
MOCK-UAN-9374-2735,64,Gujarat,Gujarat,Gig Worker,761,Skilled,Ayushman Bharat,2024-11-28
MOCK-UAN-7822-7371,58,Karnataka,Uttar Pradesh,Agriculture,930,Highly-skilled,eShram,2025-02-13
MOCK-UAN-8054-6720,21,Jharkhand,Jharkhand,Agriculture,407,Semi-skilled,eShram,2026-03-06
MOCK-UAN-6677-5359,65,Uttar Pradesh,Uttar Pradesh,Construction,1074,Highly-skilled,PM-SYM,2024-11-23
MOCK-UAN-1250-8603,28,Odisha,Andhra Pradesh,Gig Worker,563,Semi-skilled,PM-SYM,2025-09-04
MOCK-UAN-1498-7973,45,Karnataka,Odisha,Agriculture,513,Semi-skilled,eShram,2026-05-25
MOCK-UAN-2320-5173,47,Odisha,Odisha,Agriculture,592,Skilled,PM-SYM,2025-03-08
MOCK-UAN-3717-5795,55,Jharkhand,Maharashtra,Domestic Worker,326,Unskilled,Ayushman Bharat,2025-04-04
MOCK-UAN-8216-7430,53,Andhra Pradesh,Maharashtra,Manufacturing,941,Highly-skilled,eShram,2025-08-23
MOCK-UAN-6367-1934,48,Maharashtra,Maharashtra,Gig Worker,760,Skilled,PM-Kisan,2024-11-18
MOCK-UAN-5838-4909,21,Maharashtra,Maharashtra,Gig Worker,752,Skilled,PM-SYM,2025-03-06
MOCK-UAN-7511-3489,33,West Bengal,Uttar Pradesh,Agriculture,343,Unskilled,eShram,2026-01-21
MOCK-UAN-6812-5208,31,Odisha,Uttar Pradesh,Gig Worker,684,Skilled,PM-Kisan,2026-06-14
MOCK-UAN-5172-2573,36,West Bengal,Maharashtra,Gig Worker,371,Unskilled,PM-Kisan,2025-08-07
MOCK-UAN-6450-1937,35,West Bengal,West Bengal,Construction,666,Skilled,PM-Kisan,2024-10-13
MOCK-UAN-2931-3052,31,Karnataka,Bihar,Construction,396,Unskilled,None,2025-06-01
MOCK-UAN-8709-4792,54,Bihar,Bihar,Manufacturing,288,Unskilled,None,2025-05-30
MOCK-UAN-1161-1484,30,Uttar Pradesh,Odisha,Domestic Worker,653,Skilled,PM-Kisan,2025-10-25
MOCK-UAN-8975-4409,48,Uttar Pradesh,Uttar Pradesh,Domestic Worker,972,Highly-skilled,None,2025-10-06
MOCK-UAN-8249-3213,32,Gujarat,Andhra Pradesh,Agriculture,854,Highly-skilled,Ayushman Bharat,2026-06-01
MOCK-UAN-4161-8149,51,Odisha,Jharkhand,Agriculture,408,Semi-skilled,PM-Kisan,2026-08-10
MOCK-UAN-5620-1077,37,Maharashtra,Gujarat,Construction,942,Highly-skilled,PM-SYM,2025-02-02
MOCK-UAN-6383-8915,46,Tamil Nadu,Karnataka,Manufacturing,615,Skilled,PM-Kisan,2024-11-06
MOCK-UAN-2616-8001,30,Gujarat,Bihar,Manufacturing,573,Skilled,eShram,2025-06-09
MOCK-UAN-2098-5071,-3,Maharashtra,Tamil Nadu,Gig Worker,617,Semi-skilled,PM-Kisan,2025-04-20
MOCK-UAN-7007-3222,65,Gujarat,Odisha,Agriculture,471,Semi-skilled,eShram,2026-05-22
MOCK-UAN-8667-4878,36,Andhra Pradesh,Tamil Nadu,Domestic Worker,901,Highly-skilled,Ayushman Bharat,2025-12-25
MOCK-UAN-5461-9019,30,Karnataka,Karnataka,Construction,578,Skilled,PM-Kisan,2025-05-18
MOCK-UAN-2111-6079,41,Gujarat,Gujarat,Agriculture,834,Highly-skilled,None,2025-05-11
MOCK-UAN-2541-1513,60,Maharashtra,Maharashtra,Agriculture,314,Unskilled,Ayushman Bharat,2026-01-09
MOCK-UAN-7577-9870,64,Odisha,Andhra Pradesh,Domestic Worker,193,Unskilled,Ayushman Bharat,2025-01-05
MOCK-UAN-9141-6140,45,Odisha,Odisha,Gig Worker,450,Unskilled,None,2026-09-15
MOCK-UAN-2705-9238,60,West Bengal,Karnataka,Construction,942,Highly-skilled,PM-Kisan,2025-06-15
MOCK-UAN-3966-4794,44,Maharashtra,Bihar,Construction,512,Unskilled,Ayushman Bharat,2026-03-19
MOCK-UAN-8203-7874,46,Bihar,Bihar,Manufacturing,715,Skilled,None,2026-06-05
MOCK-UAN-2927-3723,49,West Bengal,West Bengal,Domestic Worker,590,Skilled,eShram,2025-06-06
MOCK-UAN-2048-7624,19,West Bengal,Tamil Nadu,Domestic Worker,594,Skilled,Ayushman Bharat,2025-03-31
MOCK-UAN-4717-2011,63,Uttar Pradesh,Karnataka,Gig Worker,449,Unskilled,PM-Kisan,2025-08-09
MOCK-UAN-7611-9094,19,Karnataka,Karnataka,Manufacturing,685,Skilled,Ayushman Bharat,2026-03-29
MOCK-UAN-2564-5439,65,Uttar Pradesh,Andhra Pradesh,Agriculture,218,Unskilled,None,2025-09-28
MOCK-UAN-3441-4906,25,Andhra Pradesh,Andhra Pradesh,Agriculture,210,Unskilled,None,2026-05-29
MOCK-UAN-7735-9586,65,Jharkhand,Odisha,Domestic Worker,568,Skilled,Ayushman Bharat,2025-02-19
MOCK-UAN-4377-5380,34,Odisha,Odisha,Domestic Worker,479,Semi-skilled,Ayushman Bharat,2025-01-10
MOCK-UAN-8871-4193,44,Gujarat,Gujarat,Agriculture,624,Skilled,None,2025-09-25
MOCK-UAN-8560-4987,60,Karnataka,Karnataka,Construction,703,Skilled,eShram,2026-05-09
MOCK-UAN-3340-6809,59,Odisha,Gujarat,Manufacturing,840,Highly-skilled,PM-SYM,2026-04-09
MOCK-UAN-7574-1033,58,Bihar,Uttar Pradesh,Construction,534,Skilled,PM-SYM,2025-02-23
MOCK-UAN-1964-1765,36,Bihar,Jharkhand,Manufacturing,942,Highly-skilled,None,2026-01-04
MOCK-UAN-8869-1009,18,Bihar,Bihar,Manufacturing,2500,Highly-skilled,PM-SYM,2025-12-08
MOCK-UAN-6337-1151,44,Uttar Pradesh,West Bengal,Gig Worker,299,Unskilled,Ayushman Bharat,2025-04-18
MOCK-UAN-2649-8980,64,Gujarat,Jharkhand,Gig Worker,1007,Highly-skilled,PM-SYM,2025-02-09
MOCK-UAN-6111-5039,22,Gujarat,Gujarat,Gig Worker,439,Unskilled,Ayushman Bharat,2026-02-19
MOCK-UAN-7897-5468,48,Jharkhand,Andhra Pradesh,Agriculture,893,Highly-skilled,None,2026-06-07
MOCK-UAN-8140-1351,43,Bihar,Gujarat,Construction,477,Semi-skilled,None,2024-11-20
MOCK-UAN-1483-8721,32,Bihar,Bihar,Gig Worker,392,Unskilled,None,2025-10-13
MOCK-UAN-7651-6291,36,Andhra Pradesh,Maharashtra,Agriculture,431,Semi-skilled,PM-SYM,2026-08-24
MOCK-UAN-5547-4625,39,Maharashtra,Maharashtra,Domestic Worker,832,Highly-skilled,PM-SYM,2026-01-05
MOCK-UAN-1197-6991,53,Bihar,Odisha,Construction,614,Skilled,None,2026-05-25
MOCK-UAN-8267-7305,36,Tamil Nadu,Gujarat,Gig Worker,1026,Highly-skilled,PM-SYM,2025-04-24
MOCK-UAN-6698-6986,49,Andhra Pradesh,Maharashtra,Domestic Worker,14147,Skilled,PM-SYM,2026-04-13
MOCK-UAN-9072-5373,36,Bihar,Uttar Pradesh,Agriculture,908,Highly-skilled,eShram,2025-08-06
MOCK-UAN-3465-7539,33,Tamil Nadu,Andhra Pradesh,Manufacturing,400,Semi-skilled,Ayushman Bharat,2026-07-28
MOCK-UAN-6999-2431,48,Odisha,Odisha,Manufacturing,590,Skilled,PM-SYM,2026-05-07
MOCK-UAN-9535-5103,55,Tamil Nadu,Jharkhand,Manufacturing,341,Semi-skilled,Ayushman Bharat,2025-05-30
MOCK-UAN-6476-9682,59,Andhra Pradesh,Andhra Pradesh,Domestic Worker,908,Highly-skilled,None,2026-05-14
MOCK-UAN-2461-7499,35,Gujarat,Jharkhand,Manufacturing,671,Skilled,eShram,2025-02-16
MOCK-UAN-3089-5287,46,Andhra Pradesh,Andhra Pradesh,Domestic Worker,226,Unskilled,PM-SYM,2025-01-02
MOCK-UAN-2771-3749,55,Karnataka,Odisha,Domestic Worker,570,Skilled,PM-SYM,2026-04-06
MOCK-UAN-5113-5034,46,Uttar Pradesh,Bihar,Gig Worker,1016,Highly-skilled,PM-Kisan,2025-01-05
MOCK-UAN-5091-1135,64,Andhra Pradesh,Bihar,Agriculture,362,Unskilled,Ayushman Bharat,2026-07-17
MOCK-UAN-9320-1684,52,Bihar,Uttar Pradesh,Gig Worker,677,Skilled,PM-SYM,2025-08-29
MOCK-UAN-2840-1790,39,Gujarat,Gujarat,Gig Worker,665,Skilled,PM-Kisan,2026-07-20
MOCK-UAN-1623-4020,24,Maharashtra,Maharashtra,Construction,851,Highly-skilled,None,2026-04-20
MOCK-UAN-1361-3246,58,Bihar,Tamil Nadu,Manufacturing,905,Highly-skilled,None,2026-04-23
MOCK-UAN-6680-9580,30,Gujarat,Gujarat,Construction,1052,Highly-skilled,Ayushman Bharat,2026-06-13
MOCK-UAN-5316-6259,56,Bihar,Bihar,Manufacturing,313,Unskilled,PM-Kisan,2026-04-24
MOCK-UAN-5255-8089,41,Gujarat,Gujarat,Agriculture,898,Highly-skilled,PM-SYM,2025-11-18
MOCK-UAN-9044-9393,58,Bihar,Tamil Nadu,Domestic Worker,616,Skilled,PM-SYM,2025-07-22
MOCK-UAN-9213-7489,36,Bihar,Gujarat,Construction,949,Highly-skilled,eShram,2026-09-08
MOCK-UAN-6291-4113,26,Jharkhand,Jharkhand,Construction,909,Highly-skilled,eShram,2025-06-19
MOCK-UAN-9015-7316,34,Bihar,Bihar,Manufacturing,341,Unskilled,eShram,2026-08-01
MOCK-UAN-6964-6948,49,Uttar Pradesh,Karnataka,Construction,361,Unskilled,Ayushman Bharat,2026-02-13
MOCK-UAN-5020-6116,20,West Bengal,Uttar Pradesh,Agriculture,450,Semi-skilled,None,2026-02-24
MOCK-UAN-9941-9354,25,Odisha,Gujarat,Domestic Worker,851,Highly-skilled,Ayushman Bharat,2025-10-10
MOCK-UAN-3912-7069,60,Odisha,Jharkhand,Manufacturing,965,Highly-skilled,eShram,2025-02-04
MOCK-UAN-9828-4865,23,Jharkhand,Uttar Pradesh,Agriculture,333,Unskilled,PM-Kisan,2025-04-13
MOCK-UAN-6642-6557,58,Karnataka,Karnataka,Construction,472,Semi-skilled,eShram,2025-05-03
MOCK-UAN-1438-7889,26,Odisha,Andhra Pradesh,Gig Worker,1050,Highly-skilled,PM-Kisan,2025-07-05
MOCK-UAN-4657-6976,60,Maharashtra,Tamil Nadu,Gig Worker,375,Unskilled,PM-SYM,2026-06-23
MOCK-UAN-3026-9660,45,Gujarat,Gujarat,Domestic Worker,260,Unskilled,None,2025-11-21
MOCK-UAN-5210-8711,48,Jharkhand,Jharkhand,Construction,312,Unskilled,PM-SYM,2026-06-09
MOCK-UAN-5045-8672,53,Jharkhand,Bihar,Domestic Worker,811,Highly-skilled,None,2026-09-13
MOCK-UAN-6665-4632,30,Uttar Pradesh,Gujarat,Gig Worker,573,Semi-skilled,PM-Kisan,2026-05-25
MOCK-UAN-9069-8813,-2,Jharkhand,Tamil Nadu,Agriculture,808,Highly-skilled,Ayushman Bharat,2026-06-26
MOCK-UAN-9538-9610,40,Jharkhand,Tamil Nadu,Domestic Worker,538,Skilled,None,2024-10-20
MOCK-UAN-7200-4106,51,Maharashtra,Karnataka,Domestic Worker,796,Highly-skilled,PM-Kisan,2026-02-14
MOCK-UAN-3889-1259,65,Uttar Pradesh,Odisha,Gig Worker,695,Skilled,PM-Kisan,2026-05-16
MOCK-UAN-8779-1917,42,Odisha,Odisha,Gig Worker,542,Semi-skilled,PM-Kisan,2025-08-29
MOCK-UAN-1894-3461,38,Uttar Pradesh,Karnataka,Manufacturing,583,Skilled,None,2025-12-14
MOCK-UAN-9607-2118,51,Odisha,Gujarat,Gig Worker,947,Highly-skilled,PM-SYM,2025-05-03
MOCK-UAN-6334-5760,58,Tamil Nadu,Tamil Nadu,Domestic Worker,391,Semi-skilled,PM-SYM,2025-01-10
MOCK-UAN-6493-8179,29,Maharashtra,Maharashtra,Agriculture,323,Unskilled,PM-SYM,2026-06-10
MOCK-UAN-4502-9099,49,Odisha,Gujarat,Gig Worker,972,Highly-skilled,Ayushman Bharat,2025-07-11
MOCK-UAN-9084-8614,54,Bihar,Bihar,Domestic Worker,465,Semi-skilled,eShram,2026-04-26
MOCK-UAN-1494-2596,65,Uttar Pradesh,Karnataka,Manufacturing,255,Unskilled,None,2025-03-20
MOCK-UAN-6272-9002,38,Odisha,Uttar Pradesh,Domestic Worker,309,Unskilled,PM-Kisan,2026-09-01
MOCK-UAN-2608-1229,60,West Bengal,Uttar Pradesh,Agriculture,965,Highly-skilled,eShram,2026-05-28
MOCK-UAN-5800-7456,-3,Tamil Nadu,Tamil Nadu,Gig Worker,729,Skilled,PM-Kisan,2025-04-06
MOCK-UAN-6657-2883,47,Bihar,Maharashtra,Agriculture,279,Unskilled,eShram,2026-07-15
MOCK-UAN-5194-4369,33,Tamil Nadu,Karnataka,Manufacturing,612,Skilled,None,2026-08-12
MOCK-UAN-8279-4484,34,Jharkhand,Gujarat,Domestic Worker,887,Highly-skilled,Ayushman Bharat,2024-11-03
MOCK-UAN-2140-1148,37,Odisha,Bihar,Agriculture,300,Unskilled,None,2026-06-01
MOCK-UAN-7765-2398,60,Odisha,Karnataka,Agriculture,883,Highly-skilled,None,2026-09-09
MOCK-UAN-9151-5472,48,Jharkhand,Jharkhand,Construction,941,Highly-skilled,PM-SYM,2025-03-08
MOCK-UAN-4772-7033,42,Gujarat,Maharashtra,Construction,510,Semi-skilled,eShram,2025-09-06
MOCK-UAN-7338-7090,63,Jharkhand,Jharkhand,Agriculture,850,Highly-skilled,None,2026-01-29
MOCK-UAN-1172-8775,53,Bihar,Bihar,Manufacturing,399,Semi-skilled,PM-Kisan,2026-08-21
MOCK-UAN-5874-8557,42,Uttar Pradesh,Uttar Pradesh,Manufacturing,230,Unskilled,eShram,2026-08-12
MOCK-UAN-5264-4352,60,Gujarat,Gujarat,Gig Worker,319,Unskilled,PM-Kisan,2025-05-13
MOCK-UAN-5884-5188,32,Odisha,Odisha,Construction,589,Skilled,PM-SYM,2026-06-21
MOCK-UAN-6519-7442,43,Maharashtra,Maharashtra,Construction,957,Highly-skilled,eShram,2026-04-12
MOCK-UAN-2265-7370,34,Andhra Pradesh,West Bengal,Construction,605,Skilled,PM-Kisan,2025-04-28
MOCK-UAN-8805-5036,56,Gujarat,Jharkhand,Manufacturing,475,Semi-skilled,PM-Kisan,2025-08-05
MOCK-UAN-9914-7431,46,Karnataka,Andhra Pradesh,Agriculture,601,Skilled,Ayushman Bharat,2026-02-26
MOCK-UAN-1605-8769,23,Jharkhand,Jharkhand,Domestic Worker,801,Highly-skilled,PM-Kisan,2026-05-23
MOCK-UAN-6335-5791,63,West Bengal,Karnataka,Construction,382,Unskilled,eShram,2026-04-25
MOCK-UAN-2718-4475,26,Gujarat,Maharashtra,Manufacturing,640,Skilled,None,2026-05-25
MOCK-UAN-9929-9777,36,Bihar,West Bengal,Construction,450,Semi-skilled,PM-Kisan,2024-11-23
MOCK-UAN-3830-7134,22,Odisha,Gujarat,Construction,971,Highly-skilled,None,2026-07-29
MOCK-UAN-6973-6504,53,Odisha,Maharashtra,Agriculture,557,Skilled,eShram,2026-08-23
MOCK-UAN-9032-1423,45,Maharashtra,Jharkhand,Gig Worker,554,Semi-skilled,PM-Kisan,2025-05-01
MOCK-UAN-6846-3354,52,Karnataka,West Bengal,Construction,586,Skilled,eShram,2025-09-09
MOCK-UAN-7716-5920,49,Jharkhand,Tamil Nadu,Manufacturing,510,Skilled,None,2025-06-25
MOCK-UAN-6258-1554,47,Jharkhand,Jharkhand,Gig Worker,380,Unskilled,PM-SYM,2025-01-18
MOCK-UAN-6790-1807,51,West Bengal,Odisha,Manufacturing,593,Skilled,None,2025-07-29
MOCK-UAN-6744-1418,65,Tamil Nadu,Andhra Pradesh,Agriculture,280,Unskilled,PM-SYM,2024-09-16
MOCK-UAN-7888-8970,56,Karnataka,Karnataka,Agriculture,540,Skilled,None,2026-05-18
MOCK-UAN-9979-7992,42,Maharashtra,Maharashtra,Agriculture,880,Highly-skilled,Ayushman Bharat,2025-05-21
MOCK-UAN-4833-5920,46,Karnataka,Gujarat,Gig Worker,563,Semi-skilled,None,2026-04-29
MOCK-UAN-3423-3559,62,Gujarat,Gujarat,Gig Worker,397,Unskilled,PM-Kisan,2024-11-30
MOCK-UAN-3970-4581,49,Uttar Pradesh,West Bengal,Gig Worker,709,Skilled,Ayushman Bharat,2024-11-05
MOCK-UAN-3696-2889,56,Uttar Pradesh,Andhra Pradesh,Agriculture,866,Highly-skilled,eShram,2025-06-19
MOCK-UAN-7997-3684,56,Bihar,West Bengal,Manufacturing,508,Semi-skilled,None,2025-06-04
MOCK-UAN-2525-8193,37,Karnataka,Karnataka,Gig Worker,941,Highly-skilled,None,2025-09-23
MOCK-UAN-8228-9662,51,Tamil Nadu,Uttar Pradesh,Domestic Worker,624,Skilled,Ayushman Bharat,2026-06-20
MOCK-UAN-9769-5147,34,Uttar Pradesh,Uttar Pradesh,Domestic Worker,959,Highly-skilled,PM-SYM,2025-12-04
MOCK-UAN-6245-3966,39,Karnataka,West Bengal,Manufacturing,624,Skilled,eShram,2025-12-08
MOCK-UAN-2300-3320,32,West Bengal,Karnataka,Manufacturing,589,Skilled,None,2024-11-28
MOCK-UAN-2333-9983,54,West Bengal,Tamil Nadu,Manufacturing,423,Semi-skilled,eShram,2025-03-25
MOCK-UAN-1663-1466,21,Tamil Nadu,Gujarat,Agriculture,651,Skilled,PM-SYM,2025-12-07
MOCK-UAN-6277-6969,36,Andhra Pradesh,Jharkhand,Domestic Worker,378,Semi-skilled,Ayushman Bharat,2025-07-22
MOCK-UAN-5758-7696,26,Karnataka,Jharkhand,Gig Worker,501,Semi-skilled,eShram,2024-11-10
MOCK-UAN-7658-6508,33,Maharashtra,Uttar Pradesh,Agriculture,880,Highly-skilled,Ayushman Bharat,2026-05-07
MOCK-UAN-1329-7487,28,West Bengal,Bihar,Domestic Worker,961,Highly-skilled,PM-SYM,2026-03-06
MOCK-UAN-9008-6328,58,Karnataka,Odisha,Gig Worker,1018,Highly-skilled,eShram,2026-01-04
MOCK-UAN-7961-5055,-2,Odisha,Odisha,Manufacturing,401,Semi-skilled,PM-Kisan,2026-07-03
MOCK-UAN-5051-8165,42,Gujarat,West Bengal,Domestic Worker,884,Highly-skilled,PM-Kisan,2025-08-14
MOCK-UAN-1182-1905,61,Uttar Pradesh,Gujarat,Construction,919,Highly-skilled,eShram,2026-05-23
MOCK-UAN-1445-2338,19,Karnataka,Karnataka,Gig Worker,514,Semi-skilled,None,2026-05-10
MOCK-UAN-7321-4892,19,Tamil Nadu,Tamil Nadu,Construction,698,Skilled,None,2025-05-11
MOCK-UAN-4330-8246,28,Uttar Pradesh,Uttar Pradesh,Agriculture,231,Unskilled,PM-Kisan,2026-04-04
MOCK-UAN-1561-9290,60,West Bengal,Karnataka,Agriculture,680,Skilled,eShram,2026-08-23
MOCK-UAN-1036-6973,30,Gujarat,West Bengal,Gig Worker,1041,Highly-skilled,PM-Kisan,2025-04-25
MOCK-UAN-7077-1544,47,Andhra Pradesh,Uttar Pradesh,Construction,1004,Highly-skilled,PM-Kisan,2025-11-14
MOCK-UAN-2062-3105,52,Bihar,Odisha,Gig Worker,976,Highly-skilled,PM-SYM,2025-03-21
MOCK-UAN-9531-6465,32,Karnataka,Odisha,Gig Worker,8220,Unskilled,Ayushman Bharat,2026-04-16
MOCK-UAN-2694-8855,33,Andhra Pradesh,Andhra Pradesh,Manufacturing,378,Semi-skilled,PM-Kisan,2024-10-21
MOCK-UAN-9670-7094,-3,Maharashtra,Odisha,Agriculture,423,Semi-skilled,None,2026-02-25
MOCK-UAN-7936-8258,28,Maharashtra,Karnataka,Agriculture,924,Highly-skilled,PM-SYM,2025-10-28
MOCK-UAN-7084-6732,54,Tamil Nadu,Maharashtra,Agriculture,8570,Skilled,PM-SYM,2024-09-18
MOCK-UAN-8240-8887,60,Jharkhand,Andhra Pradesh,Agriculture,244,Unskilled,eShram,2025-08-17
MOCK-UAN-9735-9227,53,Bihar,Odisha,Agriculture,581,Skilled,PM-Kisan,2025-05-17
MOCK-UAN-5783-6894,48,Jharkhand,Andhra Pradesh,Gig Worker,692,Skilled,PM-SYM,2024-10-01
MOCK-UAN-2403-7059,21,Karnataka,Karnataka,Agriculture,380,Semi-skilled,PM-SYM,2025-11-04
MOCK-UAN-9568-2947,45,Bihar,Gujarat,Manufacturing,929,Highly-skilled,PM-SYM,2025-05-09
MOCK-UAN-1272-5513,46,Tamil Nadu,Andhra Pradesh,Agriculture,563,Skilled,PM-Kisan,2026-04-21
MOCK-UAN-8824-1378,43,Odisha,Odisha,Construction,940,Highly-skilled,Ayushman Bharat,2026-05-29
MOCK-UAN-4964-6440,45,Tamil Nadu,Tamil Nadu,Domestic Worker,277,Unskilled,eShram,2026-07-18
MOCK-UAN-4564-7610,36,Karnataka,Jharkhand,Agriculture,560,Skilled,Ayushman Bharat,2026-02-19
MOCK-UAN-2593-8938,20,West Bengal,West Bengal,Gig Worker,699,Skilled,PM-SYM,2025-07-15
MOCK-UAN-4014-5270,35,Odisha,Odisha,Manufacturing,889,Highly-skilled,eShram,2026-08-03
MOCK-UAN-1665-1571,34,Tamil Nadu,Odisha,Construction,631,Skilled,PM-Kisan,2026-03-25
MOCK-UAN-7834-9123,58,Jharkhand,Jharkhand,Construction,613,Skilled,PM-SYM,2026-08-19
MOCK-UAN-2793-8168,21,Odisha,Karnataka,Gig Worker,415,Unskilled,None,2024-09-29
MOCK-UAN-9209-2895,43,Gujarat,Gujarat,Domestic Worker,382,Unskilled,eShram,2024-10-03
MOCK-UAN-9938-5817,42,Odisha,Jharkhand,Domestic Worker,306,Unskilled,Ayushman Bharat,2025-05-09
MOCK-UAN-7698-7308,27,Tamil Nadu,Bihar,Gig Worker,749,Skilled,eShram,2025-05-19
MOCK-UAN-9201-8412,43,Jharkhand,Jharkhand,Gig Worker,630,Skilled,None,2026-07-01
MOCK-UAN-6063-9000,35,Tamil Nadu,Andhra Pradesh,Domestic Worker,907,Highly-skilled,PM-SYM,2026-01-05
MOCK-UAN-4612-2467,39,Karnataka,Gujarat,Construction,595,Skilled,eShram,2025-10-11
MOCK-UAN-2351-5342,34,Karnataka,Gujarat,Agriculture,226,Unskilled,Ayushman Bharat,2025-06-10
MOCK-UAN-7061-4036,45,Uttar Pradesh,Gujarat,Domestic Worker,413,Semi-skilled,PM-Kisan,2025-11-13
MOCK-UAN-5682-7047,34,Bihar,Bihar,Domestic Worker,359,Unskilled,eShram,2026-01-02
MOCK-UAN-5166-9290,49,Gujarat,Maharashtra,Domestic Worker,497,Semi-skilled,None,2025-05-25
MOCK-UAN-6329-3699,37,Jharkhand,Jharkhand,Manufacturing,312,Unskilled,None,2025-06-30
MOCK-UAN-2983-6095,45,Uttar Pradesh,Uttar Pradesh,Agriculture,223,Unskilled,eShram,2025-12-04
MOCK-UAN-4118-6772,30,Uttar Pradesh,Gujarat,Agriculture,890,Highly-skilled,PM-SYM,2025-06-05
MOCK-UAN-2446-4404,52,Uttar Pradesh,Uttar Pradesh,Agriculture,615,Skilled,PM-SYM,2024-09-24
MOCK-UAN-6760-5475,26,Tamil Nadu,Tamil Nadu,Manufacturing,608,Skilled,PM-SYM,2025-09-26
MOCK-UAN-9866-9246,58,Andhra Pradesh,Tamil Nadu,Domestic Worker,357,Semi-skilled,PM-SYM,2026-04-13
MOCK-UAN-4082-4367,37,Andhra Pradesh,Andhra Pradesh,Gig Worker,505,Semi-skilled,None,2026-03-11
MOCK-UAN-5067-3481,44,Karnataka,Maharashtra,Gig Worker,546,Semi-skilled,None,2025-01-21
MOCK-UAN-8037-8192,36,Gujarat,Gujarat,Agriculture,326,Unskilled,PM-Kisan,2026-06-26
MOCK-UAN-7304-9805,46,Karnataka,Karnataka,Domestic Worker,340,Semi-skilled,PM-Kisan,2025-07-08
MOCK-UAN-4176-2194,30,Gujarat,West Bengal,Gig Worker,991,Highly-skilled,None,2026-02-13
MOCK-UAN-1074-6412,32,Gujarat,Gujarat,Manufacturing,457,Semi-skilled,eShram,2025-04-23
MOCK-UAN-4381-2758,48,Karnataka,Tamil Nadu,Gig Worker,742,Skilled,PM-SYM,2025-04-15
MOCK-UAN-9749-4630,30,Maharashtra,Gujarat,Construction,384,Unskilled,PM-SYM,2025-10-27
MOCK-UAN-9856-1185,28,Maharashtra,Odisha,Construction,379,Unskilled,PM-Kisan,2025-04-30
MOCK-UAN-6986-4177,22,Bihar,Uttar Pradesh,Domestic Worker,860,Highly-skilled,PM-Kisan,2024-12-20
MOCK-UAN-5031-5261,23,Tamil Nadu,Bihar,Construction,854,Highly-skilled,None,2024-09-27
MOCK-UAN-4004-4861,63,Gujarat,Uttar Pradesh,Manufacturing,280,Unskilled,eShram,2025-11-09
MOCK-UAN-3860-3351,37,Karnataka,Jharkhand,Gig Worker,750,Skilled,PM-SYM,2026-06-30
MOCK-UAN-3398-7983,59,Bihar,Bihar,Gig Worker,769,Skilled,PM-SYM,2026-06-10
MOCK-UAN-1543-2267,38,Karnataka,Karnataka,Domestic Worker,935,Highly-skilled,PM-SYM,2026-04-19
MOCK-UAN-8825-6796,29,Gujarat,Karnataka,Agriculture,321,Unskilled,PM-Kisan,2025-04-22
MOCK-UAN-2522-7411,53,Jharkhand,Andhra Pradesh,Manufacturing,468,Semi-skilled,None,2025-04-09
MOCK-UAN-4238-1293,30,Odisha,Jharkhand,Construction,322,Unskilled,Ayushman Bharat,2026-07-27
MOCK-UAN-7517-1648,48,Andhra Pradesh,Andhra Pradesh,Agriculture,893,Highly-skilled,Ayushman Bharat,2026-02-22
MOCK-UAN-8354-9575,63,West Bengal,West Bengal,Domestic Worker,533,Semi-skilled,PM-SYM,2026-06-04
MOCK-UAN-6409-3852,27,Odisha,Odisha,Gig Worker,502,Semi-skilled,eShram,2026-04-26
MOCK-UAN-3861-6373,34,Andhra Pradesh,Uttar Pradesh,Domestic Worker,680,Skilled,None,2025-09-26
MOCK-UAN-2397-9288,52,Gujarat,Gujarat,Agriculture,583,Skilled,None,2025-06-27
MOCK-UAN-3845-5417,45,Maharashtra,Odisha,Gig Worker,1066,Highly-skilled,Ayushman Bharat,2025-09-18
MOCK-UAN-6988-1279,35,Tamil Nadu,Odisha,Manufacturing,529,Skilled,PM-SYM,2024-09-28
MOCK-UAN-9188-8614,20,Odisha,Maharashtra,Construction,979,Highly-skilled,eShram,2024-12-21
MOCK-UAN-2274-4719,41,Odisha,Odisha,Construction,613,Skilled,eShram,2025-04-17
MOCK-UAN-7140-7891,55,Gujarat,Bihar,Construction,279,Unskilled,Ayushman Bharat,2026-04-11
MOCK-UAN-4040-1116,45,Jharkhand,Jharkhand,Manufacturing,310,Unskilled,PM-Kisan,2025-06-09
MOCK-UAN-3137-7329,43,Maharashtra,Karnataka,Construction,700,Skilled,PM-SYM,2026-03-31
MOCK-UAN-4117-2726,18,Bihar,West Bengal,Construction,607,Skilled,Ayushman Bharat,2026-01-04
MOCK-UAN-5096-1756,39,Bihar,Bihar,Domestic Worker,525,Skilled,PM-SYM,2026-04-27
MOCK-UAN-6451-7767,46,Maharashtra,Maharashtra,Gig Worker,995,Highly-skilled,eShram,2025-09-23
MOCK-UAN-2425-8730,45,Maharashtra,Tamil Nadu,Construction,495,Semi-skilled,PM-SYM,2025-02-15
MOCK-UAN-9638-7166,48,Bihar,Karnataka,Agriculture,927,Highly-skilled,PM-SYM,2025-03-06
MOCK-UAN-3746-4166,41,Karnataka,Uttar Pradesh,Construction,697,Skilled,PM-Kisan,2024-10-29
MOCK-UAN-2400-9165,39,Maharashtra,West Bengal,Domestic Worker,897,Highly-skilled,Ayushman Bharat,2025-03-01
MOCK-UAN-2999-6175,51,Karnataka,Karnataka,Domestic Worker,392,Unskilled,None,2026-04-05
MOCK-UAN-2616-8820,24,Tamil Nadu,Tamil Nadu,Construction,361,Unskilled,PM-SYM,2025-04-06
MOCK-UAN-5796-9204,37,Tamil Nadu,Tamil Nadu,Manufacturing,16561,Highly-skilled,eShram,2024-11-30
MOCK-UAN-4340-8269,22,Karnataka,Karnataka,Agriculture,219,Unskilled,PM-Kisan,2024-09-15
MOCK-UAN-7591-6262,37,Tamil Nadu,Tamil Nadu,Domestic Worker,586,Skilled,None,2026-04-21
MOCK-UAN-2487-9076,43,Bihar,Karnataka,Construction,483,Semi-skilled,PM-SYM,2026-05-07
MOCK-UAN-9720-4631,23,West Bengal,West Bengal,Construction,998,Highly-skilled,eShram,2024-10-15
MOCK-UAN-6208-8702,55,Gujarat,Karnataka,Agriculture,323,Unskilled,PM-SYM,2024-11-19
MOCK-UAN-6196-5763,26,Gujarat,Gujarat,Manufacturing,391,Semi-skilled,Ayushman Bharat,2025-04-09
MOCK-UAN-3826-5963,60,Bihar,Bihar,Agriculture,908,Highly-skilled,Ayushman Bharat,2025-07-10
MOCK-UAN-8151-3367,35,West Bengal,Maharashtra,Construction,983,Highly-skilled,Ayushman Bharat,2025-01-22
MOCK-UAN-2298-7925,50,Uttar Pradesh,Maharashtra,Domestic Worker,676,Skilled,PM-SYM,2026-06-19
MOCK-UAN-3438-4900,35,Gujarat,Jharkhand,Construction,994,Highly-skilled,Ayushman Bharat,2025-11-23
MOCK-UAN-4085-4827,24,Gujarat,Gujarat,Agriculture,638,Skilled,PM-SYM,2025-06-27
MOCK-UAN-5718-2694,24,Maharashtra,Bihar,Gig Worker,703,Skilled,None,2025-05-20
MOCK-UAN-1194-9132,52,Odisha,Odisha,Construction,969,Highly-skilled,PM-Kisan,2025-11-27
MOCK-UAN-6263-8419,65,Gujarat,Odisha,Domestic Worker,512,Semi-skilled,PM-SYM,2025-06-28
MOCK-UAN-5559-5644,49,Uttar Pradesh,Uttar Pradesh,Gig Worker,483,Semi-skilled,Ayushman Bharat,2026-09-03
MOCK-UAN-8680-5073,45,Odisha,Bihar,Manufacturing,582,Skilled,eShram,2025-09-21
MOCK-UAN-2253-8924,38,Andhra Pradesh,Bihar,Domestic Worker,411,Semi-skilled,None,2026-06-11
MOCK-UAN-7518-8334,35,Andhra Pradesh,Andhra Pradesh,Agriculture,468,Semi-skilled,PM-Kisan,2024-10-06
MOCK-UAN-6804-1532,56,Tamil Nadu,Jharkhand,Domestic Worker,361,Unskilled,PM-Kisan,2025-06-15
MOCK-UAN-3511-7399,43,West Bengal,Maharashtra,Domestic Worker,420,Semi-skilled,Ayushman Bharat,2024-12-02
MOCK-UAN-2554-2480,56,Tamil Nadu,Tamil Nadu,Construction,830,Highly-skilled,eShram,2026-01-27
MOCK-UAN-1424-9364,52,Andhra Pradesh,Uttar Pradesh,Construction,329,Unskilled,eShram,2026-07-30
MOCK-UAN-8542-6443,56,Jharkhand,Jharkhand,Gig Worker,595,Semi-skilled,eShram,2025-05-20
MOCK-UAN-4037-6395,42,Karnataka,Tamil Nadu,Construction,526,Semi-skilled,PM-Kisan,2025-09-02
MOCK-UAN-8027-3019,45,Jharkhand,Jharkhand,Construction,671,Skilled,PM-SYM,2025-03-28
MOCK-UAN-3858-9139,59,Karnataka,Maharashtra,Agriculture,886,Highly-skilled,eShram,2026-09-01
MOCK-UAN-5167-3947,24,Uttar Pradesh,Uttar Pradesh,Construction,586,Skilled,eShram,2024-10-20
MOCK-UAN-4906-8883,34,Bihar,Odisha,Manufacturing,325,Unskilled,PM-Kisan,2026-09-10
MOCK-UAN-3350-6609,21,Tamil Nadu,Tamil Nadu,Gig Worker,658,Skilled,eShram,2026-07-03
MOCK-UAN-1035-6966,40,West Bengal,Maharashtra,Manufacturing,709,Skilled,eShram,2026-01-28
MOCK-UAN-6705-8435,27,Maharashtra,Bihar,Manufacturing,328,Unskilled,eShram,2026-05-04
MOCK-UAN-2670-2206,33,Maharashtra,Andhra Pradesh,Manufacturing,570,Skilled,eShram,2025-10-01
MOCK-UAN-1726-3918,34,Gujarat,Gujarat,Agriculture,569,Skilled,PM-SYM,2025-03-08
MOCK-UAN-3066-3971,32,Jharkhand,Jharkhand,Domestic Worker,895,Highly-skilled,eShram,2026-03-05
MOCK-UAN-8774-1970,14,Odisha,Bihar,Gig Worker,2500,Highly-skilled,PM-SYM,2026-03-08
MOCK-UAN-8202-9506,31,Karnataka,Karnataka,Construction,555,Semi-skilled,PM-SYM,2025-11-23
MOCK-UAN-4044-3302,42,Andhra Pradesh,Uttar Pradesh,Manufacturing,309,Unskilled,Ayushman Bharat,2025-01-02
MOCK-UAN-2220-8358,52,Uttar Pradesh,Odisha,Domestic Worker,413,Semi-skilled,PM-Kisan,2025-06-15
MOCK-UAN-4789-9908,25,Bihar,Uttar Pradesh,Manufacturing,394,Unskilled,Ayushman Bharat,2026-04-26
MOCK-UAN-3769-6016,41,Tamil Nadu,West Bengal,Manufacturing,302,Unskilled,PM-SYM,2025-08-09
MOCK-UAN-6833-6274,59,West Bengal,Maharashtra,Agriculture,338,Unskilled,PM-SYM,2026-06-21
MOCK-UAN-4806-9478,38,Andhra Pradesh,Andhra Pradesh,Gig Worker,7209,Skilled,None,2026-01-20
MOCK-UAN-3719-6580,50,Karnataka,Karnataka,Gig Worker,1018,Highly-skilled,PM-SYM,2025-09-30
MOCK-UAN-5829-2643,38,Maharashtra,Andhra Pradesh,Manufacturing,315,Unskilled,None,2025-11-09
MOCK-UAN-9084-1997,59,Gujarat,Maharashtra,Construction,255,Unskilled,PM-Kisan,2024-11-24
MOCK-UAN-2528-2709,55,Tamil Nadu,Maharashtra,Construction,600,Semi-skilled,None,2025-04-13
MOCK-UAN-4118-5188,61,Andhra Pradesh,West Bengal,Domestic Worker,364,Unskilled,None,2024-09-23
MOCK-UAN-4521-8956,54,Maharashtra,Bihar,Domestic Worker,430,Semi-skilled,PM-SYM,2024-09-29
MOCK-UAN-7079-9476,26,Andhra Pradesh,Jharkhand,Manufacturing,394,Semi-skilled,Ayushman Bharat,2025-12-18
MOCK-UAN-5891-3080,37,Gujarat,West Bengal,Gig Worker,567,Semi-skilled,Ayushman Bharat,2025-05-27
MOCK-UAN-3202-1394,39,Maharashtra,West Bengal,Domestic Worker,304,Unskilled,eShram,2024-10-09
MOCK-UAN-3603-1560,57,Tamil Nadu,Andhra Pradesh,Gig Worker,717,Skilled,Ayushman Bharat,2024-09-26
MOCK-UAN-9800-2617,54,Odisha,Odisha,Manufacturing,609,Skilled,Ayushman Bharat,2025-08-10
MOCK-UAN-8318-9824,23,Karnataka,Jharkhand,Construction,675,Skilled,Ayushman Bharat,2024-11-10
MOCK-UAN-6923-2391,41,Tamil Nadu,Uttar Pradesh,Construction,572,Semi-skilled,PM-SYM,2025-01-12
MOCK-UAN-9166-6176,56,Odisha,Odisha,Construction,378,Unskilled,PM-SYM,2025-05-02
MOCK-UAN-2285-5967,20,Tamil Nadu,Tamil Nadu,Domestic Worker,247,Unskilled,None,2026-06-22
MOCK-UAN-2182-5175,35,Gujarat,Odisha,Agriculture,368,Unskilled,PM-SYM,2025-04-01
MOCK-UAN-5798-7755,-1,Tamil Nadu,West Bengal,Manufacturing,532,Semi-skilled,Ayushman Bharat,2026-03-17
MOCK-UAN-6750-3791,41,Gujarat,Odisha,Domestic Worker,607,Semi-skilled,Ayushman Bharat,2025-10-25
MOCK-UAN-6181-8266,45,Andhra Pradesh,Uttar Pradesh,Domestic Worker,243,Unskilled,None,2026-05-24
MOCK-UAN-2296-2461,50,Bihar,Jharkhand,Manufacturing,612,Skilled,eShram,2026-08-13
MOCK-UAN-1981-2925,41,Odisha,Andhra Pradesh,Agriculture,345,Semi-skilled,PM-SYM,2025-08-27
MOCK-UAN-8195-2157,49,Uttar Pradesh,Karnataka,Agriculture,927,Highly-skilled,None,2026-07-24
MOCK-UAN-4091-2663,58,Andhra Pradesh,Andhra Pradesh,Gig Worker,522,Semi-skilled,eShram,2025-01-17
MOCK-UAN-7586-8730,21,Jharkhand,Karnataka,Construction,1046,Highly-skilled,PM-Kisan,2025-06-02
MOCK-UAN-5555-7221,55,Gujarat,Odisha,Domestic Worker,411,Semi-skilled,Ayushman Bharat,2026-08-15
MOCK-UAN-9884-4734,29,West Bengal,West Bengal,Construction,265,Unskilled,eShram,2025-12-13
MOCK-UAN-5454-5571,49,Odisha,Odisha,Gig Worker,976,Highly-skilled,Ayushman Bharat,2025-05-17
MOCK-UAN-6009-1327,18,Odisha,Odisha,Manufacturing,501,Skilled,PM-Kisan,2025-06-03
MOCK-UAN-4844-3534,59,Uttar Pradesh,Odisha,Manufacturing,337,Unskilled,None,2025-05-22
MOCK-UAN-8820-7849,-1,Odisha,Maharashtra,Manufacturing,196,Unskilled,Ayushman Bharat,2025-05-27
MOCK-UAN-3425-6744,25,Odisha,West Bengal,Manufacturing,301,Unskilled,None,2025-01-22
MOCK-UAN-8313-6023,46,Gujarat,Gujarat,Manufacturing,796,Highly-skilled,None,2024-11-12
MOCK-UAN-2337-2974,56,Maharashtra,Maharashtra,Gig Worker,983,Highly-skilled,Ayushman Bharat,2025-01-22
MOCK-UAN-4450-2855,46,Gujarat,Gujarat,Manufacturing,382,Unskilled,PM-Kisan,2025-09-13
MOCK-UAN-8331-6219,54,Bihar,Gujarat,Manufacturing,468,Semi-skilled,PM-Kisan,2026-07-14
MOCK-UAN-7810-8945,20,Uttar Pradesh,Uttar Pradesh,Manufacturing,856,Highly-skilled,None,2025-01-06
MOCK-UAN-6823-8377,47,Andhra Pradesh,Gujarat,Construction,348,Unskilled,Ayushman Bharat,2025-09-27
MOCK-UAN-5195-5623,20,Odisha,Odisha,Domestic Worker,600,Skilled,None,2025-06-07
MOCK-UAN-9038-5232,35,West Bengal,Tamil Nadu,Agriculture,923,Highly-skilled,None,2026-08-05
MOCK-UAN-4965-6542,62,Uttar Pradesh,Uttar Pradesh,Construction,581,Skilled,PM-SYM,2026-04-16
MOCK-UAN-4535-1161,61,Karnataka,West Bengal,Gig Worker,579,Semi-skilled,None,2025-10-18
MOCK-UAN-9315-9158,21,West Bengal,Uttar Pradesh,Gig Worker,864,Highly-skilled,None,2024-10-08
MOCK-UAN-7941-9852,19,Jharkhand,Jharkhand,Manufacturing,568,Skilled,Ayushman Bharat,2025-04-23
MOCK-UAN-6904-1756,21,Karnataka,Karnataka,Manufacturing,275,Unskilled,None,2025-09-13
MOCK-UAN-9122-8651,61,West Bengal,Uttar Pradesh,Manufacturing,331,Unskilled,None,2025-07-06
MOCK-UAN-2058-2830,42,Maharashtra,Maharashtra,Manufacturing,601,Skilled,PM-SYM,2026-08-19
MOCK-UAN-3844-6621,56,Jharkhand,Bihar,Manufacturing,229,Unskilled,Ayushman Bharat,2025-11-26
MOCK-UAN-9686-2015,48,Odisha,Maharashtra,Construction,900,Highly-skilled,PM-SYM,2024-10-06
MOCK-UAN-4222-4534,65,Uttar Pradesh,Uttar Pradesh,Domestic Worker,309,Unskilled,eShram,2025-04-16
MOCK-UAN-8869-5909,32,Jharkhand,Jharkhand,Manufacturing,446,Semi-skilled,Ayushman Bharat,2026-06-15
MOCK-UAN-1061-2479,62,Gujarat,Gujarat,Agriculture,271,Unskilled,PM-SYM,2026-07-07
MOCK-UAN-5923-7889,34,Andhra Pradesh,Jharkhand,Domestic Worker,425,Semi-skilled,PM-Kisan,2026-01-01
MOCK-UAN-2547-5311,45,Tamil Nadu,Bihar,Construction,534,Semi-skilled,PM-SYM,2025-03-27
MOCK-UAN-1975-7020,56,Gujarat,Gujarat,Manufacturing,8,Skilled,eShram,2025-04-25
MOCK-UAN-5752-4094,53,Maharashtra,Maharashtra,Agriculture,595,Skilled,eShram,2026-03-11
MOCK-UAN-7306-4970,48,Karnataka,Odisha,Agriculture,408,Unskilled,eShram,2024-09-24
MOCK-UAN-3937-8349,48,Jharkhand,Jharkhand,Construction,878,Highly-skilled,PM-Kisan,2025-04-12
MOCK-UAN-7570-3594,40,Andhra Pradesh,Andhra Pradesh,Agriculture,507,Skilled,eShram,2025-02-23
MOCK-UAN-3386-5553,59,Uttar Pradesh,Uttar Pradesh,Domestic Worker,489,Semi-skilled,None,2025-02-09
MOCK-UAN-8559-8985,55,Maharashtra,Maharashtra,Domestic Worker,566,Skilled,PM-Kisan,2024-12-05
MOCK-UAN-9627-8146,46,Jharkhand,West Bengal,Agriculture,884,Highly-skilled,PM-Kisan,2025-10-12
MOCK-UAN-2367-1852,36,Andhra Pradesh,Maharashtra,Domestic Worker,860,Highly-skilled,PM-Kisan,2025-10-10
MOCK-UAN-5615-2643,65,Tamil Nadu,Bihar,Domestic Worker,287,Unskilled,eShram,2024-10-03
MOCK-UAN-5323-2269,63,Andhra Pradesh,Jharkhand,Domestic Worker,379,Unskilled,eShram,2026-05-17
MOCK-UAN-5584-5085,62,Maharashtra,Jharkhand,Manufacturing,640,Skilled,None,2026-03-10
MOCK-UAN-5769-7482,32,Tamil Nadu,Bihar,Domestic Worker,493,Semi-skilled,Ayushman Bharat,2025-04-17
MOCK-UAN-2301-1497,25,Tamil Nadu,Gujarat,Manufacturing,829,Highly-skilled,eShram,2024-12-17
MOCK-UAN-8817-1942,62,Andhra Pradesh,Andhra Pradesh,Construction,892,Highly-skilled,Ayushman Bharat,2025-05-14
MOCK-UAN-1454-9186,32,Andhra Pradesh,Jharkhand,Manufacturing,308,Semi-skilled,None,2025-04-21
MOCK-UAN-8881-1725,23,Andhra Pradesh,Tamil Nadu,Domestic Worker,409,Semi-skilled,None,2026-04-24
MOCK-UAN-5277-1254,18,Gujarat,Odisha,Manufacturing,647,Skilled,Ayushman Bharat,2026-08-25
MOCK-UAN-7600-1868,28,Tamil Nadu,Tamil Nadu,Agriculture,475,Semi-skilled,Ayushman Bharat,2026-03-24
MOCK-UAN-5534-8716,23,Bihar,Bihar,Construction,338,Unskilled,Ayushman Bharat,2025-06-08
MOCK-UAN-2147-2843,54,Tamil Nadu,Tamil Nadu,Manufacturing,298,Unskilled,eShram,2026-01-21
MOCK-UAN-4121-5489,49,Karnataka,Karnataka,Manufacturing,265,Unskilled,Ayushman Bharat,2025-06-04
MOCK-UAN-6444-7160,27,Tamil Nadu,Andhra Pradesh,Agriculture,460,Semi-skilled,eShram,2025-07-29
MOCK-UAN-5275-1932,42,Odisha,Odisha,Domestic Worker,938,Highly-skilled,PM-SYM,2026-01-31
MOCK-UAN-5224-2734,65,West Bengal,Karnataka,Construction,269,Unskilled,Ayushman Bharat,2026-04-13
MOCK-UAN-2591-7269,21,Tamil Nadu,Tamil Nadu,Construction,364,Unskilled,PM-Kisan,2026-02-08
MOCK-UAN-6411-6801,49,Andhra Pradesh,Karnataka,Manufacturing,946,Highly-skilled,Ayushman Bharat,2024-11-01
MOCK-UAN-5746-2497,37,Uttar Pradesh,Uttar Pradesh,Domestic Worker,579,Skilled,eShram,2025-11-03
MOCK-UAN-1307-9684,52,Andhra Pradesh,Andhra Pradesh,Construction,385,Unskilled,Ayushman Bharat,2025-01-19
MOCK-UAN-9385-7800,29,Gujarat,West Bengal,Construction,790,Skilled,eShram,2026-05-05
MOCK-UAN-1091-8295,42,West Bengal,Andhra Pradesh,Construction,944,Highly-skilled,PM-Kisan,2024-12-03
MOCK-UAN-4603-7978,41,Odisha,Maharashtra,Domestic Worker,919,Highly-skilled,None,2025-11-09
MOCK-UAN-1776-6126,34,Bihar,Bihar,Construction,613,Skilled,PM-SYM,2024-10-14
MOCK-UAN-8084-1227,18,Karnataka,Bihar,Domestic Worker,2500,Highly-skilled,PM-SYM,2025-12-18
MOCK-UAN-5102-3933,50,Uttar Pradesh,Uttar Pradesh,Agriculture,923,Highly-skilled,None,2024-12-29
MOCK-UAN-8010-8916,48,Andhra Pradesh,West Bengal,Gig Worker,409,Unskilled,PM-Kisan,2025-02-25
MOCK-UAN-3897-4810,17,Odisha,Odisha,Agriculture,2500,Highly-skilled,PM-SYM,2026-06-27
MOCK-UAN-3474-2814,41,Jharkhand,Maharashtra,Agriculture,910,Highly-skilled,PM-Kisan,2025-05-26
MOCK-UAN-1891-9583,61,Odisha,Andhra Pradesh,Agriculture,673,Skilled,Ayushman Bharat,2026-08-20
MOCK-UAN-7407-9739,52,Andhra Pradesh,Maharashtra,Agriculture,922,Highly-skilled,eShram,2024-11-16
MOCK-UAN-7798-2573,65,Andhra Pradesh,Andhra Pradesh,Domestic Worker,348,Unskilled,eShram,2025-09-16
MOCK-UAN-1630-2144,43,Jharkhand,Jharkhand,Manufacturing,438,Semi-skilled,None,2024-11-17
MOCK-UAN-7089-6522,57,Tamil Nadu,Tamil Nadu,Domestic Worker,337,Unskilled,Ayushman Bharat,2025-01-19
MOCK-UAN-7206-2259,45,Gujarat,Karnataka,Agriculture,913,Highly-skilled,eShram,2025-10-15
MOCK-UAN-1890-3175,41,Maharashtra,Maharashtra,Manufacturing,852,Highly-skilled,eShram,2025-02-09
MOCK-UAN-3427-3912,38,Uttar Pradesh,Odisha,Construction,965,Highly-skilled,PM-Kisan,2025-06-26
MOCK-UAN-8587-4347,59,West Bengal,Bihar,Domestic Worker,400,Semi-skilled,Ayushman Bharat,2025-01-13
MOCK-UAN-1833-1073,45,Gujarat,Uttar Pradesh,Domestic Worker,568,Skilled,eShram,2026-09-13
MOCK-UAN-4791-1447,18,Uttar Pradesh,Maharashtra,Agriculture,909,Highly-skilled,PM-SYM,2026-09-10
MOCK-UAN-9134-1625,42,Uttar Pradesh,Maharashtra,Manufacturing,614,Skilled,PM-Kisan,2024-09-20
MOCK-UAN-8659-1834,58,Tamil Nadu,Tamil Nadu,Gig Worker,340,Unskilled,Ayushman Bharat,2025-06-17
MOCK-UAN-1386-3618,47,Gujarat,Bihar,Gig Worker,452,Unskilled,PM-SYM,2025-08-09
MOCK-UAN-1818-2937,57,West Bengal,West Bengal,Agriculture,928,Highly-skilled,Ayushman Bharat,2025-07-17
MOCK-UAN-9882-9322,18,West Bengal,Karnataka,Agriculture,264,Unskilled,None,2025-02-25
MOCK-UAN-9214-6333,18,Karnataka,Tamil Nadu,Gig Worker,473,Semi-skilled,PM-SYM,2025-09-29
MOCK-UAN-9785-6910,22,Tamil Nadu,Tamil Nadu,Construction,342,Unskilled,eShram,2025-04-03
MOCK-UAN-8171-9358,48,Tamil Nadu,Gujarat,Construction,477,Semi-skilled,PM-Kisan,2025-04-17
MOCK-UAN-1401-6879,65,Bihar,Bihar,Construction,505,Semi-skilled,PM-SYM,2026-09-15
MOCK-UAN-1053-9070,34,Andhra Pradesh,Andhra Pradesh,Agriculture,281,Unskilled,Ayushman Bharat,2025-11-27
MOCK-UAN-4487-4543,27,Karnataka,Jharkhand,Manufacturing,499,Skilled,None,2025-05-04
MOCK-UAN-4327-1688,54,Jharkhand,Jharkhand,Gig Worker,530,Semi-skilled,PM-Kisan,2024-11-03
MOCK-UAN-1839-7012,44,Maharashtra,Andhra Pradesh,Manufacturing,284,Unskilled,eShram,2025-07-20
MOCK-UAN-3016-4335,48,Maharashtra,Maharashtra,Agriculture,331,Unskilled,eShram,2026-07-07
MOCK-UAN-2138-4634,45,Gujarat,Maharashtra,Manufacturing,565,Skilled,eShram,2025-11-26
MOCK-UAN-4194-2376,60,Uttar Pradesh,Uttar Pradesh,Agriculture,683,Skilled,Ayushman Bharat,2025-11-19
MOCK-UAN-2922-7031,20,West Bengal,Bihar,Agriculture,804,Highly-skilled,eShram,2026-07-15
MOCK-UAN-2766-9750,46,Odisha,Karnataka,Manufacturing,515,Semi-skilled,eShram,2026-08-05
MOCK-UAN-3109-4251,18,Uttar Pradesh,Maharashtra,Gig Worker,538,Semi-skilled,PM-Kisan,2026-03-06
MOCK-UAN-4920-2698,60,Odisha,Jharkhand,Agriculture,342,Unskilled,PM-Kisan,2026-09-15
MOCK-UAN-9120-1264,34,Andhra Pradesh,Tamil Nadu,Gig Worker,1003,Highly-skilled,None,2025-11-28
MOCK-UAN-8656-1657,-2,Jharkhand,Maharashtra,Manufacturing,656,Skilled,None,2026-02-15
MOCK-UAN-7989-4318,44,West Bengal,Maharashtra,Manufacturing,430,Semi-skilled,PM-Kisan,2024-11-13
MOCK-UAN-9615-3412,-2,Maharashtra,Maharashtra,Construction,895,Highly-skilled,PM-SYM,2024-12-19
MOCK-UAN-9880-3780,36,Karnataka,West Bengal,Agriculture,371,Unskilled,PM-Kisan,2026-08-25
MOCK-UAN-3270-2709,18,Odisha,Gujarat,Gig Worker,994,Highly-skilled,None,2026-03-09
MOCK-UAN-3848-9281,59,Bihar,Bihar,Domestic Worker,911,Highly-skilled,PM-SYM,2024-09-29
MOCK-UAN-7536-9260,61,West Bengal,Jharkhand,Manufacturing,361,Unskilled,Ayushman Bharat,2025-03-01
MOCK-UAN-9917-5362,42,Tamil Nadu,Andhra Pradesh,Manufacturing,248,Unskilled,None,2025-04-22
MOCK-UAN-8476-8255,18,Maharashtra,Odisha,Construction,529,Semi-skilled,Ayushman Bharat,2026-04-10
MOCK-UAN-9946-6664,64,Uttar Pradesh,Odisha,Manufacturing,270,Unskilled,Ayushman Bharat,2026-03-15
MOCK-UAN-5177-7823,38,West Bengal,Karnataka,Gig Worker,993,Highly-skilled,PM-SYM,2026-06-17
MOCK-UAN-1484-7919,63,Gujarat,Gujarat,Manufacturing,603,Skilled,PM-SYM,2025-08-08
MOCK-UAN-8807-5975,32,Andhra Pradesh,Odisha,Construction,424,Semi-skilled,None,2025-06-27
MOCK-UAN-4951-8189,24,Jharkhand,Odisha,Domestic Worker,861,Highly-skilled,PM-SYM,2025-07-06
MOCK-UAN-2315-6466,38,Karnataka,Bihar,Gig Worker,1067,Highly-skilled,eShram,2024-12-03
MOCK-UAN-3737-2956,48,Tamil Nadu,Jharkhand,Agriculture,944,Highly-skilled,PM-Kisan,2026-05-24
MOCK-UAN-5129-5034,30,Bihar,Odisha,Gig Worker,996,Highly-skilled,eShram,2024-10-24
MOCK-UAN-8824-7692,45,Jharkhand,Tamil Nadu,Construction,962,Highly-skilled,PM-Kisan,2025-06-22
MOCK-UAN-7569-5146,18,Bihar,West Bengal,Agriculture,885,Highly-skilled,None,2025-06-22
MOCK-UAN-6187-8003,39,Jharkhand,Gujarat,Agriculture,517,Semi-skilled,Ayushman Bharat,2025-08-23
MOCK-UAN-7912-7584,47,Jharkhand,Jharkhand,Domestic Worker,289,Unskilled,None,2025-05-20
MOCK-UAN-5445-1715,45,Andhra Pradesh,Tamil Nadu,Construction,511,Semi-skilled,PM-Kisan,2025-03-01
MOCK-UAN-4823-7670,60,West Bengal,Maharashtra,Domestic Worker,507,Semi-skilled,eShram,2026-03-18
MOCK-UAN-9597-7394,26,Jharkhand,Tamil Nadu,Manufacturing,7,Highly-skilled,eShram,2026-04-14
MOCK-UAN-8057-2423,21,Maharashtra,Gujarat,Manufacturing,677,Skilled,PM-Kisan,2024-11-07
MOCK-UAN-6114-4289,49,Bihar,Bihar,Domestic Worker,373,Semi-skilled,None,2025-02-11
MOCK-UAN-6990-1066,59,Gujarat,Bihar,Gig Worker,1081,Highly-skilled,None,2025-07-04
MOCK-UAN-1595-8109,22,Uttar Pradesh,Uttar Pradesh,Construction,331,Unskilled,PM-SYM,2024-11-02
MOCK-UAN-8040-7426,40,Odisha,Odisha,Agriculture,587,Skilled,Ayushman Bharat,2026-05-17
MOCK-UAN-5403-7555,26,Karnataka,Karnataka,Gig Worker,305,Unskilled,Ayushman Bharat,2025-03-19
MOCK-UAN-3138-6568,60,West Bengal,Karnataka,Gig Worker,377,Unskilled,None,2025-05-12
MOCK-UAN-7551-2736,20,Karnataka,Odisha,Manufacturing,248,Unskilled,PM-SYM,2025-04-21
MOCK-UAN-3405-6858,20,Andhra Pradesh,Maharashtra,Gig Worker,969,Highly-skilled,None,2025-06-05
MOCK-UAN-6023-7781,39,Jharkhand,Jharkhand,Agriculture,293,Unskilled,Ayushman Bharat,2025-03-31
MOCK-UAN-9033-5315,23,Bihar,Bihar,Construction,547,Semi-skilled,PM-Kisan,2025-10-02
MOCK-UAN-6773-4149,63,West Bengal,Karnataka,Agriculture,610,Skilled,PM-Kisan,2026-07-01
MOCK-UAN-9086-6184,54,Jharkhand,Bihar,Agriculture,615,Skilled,eShram,2026-03-11
MOCK-UAN-3698-4742,21,Bihar,Tamil Nadu,Gig Worker,345,Unskilled,eShram,2026-06-19
MOCK-UAN-3193-9110,47,Uttar Pradesh,Tamil Nadu,Gig Worker,505,Semi-skilled,eShram,2026-05-15
MOCK-UAN-6653-8480,51,Gujarat,Gujarat,Manufacturing,689,Skilled,PM-SYM,2025-07-14
MOCK-UAN-8740-8445,16,Uttar Pradesh,Uttar Pradesh,Manufacturing,2500,Highly-skilled,PM-Kisan,2026-06-25
MOCK-UAN-5846-2683,54,Andhra Pradesh,Jharkhand,Construction,432,Unskilled,PM-Kisan,2026-04-24
MOCK-UAN-5777-5777,29,Odisha,Maharashtra,Construction,937,Highly-skilled,Ayushman Bharat,2026-05-12
MOCK-UAN-9289-6712,56,Karnataka,Karnataka,Construction,500,Semi-skilled,Ayushman Bharat,2026-02-25
MOCK-UAN-1028-6609,59,Tamil Nadu,Bihar,Agriculture,653,Skilled,eShram,2025-06-12
MOCK-UAN-6746-7207,40,Bihar,Bihar,Gig Worker,763,Skilled,eShram,2025-06-13
MOCK-UAN-8657-1439,50,Andhra Pradesh,Uttar Pradesh,Construction,494,Semi-skilled,PM-Kisan,2025-08-17
MOCK-UAN-5791-4910,38,Karnataka,Uttar Pradesh,Agriculture,280,Unskilled,None,2025-04-17
MOCK-UAN-3023-3556,51,Jharkhand,Bihar,Construction,497,Semi-skilled,None,2025-07-27
MOCK-UAN-2550-9370,23,Tamil Nadu,West Bengal,Domestic Worker,466,Semi-skilled,None,2026-06-27
MOCK-UAN-1849-8988,21,Tamil Nadu,Tamil Nadu,Manufacturing,344,Unskilled,PM-Kisan,2025-09-29
MOCK-UAN-1327-7589,26,Gujarat,Gujarat,Gig Worker,1000,Highly-skilled,None,2025-03-17
MOCK-UAN-4312-3129,45,Tamil Nadu,Andhra Pradesh,Manufacturing,330,Unskilled,Ayushman Bharat,2026-05-20
MOCK-UAN-9472-9171,49,Tamil Nadu,Maharashtra,Domestic Worker,981,Highly-skilled,eShram,2025-10-18
MOCK-UAN-2783-9506,37,Tamil Nadu,Bihar,Domestic Worker,469,Semi-skilled,PM-Kisan,2025-09-21
MOCK-UAN-3516-9639,28,Gujarat,Gujarat,Domestic Worker,315,Unskilled,PM-SYM,2025-11-18
MOCK-UAN-6765-2714,38,Odisha,Odisha,Agriculture,374,Semi-skilled,None,2025-07-02
MOCK-UAN-9902-9095,24,Tamil Nadu,Tamil Nadu,Gig Worker,418,Semi-skilled,eShram,2024-11-26
MOCK-UAN-8306-4730,22,Maharashtra,Maharashtra,Manufacturing,619,Skilled,None,2024-11-19
MOCK-UAN-7930-2552,47,Gujarat,Andhra Pradesh,Gig Worker,395,Unskilled,PM-SYM,2024-10-05
MOCK-UAN-3810-9170,51,Gujarat,Tamil Nadu,Domestic Worker,874,Highly-skilled,PM-SYM,2024-09-20
MOCK-UAN-3051-6334,32,West Bengal,West Bengal,Construction,13062,Highly-skilled,eShram,2024-12-21
MOCK-UAN-1045-6421,31,Karnataka,Karnataka,Manufacturing,446,Semi-skilled,eShram,2026-04-07
MOCK-UAN-3748-9158,36,Gujarat,Gujarat,Gig Worker,1056,Highly-skilled,PM-Kisan,2026-08-08
MOCK-UAN-6197-4185,23,Bihar,Bihar,Agriculture,454,Semi-skilled,Ayushman Bharat,2025-04-14
MOCK-UAN-3195-1430,46,Tamil Nadu,Maharashtra,Construction,612,Skilled,Ayushman Bharat,2025-05-30
MOCK-UAN-5385-2884,55,Odisha,Uttar Pradesh,Agriculture,949,Highly-skilled,eShram,2026-06-25
MOCK-UAN-4317-5553,18,Odisha,Odisha,Gig Worker,989,Highly-skilled,None,2025-05-28
MOCK-UAN-4744-7783,51,Tamil Nadu,West Bengal,Construction,676,Skilled,PM-SYM,2026-06-04
MOCK-UAN-1500-4137,23,West Bengal,Jharkhand,Construction,926,Highly-skilled,Ayushman Bharat,2025-06-12
MOCK-UAN-7787-8039,22,Odisha,Gujarat,Manufacturing,867,Highly-skilled,PM-SYM,2024-12-18
MOCK-UAN-1894-5428,33,Uttar Pradesh,Uttar Pradesh,Construction,354,Unskilled,eShram,2025-10-21
MOCK-UAN-6606-8431,42,Uttar Pradesh,Karnataka,Manufacturing,600,Skilled,None,2025-03-31
MOCK-UAN-8808-8859,37,Bihar,Bihar,Agriculture,323,Unskilled,None,2026-03-01
MOCK-UAN-1344-3488,33,Maharashtra,Tamil Nadu,Manufacturing,436,Semi-skilled,PM-SYM,2025-07-30
MOCK-UAN-1383-7851,24,Gujarat,Gujarat,Agriculture,3,Semi-skilled,None,2025-04-28
MOCK-UAN-1207-6275,31,Uttar Pradesh,Andhra Pradesh,Manufacturing,278,Unskilled,None,2025-02-14
MOCK-UAN-2022-7190,25,Tamil Nadu,Tamil Nadu,Manufacturing,339,Unskilled,PM-SYM,2025-12-01
MOCK-UAN-7509-1894,32,Gujarat,Gujarat,Manufacturing,285,Unskilled,Ayushman Bharat,2026-04-15
MOCK-UAN-8688-8259,56,Gujarat,Gujarat,Construction,637,Skilled,None,2025-06-02
MOCK-UAN-8556-5442,57,Gujarat,Gujarat,Gig Worker,599,Semi-skilled,PM-Kisan,2026-02-20
MOCK-UAN-9406-9029,52,West Bengal,Karnataka,Manufacturing,414,Semi-skilled,Ayushman Bharat,2025-04-24
MOCK-UAN-7607-9700,65,Gujarat,Karnataka,Gig Worker,922,Highly-skilled,Ayushman Bharat,2026-04-28
MOCK-UAN-1585-8213,22,Tamil Nadu,Gujarat,Domestic Worker,591,Skilled,PM-SYM,2025-01-11
MOCK-UAN-4185-4540,42,Karnataka,Karnataka,Construction,325,Unskilled,Ayushman Bharat,2025-10-11
MOCK-UAN-9550-2083,35,Andhra Pradesh,Odisha,Gig Worker,651,Skilled,None,2025-07-27
MOCK-UAN-2950-4931,46,Bihar,Gujarat,Construction,641,Skilled,eShram,2026-07-26
MOCK-UAN-4549-2733,41,Odisha,Maharashtra,Manufacturing,324,Unskilled,eShram,2025-01-13
MOCK-UAN-2027-6973,24,West Bengal,West Bengal,Gig Worker,999,Highly-skilled,PM-Kisan,2025-06-02
MOCK-UAN-5978-8081,64,Uttar Pradesh,Tamil Nadu,Construction,665,Skilled,PM-Kisan,2024-11-20
MOCK-UAN-4649-5177,27,Karnataka,Bihar,Construction,590,Semi-skilled,None,2026-03-16
MOCK-UAN-1345-9200,45,Andhra Pradesh,Andhra Pradesh,Domestic Worker,282,Unskilled,Ayushman Bharat,2025-07-27
MOCK-UAN-8027-7990,64,Gujarat,West Bengal,Manufacturing,463,Semi-skilled,PM-Kisan,2026-05-28
MOCK-UAN-8680-1821,53,Andhra Pradesh,Odisha,Agriculture,424,Semi-skilled,Ayushman Bharat,2025-05-23
MOCK-UAN-6280-8932,29,Uttar Pradesh,Uttar Pradesh,Construction,457,Semi-skilled,PM-SYM,2026-06-26
MOCK-UAN-9518-7776,23,Karnataka,Odisha,Domestic Worker,870,Highly-skilled,eShram,2025-02-17
MOCK-UAN-5976-8671,44,Uttar Pradesh,Uttar Pradesh,Construction,626,Skilled,PM-Kisan,2025-09-04
MOCK-UAN-4471-3967,41,Bihar,Andhra Pradesh,Construction,367,Unskilled,eShram,2025-11-02
MOCK-UAN-5298-3193,27,Karnataka,Karnataka,Manufacturing,1017,Highly-skilled,PM-SYM,2026-03-13
MOCK-UAN-6012-3710,45,West Bengal,Tamil Nadu,Agriculture,564,Skilled,eShram,2026-08-26
MOCK-UAN-9818-3979,23,Maharashtra,Andhra Pradesh,Construction,329,Unskilled,Ayushman Bharat,2026-07-10
MOCK-UAN-8819-7642,56,Uttar Pradesh,Uttar Pradesh,Agriculture,296,Unskilled,eShram,2026-06-14
MOCK-UAN-6939-7036,33,Jharkhand,Jharkhand,Gig Worker,1019,Highly-skilled,Ayushman Bharat,2024-09-29
MOCK-UAN-4534-9109,33,Bihar,Maharashtra,Agriculture,463,Semi-skilled,eShram,2025-02-12
MOCK-UAN-5114-3371,24,Maharashtra,West Bengal,Domestic Worker,964,Highly-skilled,Ayushman Bharat,2026-05-07
MOCK-UAN-4648-7124,19,Andhra Pradesh,Tamil Nadu,Agriculture,478,Skilled,PM-Kisan,2024-10-30
MOCK-UAN-5994-9495,28,Odisha,Odisha,Construction,830,Highly-skilled,PM-Kisan,2025-02-25
MOCK-UAN-4066-6985,18,Tamil Nadu,Jharkhand,Domestic Worker,2500,Highly-skilled,None,2024-10-08
MOCK-UAN-3576-6917,50,Karnataka,Karnataka,Manufacturing,354,Unskilled,PM-Kisan,2024-11-15
MOCK-UAN-9822-3178,61,Jharkhand,Uttar Pradesh,Construction,871,Highly-skilled,None,2025-10-02
MOCK-UAN-2040-2382,15,Maharashtra,Maharashtra,Manufacturing,2500,Highly-skilled,eShram,2025-07-19
MOCK-UAN-5679-8271,48,Tamil Nadu,Tamil Nadu,Domestic Worker,928,Highly-skilled,eShram,2025-06-19
MOCK-UAN-9800-8742,18,West Bengal,Tamil Nadu,Gig Worker,562,Semi-skilled,PM-Kisan,2026-05-05
MOCK-UAN-2232-3880,63,Jharkhand,Jharkhand,Gig Worker,945,Highly-skilled,Ayushman Bharat,2025-12-22
MOCK-UAN-6959-4199,59,Karnataka,Karnataka,Manufacturing,550,Skilled,Ayushman Bharat,2025-05-05
MOCK-UAN-3769-3509,18,West Bengal,West Bengal,Gig Worker,651,Skilled,None,2025-06-04
MOCK-UAN-3154-7334,25,Maharashtra,West Bengal,Construction,955,Highly-skilled,PM-SYM,2025-12-01
MOCK-UAN-4316-5308,39,Bihar,Karnataka,Domestic Worker,418,Semi-skilled,PM-Kisan,2025-02-17
MOCK-UAN-2156-7244,27,Odisha,Gujarat,Construction,674,Skilled,eShram,2026-01-24
MOCK-UAN-9116-2733,21,Maharashtra,Uttar Pradesh,Construction,507,Skilled,None,2026-05-20
MOCK-UAN-7802-3886,38,Andhra Pradesh,Andhra Pradesh,Manufacturing,557,Skilled,PM-SYM,2025-02-05
MOCK-UAN-3754-9963,51,West Bengal,West Bengal,Construction,893,Highly-skilled,PM-SYM,2026-05-04
MOCK-UAN-5625-3857,31,Gujarat,Karnataka,Domestic Worker,287,Unskilled,PM-Kisan,2026-07-12
MOCK-UAN-9283-5689,34,Uttar Pradesh,West Bengal,Gig Worker,373,Unskilled,eShram,2025-03-11
MOCK-UAN-9099-9122,44,Maharashtra,Maharashtra,Gig Worker,439,Unskilled,PM-Kisan,2024-12-01
MOCK-UAN-9262-1898,37,Maharashtra,Tamil Nadu,Gig Worker,307,Unskilled,PM-Kisan,2026-01-08
MOCK-UAN-8998-6397,42,West Bengal,West Bengal,Agriculture,452,Semi-skilled,PM-SYM,2026-04-26
MOCK-UAN-9611-8741,35,Karnataka,Bihar,Gig Worker,427,Unskilled,PM-SYM,2025-02-25
MOCK-UAN-6845-8221,37,Gujarat,Andhra Pradesh,Gig Worker,642,Semi-skilled,PM-SYM,2026-05-26
MOCK-UAN-1277-6053,29,Maharashtra,Maharashtra,Manufacturing,575,Skilled,PM-Kisan,2026-03-26
MOCK-UAN-2300-9733,38,Odisha,Odisha,Construction,966,Highly-skilled,eShram,2024-10-09
MOCK-UAN-2906-7243,40,Jharkhand,Jharkhand,Gig Worker,909,Highly-skilled,PM-SYM,2026-04-04
MOCK-UAN-2686-1158,54,Tamil Nadu,Andhra Pradesh,Construction,230,Unskilled,None,2026-05-24
MOCK-UAN-3963-6306,22,Maharashtra,Jharkhand,Gig Worker,592,Semi-skilled,PM-Kisan,2026-06-15
MOCK-UAN-1524-3893,-5,Odisha,Odisha,Domestic Worker,299,Unskilled,PM-Kisan,2025-05-20
MOCK-UAN-7349-2349,63,Maharashtra,Maharashtra,Construction,1008,Highly-skilled,None,2025-02-08
MOCK-UAN-3567-1595,58,Uttar Pradesh,Odisha,Construction,881,Highly-skilled,eShram,2026-08-22
MOCK-UAN-6748-4746,33,Maharashtra,Bihar,Manufacturing,475,Semi-skilled,None,2025-01-28
MOCK-UAN-2117-1584,37,Odisha,Bihar,Manufacturing,543,Semi-skilled,PM-SYM,2025-09-21
MOCK-UAN-6536-2646,31,Maharashtra,Maharashtra,Construction,970,Highly-skilled,None,2026-05-01
MOCK-UAN-8827-6069,23,Maharashtra,Karnataka,Manufacturing,613,Skilled,eShram,2025-05-15
MOCK-UAN-4642-7289,32,West Bengal,West Bengal,Agriculture,900,Highly-skilled,Ayushman Bharat,2025-04-08
MOCK-UAN-2657-6244,50,Andhra Pradesh,Andhra Pradesh,Construction,571,Skilled,PM-SYM,2025-05-12
MOCK-UAN-1717-2515,63,Uttar Pradesh,Maharashtra,Construction,717,Skilled,None,2026-04-19
MOCK-UAN-5188-7064,41,West Bengal,West Bengal,Agriculture,869,Highly-skilled,Ayushman Bharat,2026-06-04
MOCK-UAN-1348-3301,31,Jharkhand,Karnataka,Agriculture,325,Unskilled,PM-Kisan,2026-03-03
MOCK-UAN-1114-7651,65,Andhra Pradesh,Andhra Pradesh,Construction,871,Highly-skilled,Ayushman Bharat,2024-10-18
MOCK-UAN-6628-2965,65,Odisha,Odisha,Manufacturing,841,Highly-skilled,None,2026-06-26
MOCK-UAN-1342-5596,43,Bihar,Bihar,Gig Worker,621,Semi-skilled,PM-Kisan,2026-06-19
MOCK-UAN-4215-8066,40,Gujarat,Odisha,Manufacturing,432,Semi-skilled,PM-SYM,2025-02-07
MOCK-UAN-5212-8965,23,Andhra Pradesh,Andhra Pradesh,Manufacturing,672,Skilled,eShram,2025-07-03
MOCK-UAN-5839-2448,34,Uttar Pradesh,Uttar Pradesh,Manufacturing,296,Unskilled,PM-Kisan,2025-12-07
MOCK-UAN-6523-4569,22,Uttar Pradesh,Gujarat,Agriculture,207,Unskilled,PM-Kisan,2026-05-24
MOCK-UAN-6735-5997,48,Maharashtra,Maharashtra,Manufacturing,644,Skilled,eShram,2025-12-18
MOCK-UAN-5164-4328,44,Bihar,Andhra Pradesh,Domestic Worker,420,Semi-skilled,Ayushman Bharat,2026-05-23
MOCK-UAN-8055-5868,46,Andhra Pradesh,Uttar Pradesh,Manufacturing,334,Unskilled,None,2026-05-01
MOCK-UAN-3742-3841,41,Jharkhand,Uttar Pradesh,Construction,501,Semi-skilled,Ayushman Bharat,2024-12-19
MOCK-UAN-4055-4059,52,Andhra Pradesh,Andhra Pradesh,Agriculture,522,Skilled,PM-SYM,2026-01-31
MOCK-UAN-1517-2576,42,Maharashtra,Maharashtra,Manufacturing,308,Unskilled,Ayushman Bharat,2026-03-31
MOCK-UAN-3698-2861,46,Maharashtra,Maharashtra,Gig Worker,1109,Highly-skilled,PM-Kisan,2026-06-22
MOCK-UAN-1430-9899,28,Odisha,Tamil Nadu,Manufacturing,324,Unskilled,eShram,2024-11-16
MOCK-UAN-7271-5667,42,Uttar Pradesh,Uttar Pradesh,Manufacturing,897,Highly-skilled,Ayushman Bharat,2026-01-02
MOCK-UAN-6826-7265,28,Tamil Nadu,Tamil Nadu,Domestic Worker,653,Skilled,Ayushman Bharat,2024-11-13
MOCK-UAN-2273-6008,33,Odisha,Jharkhand,Agriculture,910,Highly-skilled,PM-SYM,2026-05-02
MOCK-UAN-3795-9431,45,Bihar,Odisha,Agriculture,610,Skilled,PM-SYM,2025-05-29
MOCK-UAN-3508-6281,61,Tamil Nadu,Maharashtra,Gig Worker,945,Highly-skilled,Ayushman Bharat,2026-06-26
MOCK-UAN-9668-1578,14,Jharkhand,Uttar Pradesh,Domestic Worker,2500,Highly-skilled,Ayushman Bharat,2025-05-08
MOCK-UAN-1245-9868,32,Andhra Pradesh,Odisha,Agriculture,351,Unskilled,PM-SYM,2025-11-30
MOCK-UAN-8600-7583,55,Jharkhand,Jharkhand,Construction,308,Unskilled,PM-SYM,2025-04-19
MOCK-UAN-8507-1573,56,Tamil Nadu,Tamil Nadu,Agriculture,671,Skilled,Ayushman Bharat,2026-09-08
MOCK-UAN-8151-2906,37,Maharashtra,Karnataka,Manufacturing,445,Semi-skilled,PM-Kisan,2026-07-05
MOCK-UAN-2907-6200,65,Tamil Nadu,Karnataka,Domestic Worker,555,Skilled,PM-Kisan,2025-12-31
MOCK-UAN-7178-3950,65,Gujarat,West Bengal,Gig Worker,599,Semi-skilled,Ayushman Bharat,2025-05-06
MOCK-UAN-1702-4123,61,Odisha,Andhra Pradesh,Agriculture,885,Highly-skilled,None,2025-08-09
MOCK-UAN-2789-5350,22,Maharashtra,Andhra Pradesh,Manufacturing,937,Highly-skilled,PM-Kisan,2026-07-14
MOCK-UAN-3462-9306,46,Gujarat,Gujarat,Domestic Worker,285,Unskilled,None,2024-10-19
MOCK-UAN-2421-2692,48,Andhra Pradesh,Tamil Nadu,Gig Worker,547,Semi-skilled,None,2025-05-19
MOCK-UAN-4522-8577,33,West Bengal,Maharashtra,Construction,674,Skilled,eShram,2025-06-16
MOCK-UAN-2954-8167,65,West Bengal,Bihar,Construction,364,Unskilled,Ayushman Bharat,2025-12-31
MOCK-UAN-3794-1412,46,Maharashtra,Odisha,Manufacturing,350,Semi-skilled,Ayushman Bharat,2025-05-26
MOCK-UAN-7841-6002,46,Maharashtra,Bihar,Manufacturing,543,Skilled,PM-Kisan,2025-03-14
MOCK-UAN-4791-8756,58,Andhra Pradesh,Odisha,Domestic Worker,646,Skilled,eShram,2026-05-18
MOCK-UAN-6995-8764,50,Bihar,Karnataka,Construction,343,Unskilled,Ayushman Bharat,2024-11-24
MOCK-UAN-1618-3127,36,Uttar Pradesh,Uttar Pradesh,Gig Worker,523,Semi-skilled,None,2024-11-21
MOCK-UAN-5297-7185,20,West Bengal,Gujarat,Gig Worker,332,Unskilled,Ayushman Bharat,2026-06-03
MOCK-UAN-4112-8396,26,Jharkhand,Uttar Pradesh,Domestic Worker,246,Unskilled,Ayushman Bharat,2026-04-25
MOCK-UAN-9595-4765,35,Odisha,Bihar,Manufacturing,498,Skilled,None,2025-11-11
MOCK-UAN-4029-8819,30,West Bengal,West Bengal,Manufacturing,294,Unskilled,eShram,2025-05-12
MOCK-UAN-8783-3154,62,Jharkhand,Jharkhand,Domestic Worker,270,Unskilled,PM-Kisan,2024-11-30
MOCK-UAN-4400-4037,41,West Bengal,Andhra Pradesh,Gig Worker,351,Unskilled,eShram,2025-10-27
MOCK-UAN-7686-1841,-3,Maharashtra,Tamil Nadu,Construction,946,Highly-skilled,PM-Kisan,2025-12-24
MOCK-UAN-3531-9370,49,Uttar Pradesh,Andhra Pradesh,Manufacturing,468,Semi-skilled,None,2026-08-23
MOCK-UAN-9695-9336,22,Andhra Pradesh,Bihar,Gig Worker,504,Unskilled,None,2026-01-20
MOCK-UAN-3844-9701,50,Maharashtra,Uttar Pradesh,Domestic Worker,524,Skilled,PM-Kisan,2025-05-01
MOCK-UAN-1948-3543,29,Karnataka,Karnataka,Domestic Worker,357,Unskilled,Ayushman Bharat,2025-11-24
MOCK-UAN-5094-6188,33,Gujarat,Jharkhand,Gig Worker,598,Semi-skilled,PM-SYM,2025-06-14
MOCK-UAN-2624-2400,39,Gujarat,Gujarat,Gig Worker,511,Semi-skilled,PM-SYM,2026-08-27
MOCK-UAN-1481-2057,61,Odisha,Karnataka,Construction,360,Unskilled,Ayushman Bharat,2026-09-05
MOCK-UAN-3464-1014,34,Uttar Pradesh,Jharkhand,Construction,477,Semi-skilled,None,2025-01-24
MOCK-UAN-8314-6039,50,Tamil Nadu,Maharashtra,Manufacturing,909,Highly-skilled,PM-SYM,2026-01-19
MOCK-UAN-3128-8407,47,Gujarat,Karnataka,Gig Worker,775,Skilled,PM-SYM,2026-09-07
MOCK-UAN-1806-7990,41,Karnataka,Gujarat,Domestic Worker,630,Skilled,eShram,2025-11-14
MOCK-UAN-4992-5040,48,Tamil Nadu,Bihar,Domestic Worker,625,Skilled,Ayushman Bharat,2025-04-29
MOCK-UAN-8420-8891,63,Karnataka,Karnataka,Agriculture,428,Semi-skilled,PM-Kisan,2025-06-25
MOCK-UAN-9275-4829,44,Bihar,Odisha,Gig Worker,925,Highly-skilled,Ayushman Bharat,2025-07-31
MOCK-UAN-3722-4114,57,Gujarat,Jharkhand,Agriculture,589,Skilled,Ayushman Bharat,2025-05-21
MOCK-UAN-2019-3546,25,Karnataka,Karnataka,Gig Worker,760,Skilled,PM-Kisan,2026-04-06
MOCK-UAN-2173-7520,24,Andhra Pradesh,Andhra Pradesh,Manufacturing,823,Highly-skilled,eShram,2025-02-27
MOCK-UAN-1041-4650,50,Andhra Pradesh,West Bengal,Agriculture,247,Unskilled,eShram,2025-12-06
MOCK-UAN-9993-1157,50,Gujarat,Bihar,Construction,956,Highly-skilled,PM-SYM,2026-06-06
MOCK-UAN-8577-1050,49,West Bengal,Maharashtra,Construction,450,Semi-skilled,eShram,2026-06-14
MOCK-UAN-3727-8716,41,Odisha,Tamil Nadu,Construction,310,Unskilled,None,2025-10-02
MOCK-UAN-6978-6232,48,Uttar Pradesh,Maharashtra,Gig Worker,378,Unskilled,PM-SYM,2026-08-17
MOCK-UAN-9116-1052,39,Gujarat,Tamil Nadu,Agriculture,831,Highly-skilled,eShram,2026-03-04
MOCK-UAN-5650-2897,21,Odisha,Andhra Pradesh,Manufacturing,851,Highly-skilled,PM-SYM,2025-11-06
MOCK-UAN-2095-6617,30,Bihar,Karnataka,Construction,535,Semi-skilled,Ayushman Bharat,2025-07-10
MOCK-UAN-7170-8586,62,Odisha,Bihar,Agriculture,384,Semi-skilled,eShram,2026-08-23
MOCK-UAN-7341-8398,39,Karnataka,Tamil Nadu,Agriculture,820,Highly-skilled,PM-SYM,2025-10-13
MOCK-UAN-5396-3959,44,Andhra Pradesh,Uttar Pradesh,Domestic Worker,418,Semi-skilled,Ayushman Bharat,2026-05-30
MOCK-UAN-8130-7557,42,Andhra Pradesh,Jharkhand,Domestic Worker,936,Highly-skilled,Ayushman Bharat,2026-02-26
MOCK-UAN-5725-2769,36,Andhra Pradesh,Uttar Pradesh,Agriculture,890,Highly-skilled,Ayushman Bharat,2025-04-19
MOCK-UAN-4950-8375,57,Andhra Pradesh,Andhra Pradesh,Gig Worker,526,Semi-skilled,PM-SYM,2026-05-23
MOCK-UAN-5771-5821,31,Bihar,Bihar,Construction,502,Semi-skilled,Ayushman Bharat,2026-09-15
MOCK-UAN-8201-1500,20,Karnataka,Gujarat,Manufacturing,812,Highly-skilled,eShram,2026-05-12
MOCK-UAN-8319-9632,30,Karnataka,Karnataka,Agriculture,324,Unskilled,PM-SYM,2025-05-15
MOCK-UAN-8917-7220,49,Odisha,Maharashtra,Gig Worker,569,Semi-skilled,Ayushman Bharat,2026-05-23
MOCK-UAN-4573-8666,23,Odisha,Tamil Nadu,Agriculture,879,Highly-skilled,PM-Kisan,2025-01-14
MOCK-UAN-1493-6009,39,Uttar Pradesh,Uttar Pradesh,Gig Worker,750,Skilled,Ayushman Bharat,2025-04-11
MOCK-UAN-9656-3265,42,Odisha,Uttar Pradesh,Construction,443,Semi-skilled,None,2025-10-16
MOCK-UAN-9944-9534,45,West Bengal,West Bengal,Domestic Worker,956,Highly-skilled,PM-Kisan,2024-09-23
MOCK-UAN-8846-9490,45,Maharashtra,Bihar,Agriculture,307,Unskilled,PM-Kisan,2026-08-25
MOCK-UAN-1625-5674,57,Andhra Pradesh,Andhra Pradesh,Agriculture,583,Skilled,None,2026-05-05
MOCK-UAN-6935-5917,35,Tamil Nadu,Tamil Nadu,Manufacturing,899,Highly-skilled,PM-SYM,2024-11-16
MOCK-UAN-5137-8537,59,Jharkhand,Tamil Nadu,Construction,944,Highly-skilled,Ayushman Bharat,2024-12-16
MOCK-UAN-5025-3030,34,Gujarat,Gujarat,Gig Worker,1061,Highly-skilled,PM-Kisan,2025-03-06
MOCK-UAN-1507-4741,38,Gujarat,Bihar,Construction,596,Skilled,PM-Kisan,2026-02-03
MOCK-UAN-1006-8695,40,Andhra Pradesh,Uttar Pradesh,Domestic Worker,411,Semi-skilled,Ayushman Bharat,2025-10-23
MOCK-UAN-8403-8833,62,Uttar Pradesh,Uttar Pradesh,Manufacturing,501,Semi-skilled,PM-SYM,2026-01-18
MOCK-UAN-2098-9499,43,Jharkhand,West Bengal,Domestic Worker,870,Highly-skilled,PM-SYM,2025-11-02
MOCK-UAN-4710-7427,31,West Bengal,Andhra Pradesh,Gig Worker,595,Semi-skilled,None,2025-01-25
MOCK-UAN-9449-7903,37,Andhra Pradesh,Andhra Pradesh,Manufacturing,984,Highly-skilled,Ayushman Bharat,2025-06-25
MOCK-UAN-8413-1496,38,Maharashtra,Tamil Nadu,Gig Worker,679,Skilled,PM-Kisan,2026-07-12
MOCK-UAN-2690-3161,24,Karnataka,Andhra Pradesh,Domestic Worker,334,Unskilled,PM-SYM,2026-05-17
MOCK-UAN-3679-9726,18,Andhra Pradesh,Andhra Pradesh,Domestic Worker,392,Semi-skilled,PM-SYM,2025-09-13
MOCK-UAN-7313-6264,19,Uttar Pradesh,Uttar Pradesh,Manufacturing,937,Highly-skilled,PM-Kisan,2025-11-17
MOCK-UAN-1628-2304,56,Jharkhand,Jharkhand,Gig Worker,409,Unskilled,Ayushman Bharat,2025-01-29
MOCK-UAN-1238-5462,25,Tamil Nadu,Tamil Nadu,Agriculture,623,Skilled,eShram,2026-01-01
MOCK-UAN-7836-2526,59,Jharkhand,Uttar Pradesh,Gig Worker,517,Semi-skilled,eShram,2025-08-17
MOCK-UAN-6090-3534,19,Bihar,Tamil Nadu,Agriculture,816,Highly-skilled,None,2026-06-27
MOCK-UAN-6963-1869,64,Gujarat,Andhra Pradesh,Gig Worker,425,Unskilled,PM-Kisan,2025-04-22
MOCK-UAN-3958-7683,41,Jharkhand,Karnataka,Agriculture,496,Skilled,Ayushman Bharat,2025-11-28
MOCK-UAN-3088-2008,32,West Bengal,Gujarat,Manufacturing,434,Semi-skilled,None,2025-06-08
MOCK-UAN-1848-2247,56,West Bengal,West Bengal,Domestic Worker,347,Unskilled,Ayushman Bharat,2026-08-11
MOCK-UAN-6471-4473,39,Uttar Pradesh,Uttar Pradesh,Agriculture,909,Highly-skilled,eShram,2026-03-14
MOCK-UAN-7927-1038,49,West Bengal,Maharashtra,Domestic Worker,697,Skilled,None,2025-08-22
MOCK-UAN-5011-5215,20,Karnataka,Karnataka,Domestic Worker,351,Unskilled,PM-Kisan,2026-06-09
MOCK-UAN-1848-6665,60,Tamil Nadu,Tamil Nadu,Manufacturing,567,Skilled,PM-SYM,2026-06-21
MOCK-UAN-8057-2780,24,Odisha,Odisha,Agriculture,901,Highly-skilled,eShram,2026-07-01
MOCK-UAN-6377-4905,18,Maharashtra,Odisha,Agriculture,897,Highly-skilled,Ayushman Bharat,2025-05-06
MOCK-UAN-5100-5447,26,West Bengal,Tamil Nadu,Agriculture,220,Unskilled,PM-SYM,2026-05-06
MOCK-UAN-4452-2760,54,Tamil Nadu,Tamil Nadu,Construction,902,Highly-skilled,PM-Kisan,2026-02-05
MOCK-UAN-6607-4095,55,Andhra Pradesh,Andhra Pradesh,Gig Worker,671,Skilled,eShram,2025-03-24
MOCK-UAN-3606-7363,27,Andhra Pradesh,Andhra Pradesh,Agriculture,498,Skilled,Ayushman Bharat,2025-10-11
MOCK-UAN-9273-5940,56,Karnataka,Tamil Nadu,Manufacturing,452,Semi-skilled,eShram,2026-05-16
MOCK-UAN-5739-4400,22,Andhra Pradesh,Gujarat,Construction,637,Skilled,None,2026-03-29
MOCK-UAN-4060-9672,18,Odisha,Jharkhand,Domestic Worker,366,Semi-skilled,PM-Kisan,2025-12-15
MOCK-UAN-1198-2166,-1,Odisha,Tamil Nadu,Domestic Worker,620,Skilled,None,2026-06-27
MOCK-UAN-1290-8387,36,Tamil Nadu,Tamil Nadu,Gig Worker,735,Skilled,None,2026-07-02
MOCK-UAN-4427-3564,46,Bihar,Bihar,Domestic Worker,911,Highly-skilled,Ayushman Bharat,2026-03-01
MOCK-UAN-6377-1875,55,West Bengal,West Bengal,Gig Worker,383,Unskilled,None,2025-08-30
MOCK-UAN-3078-1747,34,Gujarat,Gujarat,Domestic Worker,329,Unskilled,None,2025-07-06
MOCK-UAN-1341-7535,34,West Bengal,Karnataka,Gig Worker,584,Semi-skilled,PM-SYM,2025-02-14
MOCK-UAN-5184-5405,18,Karnataka,Bihar,Domestic Worker,915,Highly-skilled,PM-SYM,2026-03-23
MOCK-UAN-1006-2979,22,Jharkhand,Uttar Pradesh,Manufacturing,858,Highly-skilled,eShram,2026-06-02
MOCK-UAN-2179-7468,57,Uttar Pradesh,Uttar Pradesh,Manufacturing,313,Unskilled,None,2025-11-14
MOCK-UAN-5498-8920,22,Andhra Pradesh,Uttar Pradesh,Agriculture,509,Semi-skilled,None,2025-08-30
MOCK-UAN-3214-1408,52,Maharashtra,Uttar Pradesh,Construction,320,Unskilled,PM-SYM,2026-04-03
MOCK-UAN-6415-3594,54,Andhra Pradesh,West Bengal,Agriculture,404,Unskilled,None,2025-10-06
MOCK-UAN-5387-4453,20,West Bengal,Uttar Pradesh,Gig Worker,523,Semi-skilled,PM-SYM,2025-10-27
MOCK-UAN-4477-3141,37,Gujarat,Gujarat,Agriculture,601,Skilled,None,2026-05-02
MOCK-UAN-8046-8441,59,Maharashtra,West Bengal,Domestic Worker,416,Semi-skilled,PM-SYM,2026-04-02
MOCK-UAN-8522-3636,56,Andhra Pradesh,Tamil Nadu,Manufacturing,311,Unskilled,PM-SYM,2026-06-12
MOCK-UAN-7401-5447,47,Gujarat,Gujarat,Domestic Worker,512,Skilled,None,2025-09-23
MOCK-UAN-1348-4690,64,Maharashtra,West Bengal,Agriculture,572,Skilled,None,2026-05-25
MOCK-UAN-1339-4562,65,Karnataka,Odisha,Manufacturing,545,Skilled,eShram,2025-04-25
MOCK-UAN-9815-1073,36,Tamil Nadu,Tamil Nadu,Gig Worker,706,Skilled,eShram,2024-10-10
MOCK-UAN-9922-3852,19,Karnataka,Karnataka,Construction,399,Unskilled,eShram,2025-10-22
MOCK-UAN-8677-6726,39,Uttar Pradesh,Maharashtra,Domestic Worker,932,Highly-skilled,Ayushman Bharat,2025-04-17
MOCK-UAN-3285-6595,23,Bihar,Maharashtra,Gig Worker,281,Unskilled,eShram,2025-09-07
MOCK-UAN-2470-8777,29,Gujarat,Gujarat,Gig Worker,502,Unskilled,PM-Kisan,2024-11-08
MOCK-UAN-5230-1213,52,West Bengal,West Bengal,Construction,364,Unskilled,eShram,2025-09-26
MOCK-UAN-5957-5989,62,Maharashtra,Gujarat,Manufacturing,861,Highly-skilled,eShram,2025-04-23
MOCK-UAN-7630-9462,24,Andhra Pradesh,Jharkhand,Manufacturing,907,Highly-skilled,None,2025-05-11
MOCK-UAN-3108-2396,39,Jharkhand,Jharkhand,Manufacturing,458,Semi-skilled,None,2025-04-13
MOCK-UAN-9751-7724,51,Gujarat,Uttar Pradesh,Construction,616,Skilled,None,2025-05-13
MOCK-UAN-6093-8007,53,Odisha,Karnataka,Agriculture,459,Semi-skilled,Ayushman Bharat,2025-03-10
MOCK-UAN-8278-7223,52,Odisha,Odisha,Manufacturing,869,Highly-skilled,eShram,2026-08-12
MOCK-UAN-7126-2448,42,Gujarat,Jharkhand,Gig Worker,979,Highly-skilled,PM-SYM,2024-12-26
MOCK-UAN-1278-6782,63,Andhra Pradesh,Andhra Pradesh,Construction,615,Skilled,PM-SYM,2026-06-12
MOCK-UAN-7225-4645,27,Maharashtra,Tamil Nadu,Manufacturing,828,Highly-skilled,eShram,2025-08-25
MOCK-UAN-7857-2233,62,Bihar,Gujarat,Gig Worker,557,Semi-skilled,PM-Kisan,2026-06-27
MOCK-UAN-1283-8117,29,West Bengal,West Bengal,Domestic Worker,329,Unskilled,Ayushman Bharat,2026-08-28
MOCK-UAN-7514-1877,60,Maharashtra,Odisha,Construction,675,Skilled,PM-SYM,2026-07-01
MOCK-UAN-5309-4277,35,Odisha,Maharashtra,Agriculture,940,Highly-skilled,PM-Kisan,2024-11-16
MOCK-UAN-9557-9171,46,Odisha,Odisha,Gig Worker,716,Skilled,None,2025-02-10
MOCK-UAN-5269-2541,63,Gujarat,Jharkhand,Construction,923,Highly-skilled,Ayushman Bharat,2025-05-16
MOCK-UAN-5938-3137,56,Maharashtra,Odisha,Gig Worker,741,Skilled,PM-Kisan,2026-06-28
MOCK-UAN-6498-2707,44,Jharkhand,Andhra Pradesh,Domestic Worker,532,Skilled,Ayushman Bharat,2025-06-13
MOCK-UAN-3529-7187,26,Karnataka,Maharashtra,Gig Worker,354,Unskilled,eShram,2025-08-26
MOCK-UAN-3140-8617,-2,Gujarat,Andhra Pradesh,Agriculture,251,Unskilled,PM-Kisan,2025-12-11
MOCK-UAN-5133-5280,47,Gujarat,Jharkhand,Gig Worker,754,Skilled,None,2026-06-02
MOCK-UAN-6424-2881,44,Odisha,Karnataka,Agriculture,347,Unskilled,None,2024-12-30
MOCK-UAN-3352-5867,38,Uttar Pradesh,Uttar Pradesh,Construction,674,Skilled,PM-SYM,2025-05-22
MOCK-UAN-6448-9626,-5,Karnataka,Uttar Pradesh,Domestic Worker,953,Highly-skilled,PM-Kisan,2026-04-06
MOCK-UAN-8473-8138,20,Karnataka,Maharashtra,Gig Worker,656,Skilled,PM-Kisan,2025-07-05
MOCK-UAN-3089-5196,41,Jharkhand,Odisha,Domestic Worker,317,Unskilled,None,2024-09-30
MOCK-UAN-6973-5068,37,Bihar,Gujarat,Agriculture,893,Highly-skilled,PM-SYM,2026-04-21
MOCK-UAN-2635-5798,61,Karnataka,Karnataka,Domestic Worker,342,Unskilled,eShram,2026-04-28
MOCK-UAN-4855-6134,51,Uttar Pradesh,Andhra Pradesh,Construction,494,Semi-skilled,None,2025-05-23
MOCK-UAN-2722-6270,42,West Bengal,West Bengal,Gig Worker,380,Unskilled,PM-Kisan,2024-12-22
MOCK-UAN-5616-5446,49,Odisha,Odisha,Agriculture,327,Unskilled,PM-Kisan,2024-09-17
MOCK-UAN-1471-9812,56,Jharkhand,Andhra Pradesh,Manufacturing,643,Skilled,PM-SYM,2026-05-27
MOCK-UAN-7374-6337,53,Uttar Pradesh,Maharashtra,Manufacturing,866,Highly-skilled,Ayushman Bharat,2025-06-11
MOCK-UAN-8416-3121,51,Andhra Pradesh,Andhra Pradesh,Gig Worker,996,Highly-skilled,Ayushman Bharat,2025-04-01
MOCK-UAN-1133-6981,-4,West Bengal,Bihar,Domestic Worker,247,Unskilled,PM-SYM,2026-08-31
MOCK-UAN-1007-6442,30,Karnataka,Odisha,Manufacturing,775,Highly-skilled,eShram,2026-07-18
MOCK-UAN-3532-1837,30,Andhra Pradesh,Bihar,Domestic Worker,310,Unskilled,None,2026-04-22
MOCK-UAN-3724-4359,63,Odisha,Gujarat,Gig Worker,430,Unskilled,Ayushman Bharat,2026-06-18
MOCK-UAN-1974-8296,18,Jharkhand,Maharashtra,Domestic Worker,463,Semi-skilled,PM-Kisan,2025-07-27
MOCK-UAN-3534-7699,31,Tamil Nadu,Maharashtra,Agriculture,352,Semi-skilled,None,2025-04-08
MOCK-UAN-9857-8984,59,Uttar Pradesh,Uttar Pradesh,Agriculture,282,Unskilled,PM-SYM,2026-04-12
MOCK-UAN-6951-9592,50,Tamil Nadu,Jharkhand,Domestic Worker,339,Semi-skilled,Ayushman Bharat,2025-10-29
MOCK-UAN-9448-2596,16,Bihar,Bihar,Construction,2500,Highly-skilled,Ayushman Bharat,2026-04-06
MOCK-UAN-4407-1303,62,Jharkhand,Bihar,Agriculture,245,Unskilled,PM-Kisan,2025-06-11
MOCK-UAN-3569-1690,29,Karnataka,Odisha,Domestic Worker,362,Unskilled,Ayushman Bharat,2025-08-17
MOCK-UAN-9870-2325,22,West Bengal,West Bengal,Construction,5,Highly-skilled,eShram,2026-02-22
MOCK-UAN-9455-5929,52,Karnataka,Uttar Pradesh,Construction,304,Unskilled,PM-Kisan,2025-03-12
MOCK-UAN-9466-7518,40,West Bengal,West Bengal,Manufacturing,393,Semi-skilled,PM-SYM,2024-11-11
MOCK-UAN-1368-6824,47,Andhra Pradesh,West Bengal,Agriculture,467,Semi-skilled,Ayushman Bharat,2025-12-16
MOCK-UAN-3406-3111,39,Tamil Nadu,Tamil Nadu,Agriculture,857,Highly-skilled,PM-Kisan,2024-10-10
MOCK-UAN-9965-5399,45,Odisha,Odisha,Construction,355,Unskilled,Ayushman Bharat,2026-08-27
MOCK-UAN-2822-3092,31,Gujarat,Gujarat,Agriculture,425,Semi-skilled,Ayushman Bharat,2026-06-12
MOCK-UAN-5676-8921,61,Andhra Pradesh,Gujarat,Construction,260,Unskilled,None,2026-07-13
MOCK-UAN-3277-6050,62,Uttar Pradesh,Uttar Pradesh,Construction,538,Skilled,None,2026-08-21
MOCK-UAN-3610-5706,52,Karnataka,West Bengal,Manufacturing,461,Semi-skilled,PM-SYM,2026-08-18
MOCK-UAN-6460-8200,26,West Bengal,West Bengal,Domestic Worker,271,Unskilled,PM-SYM,2024-10-22
MOCK-UAN-7841-5093,35,Karnataka,Bihar,Domestic Worker,272,Unskilled,Ayushman Bharat,2026-04-07
MOCK-UAN-1252-6177,54,Karnataka,Karnataka,Manufacturing,484,Semi-skilled,eShram,2025-12-02
MOCK-UAN-4067-9212,48,Gujarat,West Bengal,Agriculture,658,Skilled,Ayushman Bharat,2025-02-04
MOCK-UAN-7776-6304,42,West Bengal,Gujarat,Manufacturing,586,Skilled,PM-Kisan,2026-01-16
MOCK-UAN-7567-6077,50,Karnataka,Andhra Pradesh,Construction,332,Unskilled,eShram,2025-09-01
MOCK-UAN-7638-5342,39,Maharashtra,West Bengal,Domestic Worker,625,Skilled,eShram,2026-05-07
MOCK-UAN-9334-5688,-2,Karnataka,Bihar,Agriculture,532,Skilled,PM-SYM,2025-08-17
MOCK-UAN-7318-4473,30,Karnataka,Tamil Nadu,Construction,361,Unskilled,PM-Kisan,2024-12-30
MOCK-UAN-2976-4241,52,Karnataka,Karnataka,Agriculture,627,Skilled,Ayushman Bharat,2026-04-15
MOCK-UAN-3919-9593,24,Maharashtra,Jharkhand,Agriculture,334,Unskilled,PM-Kisan,2026-07-30
MOCK-UAN-8569-2427,23,West Bengal,Bihar,Manufacturing,803,Highly-skilled,None,2025-07-13
MOCK-UAN-4173-7209,21,Uttar Pradesh,Andhra Pradesh,Domestic Worker,561,Skilled,PM-Kisan,2025-02-20
MOCK-UAN-5231-4659,61,Gujarat,Uttar Pradesh,Manufacturing,556,Skilled,PM-Kisan,2025-04-13
MOCK-UAN-6009-8863,42,West Bengal,Maharashtra,Domestic Worker,904,Highly-skilled,PM-SYM,2025-10-20
MOCK-UAN-2485-9625,60,Karnataka,Karnataka,Manufacturing,624,Skilled,Ayushman Bharat,2026-03-05
MOCK-UAN-9841-5799,30,Bihar,Bihar,Manufacturing,674,Skilled,eShram,2024-11-22
MOCK-UAN-8324-1594,58,Andhra Pradesh,Andhra Pradesh,Gig Worker,375,Unskilled,eShram,2025-06-28
MOCK-UAN-9029-5901,21,Jharkhand,Jharkhand,Domestic Worker,575,Skilled,Ayushman Bharat,2026-06-13
MOCK-UAN-8238-7937,54,Tamil Nadu,Bihar,Gig Worker,1057,Highly-skilled,PM-Kisan,2024-12-16
MOCK-UAN-9126-9493,33,Karnataka,Karnataka,Construction,514,Semi-skilled,Ayushman Bharat,2026-05-03
MOCK-UAN-2787-3802,65,Maharashtra,Maharashtra,Agriculture,663,Skilled,PM-Kisan,2025-03-10
MOCK-UAN-7058-9459,21,Jharkhand,Gujarat,Manufacturing,314,Unskilled,PM-SYM,2025-10-12
MOCK-UAN-8622-5423,31,Tamil Nadu,Uttar Pradesh,Domestic Worker,392,Semi-skilled,PM-Kisan,2025-11-10
MOCK-UAN-9123-1896,27,Maharashtra,Tamil Nadu,Construction,433,Semi-skilled,PM-Kisan,2025-04-25
MOCK-UAN-8939-7354,32,Uttar Pradesh,Maharashtra,Agriculture,822,Highly-skilled,PM-SYM,2025-03-19
MOCK-UAN-7149-4408,33,Tamil Nadu,Bihar,Manufacturing,483,Semi-skilled,PM-Kisan,2026-03-29
MOCK-UAN-9115-1618,28,Tamil Nadu,Gujarat,Construction,709,Skilled,eShram,2025-09-09
MOCK-UAN-2561-8779,26,Maharashtra,Maharashtra,Domestic Worker,692,Skilled,PM-SYM,2025-06-11
MOCK-UAN-6111-9781,41,Jharkhand,Maharashtra,Gig Worker,742,Skilled,Ayushman Bharat,2026-07-17
MOCK-UAN-3760-5202,20,Tamil Nadu,Tamil Nadu,Agriculture,508,Semi-skilled,PM-SYM,2025-11-04
MOCK-UAN-2899-4697,57,Andhra Pradesh,Gujarat,Domestic Worker,420,Semi-skilled,None,2025-09-22
MOCK-UAN-3705-4216,35,Andhra Pradesh,Bihar,Agriculture,842,Highly-skilled,PM-Kisan,2026-07-27
MOCK-UAN-6479-6996,40,Gujarat,Tamil Nadu,Domestic Worker,342,Unskilled,PM-Kisan,2025-02-19
MOCK-UAN-4438-8188,-5,West Bengal,West Bengal,Domestic Worker,320,Unskilled,PM-SYM,2025-09-03
MOCK-UAN-9000-4416,30,West Bengal,Jharkhand,Manufacturing,905,Highly-skilled,PM-SYM,2026-04-29
MOCK-UAN-1164-5980,34,Karnataka,Karnataka,Agriculture,319,Unskilled,PM-SYM,2025-12-24
MOCK-UAN-1254-6458,44,Gujarat,Tamil Nadu,Domestic Worker,316,Unskilled,None,2025-08-11
MOCK-UAN-7502-9140,65,Jharkhand,Maharashtra,Agriculture,514,Semi-skilled,PM-SYM,2025-05-31
MOCK-UAN-2003-7542,33,Bihar,Andhra Pradesh,Manufacturing,964,Highly-skilled,PM-SYM,2025-05-25
MOCK-UAN-4967-6568,55,Bihar,Bihar,Construction,677,Skilled,eShram,2024-11-04
MOCK-UAN-3522-9971,43,Bihar,Maharashtra,Gig Worker,592,Semi-skilled,PM-Kisan,2025-11-10
MOCK-UAN-2976-5416,18,Jharkhand,Jharkhand,Agriculture,625,Skilled,eShram,2025-02-11
MOCK-UAN-3559-3798,36,Maharashtra,Uttar Pradesh,Gig Worker,376,Unskilled,PM-SYM,2026-05-17
MOCK-UAN-3806-9922,60,Jharkhand,Uttar Pradesh,Agriculture,337,Unskilled,PM-Kisan,2026-01-28
MOCK-UAN-4822-6499,32,Jharkhand,Jharkhand,Manufacturing,230,Unskilled,None,2025-06-23
MOCK-UAN-9510-5502,44,Karnataka,Karnataka,Agriculture,352,Unskilled,PM-Kisan,2026-05-18
MOCK-UAN-8509-6945,31,Gujarat,Uttar Pradesh,Construction,440,Semi-skilled,PM-SYM,2026-07-04
MOCK-UAN-1880-7424,33,Maharashtra,Jharkhand,Manufacturing,464,Semi-skilled,PM-SYM,2025-08-23
MOCK-UAN-3684-7904,22,Karnataka,Karnataka,Gig Worker,957,Highly-skilled,eShram,2025-06-22
MOCK-UAN-9932-8711,63,Karnataka,Karnataka,Gig Worker,577,Semi-skilled,Ayushman Bharat,2025-04-01
MOCK-UAN-3559-2049,35,Gujarat,Jharkhand,Gig Worker,548,Semi-skilled,eShram,2026-03-11
MOCK-UAN-4224-9553,64,Bihar,Gujarat,Gig Worker,470,Semi-skilled,eShram,2025-08-26
MOCK-UAN-1457-7304,27,Karnataka,Karnataka,Domestic Worker,621,Skilled,PM-SYM,2025-05-03
MOCK-UAN-3814-6103,39,Jharkhand,Maharashtra,Agriculture,9,Skilled,None,2025-12-12
MOCK-UAN-9559-4612,54,Maharashtra,Maharashtra,Agriculture,344,Unskilled,Ayushman Bharat,2025-11-13
MOCK-UAN-4099-4221,59,Karnataka,Tamil Nadu,Gig Worker,700,Skilled,PM-Kisan,2025-05-12
MOCK-UAN-9557-8320,50,Odisha,Bihar,Domestic Worker,319,Unskilled,Ayushman Bharat,2025-05-21
MOCK-UAN-5390-6575,17,Karnataka,Tamil Nadu,Construction,2500,Highly-skilled,Ayushman Bharat,2026-06-23
MOCK-UAN-4130-1229,18,Karnataka,Gujarat,Construction,920,Highly-skilled,PM-Kisan,2025-07-22
MOCK-UAN-5882-7452,61,Karnataka,Tamil Nadu,Gig Worker,377,Unskilled,Ayushman Bharat,2026-03-29
MOCK-UAN-7008-7239,41,Andhra Pradesh,Karnataka,Domestic Worker,492,Semi-skilled,eShram,2025-12-28
MOCK-UAN-1011-3829,39,Jharkhand,Jharkhand,Agriculture,683,Skilled,PM-SYM,2025-01-06
MOCK-UAN-2017-7028,40,Gujarat,Uttar Pradesh,Construction,459,Semi-skilled,None,2026-07-22
MOCK-UAN-7895-9313,19,Odisha,Odisha,Construction,703,Skilled,PM-Kisan,2025-10-31
MOCK-UAN-1580-5069,30,Gujarat,Gujarat,Gig Worker,591,Skilled,Ayushman Bharat,2025-04-06
MOCK-UAN-3553-1384,45,Tamil Nadu,Maharashtra,Gig Worker,940,Highly-skilled,PM-SYM,2025-07-14
MOCK-UAN-5888-1961,62,Maharashtra,Gujarat,Gig Worker,652,Skilled,eShram,2026-05-22
MOCK-UAN-7738-9740,33,Andhra Pradesh,Andhra Pradesh,Agriculture,382,Semi-skilled,PM-SYM,2025-04-24
MOCK-UAN-7583-5516,14,Karnataka,Odisha,Manufacturing,2500,Highly-skilled,None,2025-12-07
MOCK-UAN-7247-5759,36,Jharkhand,Uttar Pradesh,Construction,970,Highly-skilled,PM-SYM,2025-12-30
MOCK-UAN-1651-2133,64,Andhra Pradesh,Tamil Nadu,Agriculture,289,Unskilled,Ayushman Bharat,2025-10-21
MOCK-UAN-5871-3110,24,Bihar,Bihar,Manufacturing,618,Skilled,PM-Kisan,2025-05-19
MOCK-UAN-2139-1895,60,Andhra Pradesh,Uttar Pradesh,Construction,684,Skilled,PM-Kisan,2025-03-11
MOCK-UAN-5640-4407,19,Gujarat,Uttar Pradesh,Construction,513,Semi-skilled,PM-SYM,2024-11-14
MOCK-UAN-5497-4390,22,Andhra Pradesh,Andhra Pradesh,Agriculture,332,Unskilled,eShram,2024-12-14
MOCK-UAN-9555-9414,47,West Bengal,Gujarat,Manufacturing,296,Unskilled,None,2025-12-14
MOCK-UAN-6860-2896,35,Bihar,Uttar Pradesh,Agriculture,240,Unskilled,Ayushman Bharat,2025-04-09
MOCK-UAN-3155-8501,48,Andhra Pradesh,Andhra Pradesh,Construction,702,Skilled,eShram,2026-03-21
MOCK-UAN-2715-6487,25,Bihar,Karnataka,Gig Worker,970,Highly-skilled,PM-SYM,2025-06-04
MOCK-UAN-7058-4158,34,Bihar,Jharkhand,Manufacturing,553,Skilled,PM-SYM,2026-06-23
MOCK-UAN-9174-4060,38,Tamil Nadu,Andhra Pradesh,Manufacturing,441,Semi-skilled,None,2026-05-05
MOCK-UAN-6274-1521,52,Uttar Pradesh,Jharkhand,Agriculture,254,Unskilled,PM-Kisan,2026-02-26
MOCK-UAN-1564-8020,61,Odisha,Maharashtra,Gig Worker,979,Highly-skilled,PM-SYM,2024-12-25
MOCK-UAN-4892-2218,55,Bihar,Bihar,Agriculture,317,Unskilled,PM-SYM,2026-05-17
MOCK-UAN-9275-2872,28,Odisha,Bihar,Domestic Worker,467,Semi-skilled,eShram,2026-02-25
MOCK-UAN-6011-2259,39,Odisha,Odisha,Agriculture,405,Semi-skilled,Ayushman Bharat,2025-06-13
MOCK-UAN-5880-6419,20,Jharkhand,Tamil Nadu,Gig Worker,975,Highly-skilled,eShram,2026-03-14
MOCK-UAN-8102-7450,45,Uttar Pradesh,Bihar,Construction,703,Skilled,PM-SYM,2025-03-09
MOCK-UAN-3222-8673,27,Uttar Pradesh,Karnataka,Manufacturing,924,Highly-skilled,None,2026-06-09
MOCK-UAN-7314-8463,47,West Bengal,Karnataka,Construction,603,Semi-skilled,Ayushman Bharat,2024-11-09
MOCK-UAN-4655-6873,23,Maharashtra,Bihar,Agriculture,959,Highly-skilled,PM-Kisan,2026-06-08
MOCK-UAN-8082-7313,23,Gujarat,Gujarat,Construction,407,Unskilled,None,2025-02-16
MOCK-UAN-6331-2919,61,Jharkhand,Karnataka,Construction,880,Highly-skilled,PM-Kisan,2025-11-22
MOCK-UAN-2432-1326,53,Uttar Pradesh,Maharashtra,Domestic Worker,338,Unskilled,PM-Kisan,2025-03-18
MOCK-UAN-8823-7407,48,Maharashtra,Maharashtra,Construction,947,Highly-skilled,eShram,2025-04-14
MOCK-UAN-6676-1721,43,Gujarat,Gujarat,Manufacturing,872,Highly-skilled,PM-SYM,2025-08-29
MOCK-UAN-9620-1434,59,Andhra Pradesh,Bihar,Domestic Worker,308,Unskilled,PM-Kisan,2026-05-02
MOCK-UAN-9274-1584,40,Tamil Nadu,Tamil Nadu,Agriculture,647,Skilled,PM-SYM,2026-05-07
MOCK-UAN-5717-2106,26,Uttar Pradesh,Bihar,Manufacturing,325,Unskilled,Ayushman Bharat,2024-09-28
MOCK-UAN-1693-8212,43,Bihar,Odisha,Construction,606,Skilled,PM-Kisan,2026-03-18
MOCK-UAN-9082-9550,34,Odisha,Jharkhand,Construction,987,Highly-skilled,None,2025-06-27
MOCK-UAN-2533-2948,48,Gujarat,Tamil Nadu,Construction,318,Unskilled,Ayushman Bharat,2025-03-26
MOCK-UAN-6554-4261,65,Bihar,West Bengal,Agriculture,460,Semi-skilled,eShram,2026-06-12
MOCK-UAN-9820-5059,53,Gujarat,Maharashtra,Domestic Worker,284,Unskilled,eShram,2025-11-23
MOCK-UAN-8034-8243,41,Gujarat,Tamil Nadu,Gig Worker,689,Skilled,PM-SYM,2025-08-04
MOCK-UAN-9090-5660,30,Odisha,Odisha,Manufacturing,338,Unskilled,PM-Kisan,2025-06-02
MOCK-UAN-1422-4399,49,West Bengal,Andhra Pradesh,Construction,297,Unskilled,eShram,2026-06-05
MOCK-UAN-4921-5212,24,Gujarat,Andhra Pradesh,Domestic Worker,997,Highly-skilled,Ayushman Bharat,2026-01-28
MOCK-UAN-9761-6792,25,Gujarat,Andhra Pradesh,Manufacturing,808,Highly-skilled,Ayushman Bharat,2025-07-31
MOCK-UAN-1786-5598,32,Odisha,Gujarat,Construction,920,Highly-skilled,eShram,2025-01-21
MOCK-UAN-8638-8273,26,Gujarat,Tamil Nadu,Agriculture,318,Unskilled,eShram,2026-06-21
MOCK-UAN-5952-7754,40,Tamil Nadu,Bihar,Domestic Worker,629,Skilled,None,2026-03-22
MOCK-UAN-7565-5098,57,Odisha,Odisha,Gig Worker,994,Highly-skilled,Ayushman Bharat,2026-06-02
MOCK-UAN-3887-4822,52,Uttar Pradesh,Karnataka,Construction,647,Skilled,Ayushman Bharat,2025-06-03
MOCK-UAN-4679-8228,32,Gujarat,Gujarat,Construction,370,Unskilled,PM-Kisan,2025-08-18
MOCK-UAN-4649-8665,56,Uttar Pradesh,Maharashtra,Construction,488,Semi-skilled,Ayushman Bharat,2025-03-18
MOCK-UAN-1262-1213,28,Uttar Pradesh,Uttar Pradesh,Gig Worker,1069,Highly-skilled,PM-Kisan,2026-05-13
MOCK-UAN-2284-6199,22,Jharkhand,Karnataka,Manufacturing,941,Highly-skilled,PM-SYM,2026-03-04
MOCK-UAN-7699-1724,23,Andhra Pradesh,Karnataka,Agriculture,4,Highly-skilled,PM-Kisan,2025-04-24
MOCK-UAN-7054-7906,41,West Bengal,Maharashtra,Domestic Worker,551,Skilled,Ayushman Bharat,2026-09-04
MOCK-UAN-1680-5924,64,Uttar Pradesh,Uttar Pradesh,Construction,496,Semi-skilled,PM-Kisan,2026-04-01
MOCK-UAN-9634-4252,65,Uttar Pradesh,Karnataka,Domestic Worker,284,Unskilled,PM-Kisan,2025-01-15
MOCK-UAN-5820-9700,43,Andhra Pradesh,Karnataka,Agriculture,399,Semi-skilled,eShram,2026-08-19
MOCK-UAN-4652-2257,40,Maharashtra,Andhra Pradesh,Manufacturing,318,Unskilled,PM-Kisan,2024-10-28
MOCK-UAN-9632-9129,51,Gujarat,Gujarat,Construction,623,Skilled,PM-SYM,2026-02-24
MOCK-UAN-4701-4911,35,Tamil Nadu,Odisha,Gig Worker,732,Skilled,Ayushman Bharat,2025-06-21
MOCK-UAN-9322-4419,30,Karnataka,Bihar,Agriculture,846,Highly-skilled,Ayushman Bharat,2025-02-10
MOCK-UAN-1387-8501,37,Maharashtra,Jharkhand,Construction,585,Semi-skilled,PM-Kisan,2025-09-14
MOCK-UAN-1975-1909,46,West Bengal,Karnataka,Agriculture,555,Skilled,PM-SYM,2024-10-20
MOCK-UAN-4114-6221,48,Gujarat,Gujarat,Gig Worker,1010,Highly-skilled,None,2025-04-16
MOCK-UAN-7374-2113,35,Jharkhand,Jharkhand,Manufacturing,639,Skilled,PM-SYM,2025-09-14
MOCK-UAN-2526-8119,65,Maharashtra,Gujarat,Manufacturing,871,Highly-skilled,PM-SYM,2026-07-03
MOCK-UAN-3560-5332,59,Maharashtra,Odisha,Agriculture,342,Unskilled,None,2025-06-12
MOCK-UAN-9117-8767,30,Andhra Pradesh,Andhra Pradesh,Construction,588,Skilled,None,2025-04-20
MOCK-UAN-7190-6022,19,Andhra Pradesh,Maharashtra,Agriculture,972,Highly-skilled,PM-Kisan,2025-04-10
MOCK-UAN-6407-7989,26,Karnataka,Odisha,Manufacturing,900,Highly-skilled,None,2025-10-11
MOCK-UAN-1002-3196,32,Uttar Pradesh,Uttar Pradesh,Manufacturing,270,Unskilled,Ayushman Bharat,2026-05-09
MOCK-UAN-1106-3092,52,Jharkhand,Gujarat,Manufacturing,585,Skilled,eShram,2026-04-21
MOCK-UAN-7167-8842,41,Gujarat,Tamil Nadu,Agriculture,640,Skilled,Ayushman Bharat,2024-09-29
MOCK-UAN-5996-9358,54,Maharashtra,Maharashtra,Agriculture,570,Skilled,Ayushman Bharat,2025-05-15
MOCK-UAN-5888-3777,29,Andhra Pradesh,Andhra Pradesh,Agriculture,862,Highly-skilled,PM-SYM,2025-08-20
MOCK-UAN-5259-9108,43,Tamil Nadu,Maharashtra,Domestic Worker,288,Unskilled,PM-SYM,2026-04-13
MOCK-UAN-8675-7309,62,Odisha,Karnataka,Construction,591,Skilled,eShram,2026-02-20
MOCK-UAN-3404-9510,46,Bihar,Bihar,Agriculture,541,Semi-skilled,Ayushman Bharat,2026-07-14
MOCK-UAN-5366-4681,19,Jharkhand,Jharkhand,Domestic Worker,871,Highly-skilled,eShram,2026-03-31
MOCK-UAN-5428-3895,35,Andhra Pradesh,Tamil Nadu,Domestic Worker,341,Unskilled,Ayushman Bharat,2026-08-31
MOCK-UAN-9604-7311,62,Odisha,Odisha,Domestic Worker,310,Unskilled,PM-Kisan,2026-09-14
MOCK-UAN-4266-5176,60,Jharkhand,Tamil Nadu,Manufacturing,850,Highly-skilled,PM-SYM,2025-01-07
MOCK-UAN-8472-4170,48,West Bengal,Gujarat,Construction,949,Highly-skilled,eShram,2024-11-20
MOCK-UAN-4467-7194,48,Bihar,Odisha,Manufacturing,489,Semi-skilled,PM-SYM,2026-04-19
MOCK-UAN-2922-7517,45,Gujarat,Gujarat,Construction,940,Highly-skilled,eShram,2025-07-30
MOCK-UAN-7506-9938,51,Odisha,Odisha,Manufacturing,959,Highly-skilled,None,2025-03-10
MOCK-UAN-2245-9228,26,Jharkhand,Maharashtra,Gig Worker,751,Skilled,None,2025-11-03
MOCK-UAN-7940-8208,20,Karnataka,West Bengal,Construction,695,Skilled,PM-Kisan,2026-07-28
MOCK-UAN-8540-3309,39,Karnataka,Jharkhand,Gig Worker,677,Skilled,eShram,2026-05-19
MOCK-UAN-1424-4098,36,Bihar,West Bengal,Gig Worker,646,Skilled,Ayushman Bharat,2025-05-27
MOCK-UAN-2570-2072,40,Tamil Nadu,Jharkhand,Gig Worker,369,Unskilled,PM-Kisan,2025-01-08
MOCK-UAN-6459-2380,-1,Bihar,Bihar,Construction,959,Highly-skilled,PM-SYM,2025-12-04
MOCK-UAN-8003-4234,25,Maharashtra,Karnataka,Agriculture,627,Skilled,eShram,2025-05-06
MOCK-UAN-6714-6282,18,Maharashtra,Maharashtra,Gig Worker,441,Semi-skilled,eShram,2026-05-10
MOCK-UAN-7610-8391,38,Odisha,Tamil Nadu,Domestic Worker,899,Highly-skilled,None,2024-10-28
MOCK-UAN-8865-1030,41,Gujarat,Jharkhand,Agriculture,457,Semi-skilled,eShram,2025-04-11
MOCK-UAN-6023-7076,42,Maharashtra,Maharashtra,Manufacturing,436,Semi-skilled,None,2026-02-09
MOCK-UAN-7870-5920,60,Uttar Pradesh,Uttar Pradesh,Domestic Worker,364,Unskilled,PM-SYM,2026-07-24
MOCK-UAN-4178-3167,44,Karnataka,Karnataka,Domestic Worker,471,Semi-skilled,PM-SYM,2025-10-06
MOCK-UAN-1377-5501,26,Odisha,Jharkhand,Construction,415,Unskilled,PM-Kisan,2025-03-13
MOCK-UAN-5303-4481,59,Tamil Nadu,West Bengal,Domestic Worker,439,Semi-skilled,PM-SYM,2026-04-27
MOCK-UAN-4392-9235,48,Jharkhand,Jharkhand,Construction,546,Semi-skilled,PM-SYM,2025-04-23
MOCK-UAN-9278-4145,55,Odisha,Odisha,Construction,431,Unskilled,Ayushman Bharat,2024-09-17
MOCK-UAN-7021-6724,37,Karnataka,Karnataka,Construction,1015,Highly-skilled,PM-Kisan,2024-11-16
MOCK-UAN-7361-9402,20,Maharashtra,Andhra Pradesh,Construction,595,Skilled,Ayushman Bharat,2025-11-19
MOCK-UAN-2298-4286,25,Uttar Pradesh,Maharashtra,Manufacturing,287,Unskilled,Ayushman Bharat,2026-02-02
MOCK-UAN-4043-2677,65,Bihar,Gujarat,Agriculture,582,Skilled,PM-Kisan,2026-06-23
MOCK-UAN-3130-2343,61,Karnataka,Bihar,Domestic Worker,924,Highly-skilled,PM-Kisan,2026-04-13
MOCK-UAN-5797-2077,49,Gujarat,Jharkhand,Construction,684,Skilled,PM-Kisan,2025-07-21
MOCK-UAN-4342-7519,19,Odisha,Odisha,Construction,908,Highly-skilled,PM-Kisan,2026-05-27
MOCK-UAN-4550-7821,19,Odisha,Maharashtra,Domestic Worker,603,Skilled,Ayushman Bharat,2026-06-23
MOCK-UAN-4204-5370,56,Karnataka,Andhra Pradesh,Construction,849,Highly-skilled,PM-SYM,2025-01-12
MOCK-UAN-6484-4300,58,Andhra Pradesh,Maharashtra,Agriculture,972,Highly-skilled,eShram,2025-07-27
MOCK-UAN-9958-9839,19,Uttar Pradesh,Uttar Pradesh,Manufacturing,274,Unskilled,Ayushman Bharat,2025-11-10
MOCK-UAN-6414-6287,40,Bihar,Bihar,Domestic Worker,452,Semi-skilled,eShram,2025-06-15
MOCK-UAN-5738-2634,23,Odisha,Maharashtra,Domestic Worker,284,Unskilled,PM-SYM,2025-05-13
MOCK-UAN-2205-7495,43,Karnataka,Andhra Pradesh,Domestic Worker,657,Skilled,eShram,2024-11-28
MOCK-UAN-6443-9262,42,West Bengal,West Bengal,Construction,508,Skilled,eShram,2026-05-28
MOCK-UAN-1229-1535,50,West Bengal,Jharkhand,Agriculture,599,Skilled,None,2026-02-23
MOCK-UAN-9918-1738,30,Karnataka,West Bengal,Manufacturing,444,Semi-skilled,PM-SYM,2025-06-21
MOCK-UAN-6011-9509,40,Maharashtra,Maharashtra,Manufacturing,577,Skilled,PM-Kisan,2025-12-28
MOCK-UAN-2272-4094,34,Andhra Pradesh,Andhra Pradesh,Agriculture,9,Unskilled,Ayushman Bharat,2024-09-29
MOCK-UAN-2177-2654,33,Gujarat,Andhra Pradesh,Construction,305,Unskilled,Ayushman Bharat,2026-02-24
MOCK-UAN-5987-2788,64,Jharkhand,Jharkhand,Agriculture,338,Unskilled,PM-SYM,2026-05-04
MOCK-UAN-6330-3710,38,Tamil Nadu,Tamil Nadu,Domestic Worker,917,Highly-skilled,eShram,2025-08-11
MOCK-UAN-8067-2283,35,Uttar Pradesh,Jharkhand,Domestic Worker,963,Highly-skilled,PM-SYM,2024-11-18
MOCK-UAN-1959-4125,60,Jharkhand,Maharashtra,Domestic Worker,566,Skilled,PM-SYM,2026-02-05
MOCK-UAN-2795-2813,24,Uttar Pradesh,Maharashtra,Gig Worker,663,Skilled,PM-SYM,2026-05-21
MOCK-UAN-6616-3220,61,Gujarat,Gujarat,Gig Worker,454,Unskilled,None,2025-11-11
MOCK-UAN-5891-9458,23,Andhra Pradesh,Jharkhand,Gig Worker,571,Semi-skilled,eShram,2025-05-19
MOCK-UAN-7251-6525,41,Gujarat,Gujarat,Gig Worker,472,Semi-skilled,eShram,2026-03-30
MOCK-UAN-4148-7360,50,Uttar Pradesh,Maharashtra,Agriculture,573,Skilled,None,2026-06-16
MOCK-UAN-5322-1913,38,Maharashtra,Andhra Pradesh,Agriculture,619,Skilled,PM-SYM,2026-06-06
MOCK-UAN-5429-3651,51,Bihar,Uttar Pradesh,Manufacturing,491,Semi-skilled,Ayushman Bharat,2025-12-15
MOCK-UAN-2405-1430,62,West Bengal,Karnataka,Agriculture,266,Unskilled,PM-SYM,2025-10-01
MOCK-UAN-6731-8545,54,West Bengal,West Bengal,Construction,504,Skilled,Ayushman Bharat,2025-06-12
MOCK-UAN-7030-3743,57,Gujarat,Tamil Nadu,Gig Worker,5390,Semi-skilled,PM-SYM,2025-04-09
MOCK-UAN-9593-8856,59,Jharkhand,Andhra Pradesh,Gig Worker,338,Unskilled,eShram,2025-04-13
MOCK-UAN-6150-2742,59,Maharashtra,Maharashtra,Gig Worker,299,Unskilled,Ayushman Bharat,2026-06-17
MOCK-UAN-9038-9449,25,Maharashtra,Gujarat,Manufacturing,308,Semi-skilled,Ayushman Bharat,2026-04-09
MOCK-UAN-2070-4598,19,Andhra Pradesh,Uttar Pradesh,Construction,690,Skilled,None,2025-07-21
MOCK-UAN-4029-2370,36,Maharashtra,West Bengal,Domestic Worker,306,Unskilled,Ayushman Bharat,2025-08-24
MOCK-UAN-3262-3181,48,Karnataka,Jharkhand,Manufacturing,288,Unskilled,Ayushman Bharat,2026-04-14
MOCK-UAN-8750-9489,46,Jharkhand,Karnataka,Agriculture,369,Unskilled,PM-SYM,2025-04-19
MOCK-UAN-8337-8118,36,Odisha,Odisha,Manufacturing,481,Semi-skilled,None,2026-09-08
MOCK-UAN-4567-7731,50,Andhra Pradesh,Andhra Pradesh,Manufacturing,380,Unskilled,PM-SYM,2026-06-07
MOCK-UAN-9177-6147,21,Tamil Nadu,Tamil Nadu,Gig Worker,15936,Unskilled,PM-SYM,2025-04-24
MOCK-UAN-5619-3332,26,Tamil Nadu,Tamil Nadu,Gig Worker,548,Semi-skilled,eShram,2025-04-18
MOCK-UAN-2404-5989,32,Maharashtra,Bihar,Manufacturing,819,Highly-skilled,PM-Kisan,2026-07-27
MOCK-UAN-6036-7771,55,Karnataka,Bihar,Construction,638,Skilled,PM-SYM,2025-06-15
MOCK-UAN-3103-4930,55,Andhra Pradesh,Andhra Pradesh,Manufacturing,287,Unskilled,Ayushman Bharat,2026-07-09
MOCK-UAN-9450-7564,18,Jharkhand,Maharashtra,Gig Worker,1031,Highly-skilled,eShram,2025-07-21
MOCK-UAN-9347-9810,64,Uttar Pradesh,Uttar Pradesh,Domestic Worker,452,Semi-skilled,None,2024-11-24
MOCK-UAN-8564-9140,40,Andhra Pradesh,Bihar,Agriculture,931,Highly-skilled,PM-SYM,2024-11-23
MOCK-UAN-9154-9660,34,Uttar Pradesh,Andhra Pradesh,Gig Worker,1035,Highly-skilled,Ayushman Bharat,2026-02-18
MOCK-UAN-3785-5524,37,Maharashtra,Uttar Pradesh,Manufacturing,1007,Highly-skilled,None,2024-11-07
MOCK-UAN-9826-7508,65,Karnataka,Odisha,Domestic Worker,284,Unskilled,None,2024-11-23
MOCK-UAN-9024-8217,59,Maharashtra,West Bengal,Manufacturing,552,Skilled,PM-Kisan,2025-11-16
MOCK-UAN-9484-5778,41,Jharkhand,Uttar Pradesh,Gig Worker,412,Unskilled,PM-Kisan,2025-05-11
MOCK-UAN-5667-2980,31,Tamil Nadu,Gujarat,Agriculture,859,Highly-skilled,PM-Kisan,2025-12-26
MOCK-UAN-1489-8541,56,Andhra Pradesh,West Bengal,Construction,724,Skilled,Ayushman Bharat,2025-08-26
MOCK-UAN-1439-1322,22,Karnataka,Uttar Pradesh,Construction,485,Semi-skilled,None,2025-03-10
MOCK-UAN-3873-2776,58,Jharkhand,Odisha,Agriculture,871,Highly-skilled,None,2026-05-12
MOCK-UAN-6602-3663,38,Bihar,Tamil Nadu,Domestic Worker,576,Skilled,None,2025-05-05
MOCK-UAN-5418-4539,46,Uttar Pradesh,Jharkhand,Gig Worker,435,Unskilled,eShram,2026-04-14
MOCK-UAN-5793-7648,20,Karnataka,Tamil Nadu,Gig Worker,392,Unskilled,PM-SYM,2025-06-27
MOCK-UAN-7871-1771,57,Gujarat,Maharashtra,Manufacturing,417,Semi-skilled,Ayushman Bharat,2026-04-04
MOCK-UAN-6611-7385,64,Odisha,Jharkhand,Construction,733,Skilled,PM-SYM,2025-11-21
MOCK-UAN-1682-7503,54,Gujarat,Gujarat,Construction,607,Skilled,PM-Kisan,2026-03-01
MOCK-UAN-6754-3074,31,Gujarat,Uttar Pradesh,Construction,351,Unskilled,PM-SYM,2024-10-19
MOCK-UAN-3795-1543,52,Odisha,Gujarat,Construction,682,Skilled,PM-SYM,2026-04-27
MOCK-UAN-6940-2963,62,Karnataka,Gujarat,Manufacturing,368,Semi-skilled,PM-Kisan,2025-05-08
MOCK-UAN-2320-5433,61,Maharashtra,Jharkhand,Gig Worker,424,Unskilled,None,2024-11-01
MOCK-UAN-4555-2288,61,Andhra Pradesh,Andhra Pradesh,Manufacturing,397,Semi-skilled,eShram,2025-02-08
MOCK-UAN-5158-6447,50,Odisha,Gujarat,Manufacturing,641,Skilled,eShram,2026-03-22
MOCK-UAN-1540-2344,49,Gujarat,Gujarat,Manufacturing,851,Highly-skilled,eShram,2026-02-11
MOCK-UAN-9453-1939,25,Bihar,Uttar Pradesh,Construction,684,Skilled,eShram,2026-08-19
MOCK-UAN-3464-4405,51,Maharashtra,Jharkhand,Gig Worker,605,Semi-skilled,None,2026-02-02
MOCK-UAN-5419-5694,51,Andhra Pradesh,Uttar Pradesh,Gig Worker,743,Skilled,Ayushman Bharat,2026-04-01
MOCK-UAN-7539-9992,34,Gujarat,Bihar,Gig Worker,1012,Highly-skilled,PM-SYM,2025-10-25
MOCK-UAN-7003-6322,58,Uttar Pradesh,Maharashtra,Gig Worker,988,Highly-skilled,PM-SYM,2025-06-13
MOCK-UAN-2268-7316,57,Andhra Pradesh,Karnataka,Construction,321,Unskilled,eShram,2026-06-02
MOCK-UAN-7008-5317,36,Bihar,Andhra Pradesh,Agriculture,523,Semi-skilled,None,2026-01-04
MOCK-UAN-3735-7790,47,Andhra Pradesh,Uttar Pradesh,Agriculture,865,Highly-skilled,eShram,2025-05-16
MOCK-UAN-4061-5492,43,Uttar Pradesh,Uttar Pradesh,Manufacturing,248,Unskilled,Ayushman Bharat,2026-03-19
MOCK-UAN-6853-2415,23,Odisha,Gujarat,Agriculture,933,Highly-skilled,eShram,2025-03-14
MOCK-UAN-7623-8949,56,Bihar,Bihar,Construction,910,Highly-skilled,PM-Kisan,2025-06-23
MOCK-UAN-3807-8440,29,Odisha,Uttar Pradesh,Gig Worker,502,Semi-skilled,eShram,2025-04-18
MOCK-UAN-5214-2158,53,Karnataka,West Bengal,Manufacturing,227,Unskilled,None,2025-11-03
MOCK-UAN-8939-3650,28,Uttar Pradesh,Uttar Pradesh,Agriculture,425,Semi-skilled,None,2026-04-22
MOCK-UAN-5630-1780,50,Maharashtra,Maharashtra,Gig Worker,995,Highly-skilled,PM-Kisan,2025-04-26
MOCK-UAN-2841-6761,58,Odisha,Gujarat,Manufacturing,912,Highly-skilled,None,2026-07-06
MOCK-UAN-9881-1362,48,Odisha,Tamil Nadu,Gig Worker,447,Unskilled,PM-SYM,2026-05-12
MOCK-UAN-1221-4304,62,Gujarat,Gujarat,Construction,676,Skilled,None,2024-09-20
MOCK-UAN-1584-4847,32,Karnataka,Karnataka,Agriculture,440,Semi-skilled,PM-SYM,2025-04-24
MOCK-UAN-5729-8365,29,Karnataka,Karnataka,Gig Worker,540,Semi-skilled,eShram,2026-08-17
MOCK-UAN-9246-5560,54,Tamil Nadu,West Bengal,Manufacturing,475,Semi-skilled,PM-Kisan,2025-05-25
MOCK-UAN-5039-7475,64,Odisha,Odisha,Domestic Worker,513,Semi-skilled,eShram,2025-04-26
MOCK-UAN-9438-2400,18,Tamil Nadu,Tamil Nadu,Construction,2500,Highly-skilled,PM-SYM,2026-07-27
MOCK-UAN-9293-1504,56,West Bengal,Andhra Pradesh,Agriculture,276,Unskilled,PM-Kisan,2025-04-15
MOCK-UAN-3899-8169,27,Uttar Pradesh,Uttar Pradesh,Agriculture,400,Semi-skilled,eShram,2026-01-23
MOCK-UAN-5243-3229,42,Karnataka,Jharkhand,Manufacturing,377,Semi-skilled,eShram,2025-05-08
MOCK-UAN-3392-6244,21,Bihar,Uttar Pradesh,Gig Worker,1033,Highly-skilled,Ayushman Bharat,2025-05-27
MOCK-UAN-2122-7915,18,West Bengal,Uttar Pradesh,Domestic Worker,628,Skilled,PM-SYM,2025-05-27
MOCK-UAN-1076-6587,47,Tamil Nadu,Tamil Nadu,Domestic Worker,928,Highly-skilled,None,2025-07-24
MOCK-UAN-8846-2076,61,Bihar,Uttar Pradesh,Gig Worker,393,Unskilled,None,2026-06-23
MOCK-UAN-2429-9803,34,Gujarat,Tamil Nadu,Construction,1020,Highly-skilled,eShram,2025-12-02
MOCK-UAN-9332-6574,22,Gujarat,Karnataka,Agriculture,575,Skilled,PM-Kisan,2026-06-10
MOCK-UAN-2232-7211,44,Odisha,Andhra Pradesh,Gig Worker,597,Semi-skilled,eShram,2025-10-07
MOCK-UAN-6019-6692,61,Bihar,Bihar,Gig Worker,998,Highly-skilled,PM-SYM,2025-04-10
MOCK-UAN-2697-7850,27,Gujarat,West Bengal,Manufacturing,869,Highly-skilled,Ayushman Bharat,2026-09-10
MOCK-UAN-3423-3967,27,Bihar,Bihar,Agriculture,479,Semi-skilled,PM-SYM,2026-05-12
MOCK-UAN-4142-9408,23,Odisha,Maharashtra,Agriculture,920,Highly-skilled,eShram,2024-12-30
MOCK-UAN-2653-1512,60,Jharkhand,Gujarat,Domestic Worker,467,Semi-skilled,PM-Kisan,2026-04-06
MOCK-UAN-8765-2656,19,Uttar Pradesh,Gujarat,Construction,504,Semi-skilled,Ayushman Bharat,2026-07-12
MOCK-UAN-4305-5829,32,Bihar,Bihar,Construction,348,Unskilled,None,2025-05-08
MOCK-UAN-4204-6705,34,Karnataka,Karnataka,Agriculture,719,Skilled,eShram,2025-05-21
MOCK-UAN-9288-3725,38,Uttar Pradesh,Karnataka,Domestic Worker,509,Semi-skilled,eShram,2024-10-18
MOCK-UAN-9837-3178,54,Odisha,Odisha,Agriculture,636,Skilled,PM-Kisan,2025-05-15
MOCK-UAN-2941-7842,54,Bihar,Bihar,Domestic Worker,305,Unskilled,None,2025-03-14
MOCK-UAN-5806-4202,24,Uttar Pradesh,Karnataka,Agriculture,1,Unskilled,eShram,2025-04-25
MOCK-UAN-8104-2818,32,Gujarat,Uttar Pradesh,Manufacturing,325,Unskilled,None,2024-12-26
MOCK-UAN-1177-6221,35,Maharashtra,Andhra Pradesh,Manufacturing,451,Semi-skilled,None,2025-06-09
MOCK-UAN-8927-1066,44,Odisha,Odisha,Agriculture,434,Semi-skilled,PM-SYM,2025-04-22
MOCK-UAN-7354-8390,26,Odisha,Jharkhand,Construction,645,Skilled,PM-SYM,2026-04-05
MOCK-UAN-4201-2067,57,Bihar,Bihar,Manufacturing,741,Highly-skilled,Ayushman Bharat,2026-08-22
MOCK-UAN-7309-5224,49,Uttar Pradesh,Bihar,Domestic Worker,460,Semi-skilled,Ayushman Bharat,2025-09-02
MOCK-UAN-2977-8422,39,Tamil Nadu,Tamil Nadu,Agriculture,875,Highly-skilled,PM-SYM,2026-06-28
MOCK-UAN-5454-1800,32,Odisha,Odisha,Gig Worker,1079,Highly-skilled,None,2025-08-25
MOCK-UAN-8209-7851,55,Andhra Pradesh,Jharkhand,Agriculture,450,Semi-skilled,Ayushman Bharat,2026-07-22
MOCK-UAN-6777-7427,30,Gujarat,Gujarat,Construction,440,Semi-skilled,PM-Kisan,2025-08-19
MOCK-UAN-3629-9308,51,Jharkhand,Uttar Pradesh,Gig Worker,997,Highly-skilled,None,2026-02-21
MOCK-UAN-6057-4320,40,West Bengal,West Bengal,Agriculture,247,Unskilled,PM-Kisan,2026-01-02
MOCK-UAN-8637-7705,33,West Bengal,Gujarat,Domestic Worker,473,Semi-skilled,eShram,2025-08-23
MOCK-UAN-5419-4712,49,Gujarat,Karnataka,Gig Worker,1014,Highly-skilled,PM-SYM,2024-12-02
MOCK-UAN-2898-8163,41,Maharashtra,Maharashtra,Agriculture,647,Skilled,Ayushman Bharat,2025-04-02
MOCK-UAN-7050-1780,45,Odisha,Tamil Nadu,Domestic Worker,410,Semi-skilled,PM-Kisan,2025-06-11
MOCK-UAN-4857-2001,56,Odisha,Odisha,Gig Worker,701,Skilled,Ayushman Bharat,2026-08-27
MOCK-UAN-2989-8318,55,Maharashtra,Maharashtra,Domestic Worker,531,Skilled,eShram,2024-12-11
MOCK-UAN-2944-5314,28,Bihar,Tamil Nadu,Construction,985,Highly-skilled,None,2026-06-12
MOCK-UAN-9103-5287,20,Uttar Pradesh,Gujarat,Gig Worker,1025,Highly-skilled,None,2024-10-05
MOCK-UAN-5120-8567,45,Gujarat,Gujarat,Gig Worker,424,Unskilled,None,2026-07-21
MOCK-UAN-9003-6250,22,Andhra Pradesh,Karnataka,Agriculture,300,Unskilled,PM-Kisan,2026-04-09
MOCK-UAN-7686-2680,41,Andhra Pradesh,Jharkhand,Manufacturing,320,Unskilled,PM-Kisan,2025-02-18
MOCK-UAN-3279-1862,55,Jharkhand,Jharkhand,Construction,580,Semi-skilled,PM-Kisan,2025-04-03
MOCK-UAN-2534-5978,46,Uttar Pradesh,Uttar Pradesh,Manufacturing,435,Semi-skilled,PM-Kisan,2025-05-11
MOCK-UAN-3073-4942,15,West Bengal,Andhra Pradesh,Agriculture,2500,Highly-skilled,Ayushman Bharat,2026-01-19
MOCK-UAN-5799-6133,42,West Bengal,Jharkhand,Manufacturing,395,Semi-skilled,eShram,2025-04-18
MOCK-UAN-5024-9913,37,Gujarat,Andhra Pradesh,Gig Worker,656,Skilled,PM-Kisan,2025-04-07
MOCK-UAN-3258-5826,23,Maharashtra,Karnataka,Construction,954,Highly-skilled,Ayushman Bharat,2026-07-24
MOCK-UAN-5308-1672,30,Tamil Nadu,Tamil Nadu,Domestic Worker,505,Semi-skilled,Ayushman Bharat,2025-01-14
MOCK-UAN-8930-4185,31,Uttar Pradesh,Uttar Pradesh,Gig Worker,387,Unskilled,None,2025-01-06
MOCK-UAN-3488-2636,58,West Bengal,Gujarat,Construction,938,Highly-skilled,eShram,2026-04-17
MOCK-UAN-7163-8558,58,West Bengal,Bihar,Construction,329,Unskilled,eShram,2025-05-14
MOCK-UAN-4948-7539,54,Karnataka,Karnataka,Gig Worker,673,Skilled,None,2026-05-30
MOCK-UAN-4928-6860,45,Uttar Pradesh,Bihar,Construction,514,Semi-skilled,Ayushman Bharat,2025-07-10
MOCK-UAN-8395-4028,51,Gujarat,Karnataka,Gig Worker,625,Skilled,PM-SYM,2025-06-05
MOCK-UAN-1943-4694,22,Karnataka,Karnataka,Domestic Worker,364,Unskilled,Ayushman Bharat,2026-06-21
MOCK-UAN-1386-4133,57,Tamil Nadu,Tamil Nadu,Gig Worker,966,Highly-skilled,PM-Kisan,2025-05-20
MOCK-UAN-4859-2468,19,Gujarat,Gujarat,Manufacturing,486,Semi-skilled,eShram,2025-04-21
MOCK-UAN-4019-8285,42,Tamil Nadu,Tamil Nadu,Agriculture,236,Unskilled,eShram,2026-08-24
MOCK-UAN-7376-7409,51,Odisha,Jharkhand,Gig Worker,733,Skilled,PM-Kisan,2025-09-03
MOCK-UAN-3988-1445,22,Andhra Pradesh,Andhra Pradesh,Construction,683,Skilled,Ayushman Bharat,2025-07-22
MOCK-UAN-6079-9049,56,Jharkhand,Tamil Nadu,Construction,669,Skilled,PM-SYM,2026-08-23
MOCK-UAN-8638-1228,30,Jharkhand,West Bengal,Manufacturing,550,Skilled,PM-Kisan,2025-05-24
MOCK-UAN-9677-4950,54,Bihar,Uttar Pradesh,Gig Worker,412,Unskilled,Ayushman Bharat,2025-01-01
MOCK-UAN-4760-8975,26,West Bengal,West Bengal,Construction,440,Semi-skilled,PM-Kisan,2025-05-11
MOCK-UAN-6852-2874,27,Gujarat,Andhra Pradesh,Construction,937,Highly-skilled,PM-Kisan,2025-11-25
MOCK-UAN-4466-4405,62,Andhra Pradesh,Andhra Pradesh,Gig Worker,751,Skilled,PM-SYM,2026-01-06
MOCK-UAN-8158-9725,57,Odisha,Jharkhand,Manufacturing,639,Skilled,None,2026-04-10
MOCK-UAN-6970-6695,53,Jharkhand,Jharkhand,Agriculture,900,Highly-skilled,Ayushman Bharat,2026-06-24
MOCK-UAN-6343-1538,55,Odisha,Uttar Pradesh,Construction,601,Skilled,None,2025-09-23
MOCK-UAN-8192-8005,30,Karnataka,Karnataka,Gig Worker,732,Skilled,None,2025-07-11
MOCK-UAN-6798-9903,45,Uttar Pradesh,Uttar Pradesh,Manufacturing,900,Highly-skilled,PM-Kisan,2025-09-16
MOCK-UAN-6296-9137,49,Andhra Pradesh,Odisha,Manufacturing,483,Skilled,PM-SYM,2025-10-25
MOCK-UAN-7775-5588,39,Bihar,Andhra Pradesh,Agriculture,489,Semi-skilled,Ayushman Bharat,2025-11-11
MOCK-UAN-1045-6085,28,Gujarat,West Bengal,Domestic Worker,598,Skilled,PM-SYM,2025-06-13
MOCK-UAN-7672-1110,62,Gujarat,Jharkhand,Domestic Worker,660,Skilled,PM-SYM,2026-05-11
MOCK-UAN-1000-3666,19,Odisha,Tamil Nadu,Gig Worker,345,Unskilled,eShram,2025-05-02
MOCK-UAN-3859-5615,34,Gujarat,Gujarat,Gig Worker,841,Highly-skilled,None,2025-05-22
MOCK-UAN-2571-5811,50,Karnataka,West Bengal,Construction,663,Skilled,PM-SYM,2025-01-27
MOCK-UAN-6387-5518,41,West Bengal,Odisha,Agriculture,464,Semi-skilled,eShram,2025-08-20
MOCK-UAN-5805-2090,45,Odisha,Tamil Nadu,Domestic Worker,515,Skilled,eShram,2025-01-29
MOCK-UAN-8757-6270,23,Jharkhand,Jharkhand,Domestic Worker,251,Unskilled,PM-SYM,2025-06-15
MOCK-UAN-5086-2036,25,Bihar,Karnataka,Gig Worker,687,Semi-skilled,None,2024-10-11
MOCK-UAN-2577-1881,38,Andhra Pradesh,Gujarat,Domestic Worker,884,Highly-skilled,PM-SYM,2026-06-10
MOCK-UAN-5410-2009,19,Tamil Nadu,Tamil Nadu,Agriculture,486,Semi-skilled,Ayushman Bharat,2026-08-04
MOCK-UAN-6859-5465,28,Bihar,Tamil Nadu,Gig Worker,367,Unskilled,PM-Kisan,2025-07-13
MOCK-UAN-9416-4063,52,Gujarat,Andhra Pradesh,Manufacturing,795,Highly-skilled,eShram,2025-08-13
MOCK-UAN-7115-6092,25,Tamil Nadu,Tamil Nadu,Construction,341,Unskilled,PM-Kisan,2025-04-12
MOCK-UAN-8335-8632,18,Karnataka,Karnataka,Domestic Worker,886,Highly-skilled,PM-SYM,2026-08-14
MOCK-UAN-7942-5515,25,Maharashtra,Maharashtra,Construction,480,Semi-skilled,PM-Kisan,2025-06-10
MOCK-UAN-4358-7223,56,Tamil Nadu,Tamil Nadu,Agriculture,594,Skilled,PM-Kisan,2025-02-25
MOCK-UAN-2009-7704,55,Odisha,Odisha,Gig Worker,1013,Highly-skilled,PM-Kisan,2025-05-19
MOCK-UAN-5125-1468,45,Andhra Pradesh,Andhra Pradesh,Gig Worker,992,Highly-skilled,None,2026-06-08
MOCK-UAN-6801-2260,60,Jharkhand,Tamil Nadu,Agriculture,836,Highly-skilled,PM-Kisan,2025-01-05
MOCK-UAN-8689-4366,63,Uttar Pradesh,Uttar Pradesh,Gig Worker,724,Skilled,None,2025-04-08
MOCK-UAN-6874-9387,62,Uttar Pradesh,Bihar,Gig Worker,902,Highly-skilled,PM-Kisan,2026-02-06
MOCK-UAN-2851-9451,23,Bihar,Uttar Pradesh,Gig Worker,897,Highly-skilled,PM-Kisan,2025-08-14
MOCK-UAN-3618-4415,30,Bihar,Maharashtra,Agriculture,336,Unskilled,None,2024-09-27
MOCK-UAN-2610-3368,49,West Bengal,Gujarat,Gig Worker,575,Semi-skilled,PM-Kisan,2026-01-24
MOCK-UAN-1670-9399,64,Bihar,Maharashtra,Gig Worker,397,Unskilled,PM-Kisan,2026-05-10
MOCK-UAN-9504-5812,60,Maharashtra,Maharashtra,Construction,880,Highly-skilled,PM-Kisan,2025-06-12
MOCK-UAN-8795-2825,20,Uttar Pradesh,Uttar Pradesh,Agriculture,264,Unskilled,PM-SYM,2026-09-05
MOCK-UAN-4053-9375,36,Jharkhand,Bihar,Manufacturing,286,Unskilled,PM-SYM,2026-03-21
MOCK-UAN-4656-2567,-4,Karnataka,Uttar Pradesh,Gig Worker,620,Skilled,PM-SYM,2025-05-02
MOCK-UAN-1971-6593,65,Karnataka,Tamil Nadu,Construction,913,Highly-skilled,eShram,2025-05-01
MOCK-UAN-6692-9528,25,Maharashtra,Jharkhand,Gig Worker,432,Unskilled,PM-SYM,2026-06-20
MOCK-UAN-3555-8970,57,Gujarat,Uttar Pradesh,Manufacturing,521,Semi-skilled,PM-SYM,2024-12-18
MOCK-UAN-8400-1142,58,Andhra Pradesh,Bihar,Domestic Worker,429,Semi-skilled,PM-SYM,2025-01-28
MOCK-UAN-8488-7184,45,Uttar Pradesh,Uttar Pradesh,Agriculture,487,Semi-skilled,None,2025-02-18
MOCK-UAN-3095-2904,62,Maharashtra,Maharashtra,Agriculture,204,Unskilled,PM-SYM,2024-12-31
MOCK-UAN-5199-7176,52,Odisha,Jharkhand,Domestic Worker,332,Unskilled,PM-Kisan,2025-07-04
MOCK-UAN-5203-6832,35,Odisha,Karnataka,Gig Worker,659,Skilled,Ayushman Bharat,2026-01-05
MOCK-UAN-1902-5732,49,Uttar Pradesh,Uttar Pradesh,Agriculture,465,Semi-skilled,PM-SYM,2025-12-17
MOCK-UAN-7748-4783,54,Uttar Pradesh,Tamil Nadu,Manufacturing,587,Skilled,PM-SYM,2025-07-02
MOCK-UAN-5999-7891,62,Tamil Nadu,Odisha,Construction,716,Skilled,Ayushman Bharat,2025-02-25
MOCK-UAN-9382-9369,52,Gujarat,Tamil Nadu,Construction,456,Semi-skilled,PM-SYM,2025-05-29
MOCK-UAN-2346-8793,53,Uttar Pradesh,Maharashtra,Domestic Worker,331,Unskilled,eShram,2025-12-06
MOCK-UAN-9179-6574,34,West Bengal,Maharashtra,Manufacturing,4,Highly-skilled,None,2025-01-28
MOCK-UAN-8230-2998,41,Uttar Pradesh,Uttar Pradesh,Gig Worker,9,Skilled,PM-SYM,2025-03-02
MOCK-UAN-1024-4335,51,Maharashtra,Bihar,Gig Worker,690,Skilled,None,2025-04-02
MOCK-UAN-8283-5874,22,Odisha,Maharashtra,Manufacturing,257,Unskilled,PM-SYM,2025-11-28
MOCK-UAN-4845-9020,47,Maharashtra,Gujarat,Gig Worker,399,Unskilled,PM-SYM,2026-03-12
MOCK-UAN-9674-4099,58,Karnataka,Odisha,Gig Worker,996,Highly-skilled,eShram,2025-02-24
MOCK-UAN-9641-5606,41,Bihar,Bihar,Domestic Worker,612,Skilled,PM-Kisan,2026-04-15
MOCK-UAN-9452-2529,51,Bihar,Bihar,Domestic Worker,604,Skilled,eShram,2026-05-05
MOCK-UAN-1033-7745,34,Maharashtra,Gujarat,Agriculture,489,Semi-skilled,Ayushman Bharat,2025-06-04
MOCK-UAN-8287-3090,58,Andhra Pradesh,Uttar Pradesh,Gig Worker,746,Skilled,eShram,2025-06-25
MOCK-UAN-1523-1400,57,Bihar,Bihar,Manufacturing,397,Semi-skilled,PM-SYM,2026-05-21
MOCK-UAN-4725-1062,60,West Bengal,West Bengal,Manufacturing,493,Semi-skilled,Ayushman Bharat,2025-06-02
MOCK-UAN-4917-1465,49,Bihar,Bihar,Construction,440,Semi-skilled,Ayushman Bharat,2026-02-04
MOCK-UAN-9842-8072,56,Bihar,Tamil Nadu,Construction,529,Semi-skilled,None,2025-02-28
MOCK-UAN-5765-6897,29,Andhra Pradesh,Jharkhand,Agriculture,480,Semi-skilled,PM-Kisan,2025-05-17
MOCK-UAN-6846-2748,45,Gujarat,Andhra Pradesh,Construction,254,Unskilled,PM-SYM,2025-10-01
MOCK-UAN-1341-3358,47,Karnataka,Bihar,Gig Worker,554,Semi-skilled,PM-SYM,2025-05-03
MOCK-UAN-1401-1550,19,Maharashtra,Karnataka,Domestic Worker,576,Skilled,None,2025-07-31
MOCK-UAN-8778-4879,53,Uttar Pradesh,Uttar Pradesh,Manufacturing,262,Unskilled,PM-Kisan,2025-06-17
MOCK-UAN-6998-9239,22,Gujarat,Andhra Pradesh,Gig Worker,467,Unskilled,eShram,2026-05-14
MOCK-UAN-9781-3604,30,Gujarat,West Bengal,Gig Worker,667,Skilled,PM-SYM,2026-06-28
MOCK-UAN-4368-2416,21,Jharkhand,Uttar Pradesh,Manufacturing,259,Unskilled,Ayushman Bharat,2024-10-22
MOCK-UAN-8444-5830,53,Jharkhand,Jharkhand,Gig Worker,553,Semi-skilled,PM-Kisan,2025-02-25
MOCK-UAN-7444-6515,63,Uttar Pradesh,Maharashtra,Construction,984,Highly-skilled,PM-Kisan,2024-12-18
MOCK-UAN-6798-1877,31,Gujarat,Tamil Nadu,Agriculture,442,Semi-skilled,eShram,2025-05-14
MOCK-UAN-8403-7291,65,Jharkhand,West Bengal,Manufacturing,358,Unskilled,None,2025-07-23
MOCK-UAN-1194-5546,40,Tamil Nadu,Tamil Nadu,Gig Worker,8,Skilled,eShram,2025-05-05
MOCK-UAN-7000-5734,56,Karnataka,Gujarat,Agriculture,341,Semi-skilled,None,2024-12-09
MOCK-UAN-7523-1655,62,Maharashtra,Odisha,Domestic Worker,873,Highly-skilled,eShram,2026-04-12
MOCK-UAN-7227-6623,33,Odisha,Odisha,Gig Worker,371,Unskilled,PM-SYM,2026-07-01
MOCK-UAN-6209-5586,29,Uttar Pradesh,Gujarat,Construction,673,Skilled,eShram,2026-07-01
MOCK-UAN-1996-9596,44,West Bengal,Odisha,Gig Worker,568,Skilled,PM-Kisan,2025-09-28
MOCK-UAN-9235-4676,45,Uttar Pradesh,Odisha,Manufacturing,727,Skilled,PM-Kisan,2025-12-18
MOCK-UAN-8915-5258,26,Tamil Nadu,Tamil Nadu,Gig Worker,426,Unskilled,Ayushman Bharat,2025-04-21
MOCK-UAN-3745-8822,38,Gujarat,West Bengal,Domestic Worker,607,Skilled,PM-SYM,2026-08-25
MOCK-UAN-8423-9560,59,Gujarat,Gujarat,Manufacturing,509,Semi-skilled,Ayushman Bharat,2026-05-17
MOCK-UAN-1093-9901,43,Karnataka,Uttar Pradesh,Agriculture,417,Unskilled,PM-SYM,2026-05-24
MOCK-UAN-3600-5643,44,Karnataka,Jharkhand,Manufacturing,643,Skilled,eShram,2025-04-24
MOCK-UAN-2728-1332,18,Jharkhand,Jharkhand,Domestic Worker,647,Skilled,PM-Kisan,2026-07-03
MOCK-UAN-6212-2208,53,Karnataka,Andhra Pradesh,Agriculture,456,Semi-skilled,eShram,2024-10-27
MOCK-UAN-5025-7164,22,Maharashtra,Maharashtra,Construction,342,Unskilled,Ayushman Bharat,2025-07-31
MOCK-UAN-5482-2775,57,Karnataka,Uttar Pradesh,Construction,326,Unskilled,eShram,2025-11-26
MOCK-UAN-9693-1232,42,Odisha,Odisha,Gig Worker,508,Semi-skilled,PM-Kisan,2026-05-13
MOCK-UAN-2160-2497,47,Bihar,Bihar,Construction,465,Semi-skilled,None,2024-10-13
MOCK-UAN-2660-9667,34,Gujarat,Gujarat,Domestic Worker,232,Unskilled,PM-Kisan,2026-01-04
MOCK-UAN-4835-8795,31,Bihar,Bihar,Domestic Worker,446,Semi-skilled,None,2025-09-03
MOCK-UAN-9033-6071,44,Andhra Pradesh,Bihar,Manufacturing,815,Highly-skilled,None,2025-04-03
MOCK-UAN-9415-4529,26,Tamil Nadu,Tamil Nadu,Manufacturing,909,Highly-skilled,PM-SYM,2026-04-17
MOCK-UAN-6549-4992,47,Andhra Pradesh,Bihar,Construction,348,Unskilled,PM-SYM,2025-02-15
MOCK-UAN-3169-2912,28,Gujarat,Maharashtra,Domestic Worker,307,Unskilled,Ayushman Bharat,2024-12-22
MOCK-UAN-1585-2997,22,West Bengal,West Bengal,Manufacturing,423,Semi-skilled,Ayushman Bharat,2025-05-14
MOCK-UAN-9489-8812,22,Andhra Pradesh,Andhra Pradesh,Construction,803,Skilled,PM-Kisan,2025-04-27
MOCK-UAN-3940-3454,65,Jharkhand,Karnataka,Agriculture,518,Semi-skilled,PM-Kisan,2025-08-18
MOCK-UAN-7326-2991,45,Karnataka,Bihar,Manufacturing,237,Unskilled,eShram,2025-08-15
MOCK-UAN-5938-7397,38,Tamil Nadu,Jharkhand,Agriculture,461,Semi-skilled,PM-SYM,2026-02-27
MOCK-UAN-3325-6334,34,West Bengal,Karnataka,Agriculture,569,Skilled,PM-SYM,2025-03-08
MOCK-UAN-5126-3266,44,Maharashtra,Gujarat,Gig Worker,499,Semi-skilled,PM-SYM,2026-07-22
MOCK-UAN-6248-5710,50,Karnataka,Bihar,Gig Worker,482,Semi-skilled,PM-SYM,2026-06-07
MOCK-UAN-3134-1235,33,Bihar,Bihar,Manufacturing,921,Highly-skilled,None,2026-01-01
MOCK-UAN-9487-3739,29,West Bengal,West Bengal,Domestic Worker,265,Unskilled,None,2025-04-02
MOCK-UAN-1719-5903,57,Gujarat,Karnataka,Manufacturing,948,Highly-skilled,None,2025-04-21
MOCK-UAN-3566-8113,59,Uttar Pradesh,Uttar Pradesh,Domestic Worker,349,Unskilled,PM-SYM,2025-06-05
MOCK-UAN-9073-3015,44,Uttar Pradesh,Uttar Pradesh,Domestic Worker,668,Skilled,Ayushman Bharat,2025-08-09
MOCK-UAN-5336-5991,44,Tamil Nadu,Bihar,Gig Worker,957,Highly-skilled,PM-SYM,2026-05-17
MOCK-UAN-4471-3859,51,Karnataka,Karnataka,Gig Worker,573,Semi-skilled,None,2025-10-06
MOCK-UAN-6249-5211,64,West Bengal,West Bengal,Gig Worker,1031,Highly-skilled,Ayushman Bharat,2026-05-16
MOCK-UAN-5745-8018,62,Uttar Pradesh,Tamil Nadu,Construction,476,Semi-skilled,PM-SYM,2026-05-08
MOCK-UAN-7303-7811,38,Odisha,Maharashtra,Domestic Worker,411,Semi-skilled,eShram,2025-02-01
MOCK-UAN-6007-6454,64,Maharashtra,Karnataka,Manufacturing,530,Semi-skilled,eShram,2026-03-05
MOCK-UAN-7805-6977,48,Tamil Nadu,Jharkhand,Construction,511,Semi-skilled,PM-Kisan,2026-04-26
MOCK-UAN-8646-7499,22,Odisha,Tamil Nadu,Manufacturing,931,Highly-skilled,PM-SYM,2024-12-25
MOCK-UAN-2460-2887,23,Tamil Nadu,Tamil Nadu,Domestic Worker,258,Unskilled,None,2025-02-19
MOCK-UAN-6794-4987,57,Uttar Pradesh,Bihar,Construction,589,Skilled,PM-Kisan,2026-01-01
MOCK-UAN-7635-6535,20,Odisha,Odisha,Manufacturing,421,Semi-skilled,PM-Kisan,2025-12-18
MOCK-UAN-6968-1371,41,Karnataka,Karnataka,Domestic Worker,443,Semi-skilled,PM-SYM,2026-04-01
MOCK-UAN-5338-5831,32,Andhra Pradesh,West Bengal,Manufacturing,396,Semi-skilled,eShram,2024-09-29
MOCK-UAN-6503-7504,54,Uttar Pradesh,Karnataka,Gig Worker,399,Unskilled,PM-Kisan,2025-03-11
MOCK-UAN-4238-3702,43,Karnataka,Maharashtra,Construction,265,Unskilled,Ayushman Bharat,2026-05-11
MOCK-UAN-4746-9240,48,Bihar,Tamil Nadu,Gig Worker,943,Highly-skilled,Ayushman Bharat,2025-01-30
MOCK-UAN-1503-7166,60,Uttar Pradesh,Uttar Pradesh,Construction,683,Skilled,eShram,2026-02-15
MOCK-UAN-9294-2036,44,Karnataka,Jharkhand,Domestic Worker,630,Skilled,Ayushman Bharat,2024-11-06
MOCK-UAN-5659-8775,34,Maharashtra,Tamil Nadu,Manufacturing,580,Skilled,eShram,2026-02-17
MOCK-UAN-8935-3653,59,Uttar Pradesh,West Bengal,Domestic Worker,399,Semi-skilled,eShram,2025-07-06
MOCK-UAN-5834-1432,64,Uttar Pradesh,Andhra Pradesh,Construction,298,Unskilled,Ayushman Bharat,2026-06-28
MOCK-UAN-7544-2940,25,Karnataka,Tamil Nadu,Agriculture,581,Skilled,eShram,2026-04-17
MOCK-UAN-1513-6675,46,Odisha,Gujarat,Gig Worker,1032,Highly-skilled,PM-Kisan,2025-03-14
MOCK-UAN-4521-4881,54,Tamil Nadu,Tamil Nadu,Construction,396,Unskilled,eShram,2026-07-17
MOCK-UAN-6754-4200,56,Tamil Nadu,Tamil Nadu,Gig Worker,675,Skilled,None,2026-08-25
MOCK-UAN-8987-4574,24,Jharkhand,Jharkhand,Gig Worker,642,Skilled,Ayushman Bharat,2026-03-12
MOCK-UAN-9019-1523,25,Maharashtra,Maharashtra,Construction,363,Unskilled,None,2026-06-07
MOCK-UAN-6977-4213,44,Jharkhand,Jharkhand,Domestic Worker,408,Semi-skilled,PM-SYM,2025-06-10
MOCK-UAN-6103-4609,-1,Karnataka,Karnataka,Manufacturing,274,Unskilled,None,2024-11-24
MOCK-UAN-4534-6710,62,West Bengal,West Bengal,Construction,416,Unskilled,Ayushman Bharat,2025-06-27
MOCK-UAN-3852-6419,45,Jharkhand,Jharkhand,Manufacturing,491,Semi-skilled,PM-Kisan,2025-11-23
MOCK-UAN-4262-4311,25,Gujarat,Jharkhand,Construction,507,Semi-skilled,PM-Kisan,2025-11-19
MOCK-UAN-8792-5804,27,Karnataka,Bihar,Agriculture,386,Semi-skilled,None,2026-07-20
MOCK-UAN-3240-1772,62,Odisha,Tamil Nadu,Construction,960,Highly-skilled,None,2026-06-07
MOCK-UAN-3104-9954,38,Gujarat,Uttar Pradesh,Agriculture,353,Unskilled,None,2025-07-04
MOCK-UAN-4876-4366,24,Bihar,Karnataka,Domestic Worker,581,Skilled,Ayushman Bharat,2026-04-17
MOCK-UAN-1676-7441,63,Andhra Pradesh,Andhra Pradesh,Manufacturing,517,Semi-skilled,eShram,2025-05-09
MOCK-UAN-3005-6330,28,Jharkhand,Bihar,Manufacturing,664,Skilled,None,2026-05-24
MOCK-UAN-4939-9446,46,Bihar,Bihar,Agriculture,683,Skilled,Ayushman Bharat,2025-06-19
MOCK-UAN-4257-1485,18,Karnataka,Karnataka,Agriculture,915,Highly-skilled,None,2026-01-08
MOCK-UAN-2984-5808,44,Tamil Nadu,Tamil Nadu,Domestic Worker,479,Semi-skilled,PM-SYM,2025-10-31
MOCK-UAN-3867-7011,32,Maharashtra,Maharashtra,Gig Worker,470,Unskilled,Ayushman Bharat,2025-12-26
MOCK-UAN-8591-9284,42,Gujarat,Gujarat,Manufacturing,322,Unskilled,eShram,2025-05-14
MOCK-UAN-1730-7333,54,Tamil Nadu,Gujarat,Gig Worker,974,Highly-skilled,PM-SYM,2024-11-02
MOCK-UAN-7713-7102,40,Maharashtra,Tamil Nadu,Manufacturing,577,Skilled,PM-SYM,2026-07-11
MOCK-UAN-2050-3959,61,Uttar Pradesh,Tamil Nadu,Gig Worker,1011,Highly-skilled,PM-Kisan,2025-07-02
MOCK-UAN-4446-6215,55,Gujarat,Andhra Pradesh,Construction,435,Semi-skilled,PM-SYM,2026-02-22
MOCK-UAN-7348-4550,51,West Bengal,Maharashtra,Domestic Worker,442,Semi-skilled,None,2024-12-07
MOCK-UAN-9289-4610,53,Bihar,Bihar,Domestic Worker,954,Highly-skilled,PM-Kisan,2025-04-04
MOCK-UAN-9597-2212,47,Tamil Nadu,Andhra Pradesh,Construction,240,Unskilled,PM-Kisan,2025-11-30
MOCK-UAN-6233-3050,26,Gujarat,Bihar,Agriculture,526,Semi-skilled,PM-Kisan,2026-06-06
MOCK-UAN-9361-2758,43,Gujarat,Bihar,Manufacturing,956,Highly-skilled,eShram,2024-12-03
MOCK-UAN-8551-5745,54,Maharashtra,Gujarat,Gig Worker,977,Highly-skilled,None,2025-03-20
MOCK-UAN-6646-6614,57,Maharashtra,Maharashtra,Manufacturing,627,Skilled,PM-SYM,2024-12-19
MOCK-UAN-3089-6250,45,Gujarat,Gujarat,Agriculture,300,Unskilled,None,2025-04-22
MOCK-UAN-8467-3777,48,Bihar,Bihar,Agriculture,511,Semi-skilled,None,2025-03-10
MOCK-UAN-4198-5707,25,Maharashtra,Maharashtra,Construction,549,Semi-skilled,eShram,2025-07-02
MOCK-UAN-8756-6098,55,Gujarat,Gujarat,Domestic Worker,829,Highly-skilled,Ayushman Bharat,2025-12-15
MOCK-UAN-5845-8010,62,Tamil Nadu,Uttar Pradesh,Domestic Worker,479,Semi-skilled,PM-SYM,2026-02-24
MOCK-UAN-9002-4566,57,West Bengal,West Bengal,Construction,489,Semi-skilled,Ayushman Bharat,2025-08-14
MOCK-UAN-9021-8718,35,Andhra Pradesh,Andhra Pradesh,Agriculture,304,Unskilled,eShram,2024-11-20
MOCK-UAN-4407-6084,60,Gujarat,Odisha,Manufacturing,563,Skilled,None,2026-06-11
MOCK-UAN-8025-4590,52,Karnataka,Karnataka,Agriculture,987,Highly-skilled,None,2024-12-04
MOCK-UAN-2421-3708,39,Maharashtra,Maharashtra,Domestic Worker,502,Semi-skilled,Ayushman Bharat,2025-05-27
MOCK-UAN-3217-8299,44,Gujarat,Jharkhand,Construction,913,Highly-skilled,None,2026-06-08
MOCK-UAN-4506-7158,46,Karnataka,Uttar Pradesh,Construction,283,Unskilled,PM-Kisan,2025-05-30
MOCK-UAN-8686-2998,65,Bihar,Andhra Pradesh,Construction,480,Semi-skilled,Ayushman Bharat,2024-10-21
MOCK-UAN-5022-6494,65,West Bengal,Bihar,Manufacturing,471,Semi-skilled,eShram,2024-11-08
MOCK-UAN-1176-8162,43,Gujarat,Karnataka,Agriculture,312,Unskilled,PM-Kisan,2025-06-15
MOCK-UAN-9326-9165,63,Odisha,West Bengal,Domestic Worker,662,Skilled,Ayushman Bharat,2026-02-09
MOCK-UAN-9054-6824,47,Odisha,Bihar,Agriculture,339,Unskilled,None,2026-05-24
MOCK-UAN-7827-2098,59,Odisha,Gujarat,Domestic Worker,498,Semi-skilled,eShram,2026-06-30
MOCK-UAN-6805-2579,19,West Bengal,West Bengal,Gig Worker,566,Semi-skilled,None,2026-08-02
MOCK-UAN-7516-7430,51,Gujarat,Odisha,Agriculture,380,Semi-skilled,PM-SYM,2024-10-06
MOCK-UAN-7312-6422,21,Maharashtra,Maharashtra,Agriculture,440,Semi-skilled,Ayushman Bharat,2026-04-24
MOCK-UAN-8257-7668,41,Bihar,Bihar,Gig Worker,603,Semi-skilled,Ayushman Bharat,2025-03-16
MOCK-UAN-5624-7120,48,Gujarat,Karnataka,Construction,347,Unskilled,PM-Kisan,2025-06-18
MOCK-UAN-3696-8829,21,Uttar Pradesh,Uttar Pradesh,Gig Worker,1025,Highly-skilled,PM-Kisan,2025-12-13
MOCK-UAN-3350-8350,44,Karnataka,Bihar,Gig Worker,684,Skilled,Ayushman Bharat,2026-06-23
MOCK-UAN-2118-5599,64,Maharashtra,Maharashtra,Construction,598,Skilled,eShram,2026-07-28
MOCK-UAN-4132-5983,53,Odisha,Odisha,Agriculture,443,Semi-skilled,PM-SYM,2025-03-16
MOCK-UAN-1827-1522,51,Tamil Nadu,Andhra Pradesh,Agriculture,315,Unskilled,PM-SYM,2025-03-13
MOCK-UAN-8391-1524,31,Gujarat,Gujarat,Gig Worker,517,Semi-skilled,None,2025-05-27
MOCK-UAN-4351-5897,58,Jharkhand,Tamil Nadu,Manufacturing,288,Unskilled,PM-Kisan,2026-04-24
MOCK-UAN-7447-3661,22,Karnataka,Karnataka,Manufacturing,553,Skilled,eShram,2026-07-04
MOCK-UAN-2614-1574,24,Karnataka,Uttar Pradesh,Domestic Worker,505,Semi-skilled,PM-SYM,2026-09-10
MOCK-UAN-2423-8866,39,Andhra Pradesh,Andhra Pradesh,Manufacturing,885,Highly-skilled,eShram,2024-12-06
MOCK-UAN-5486-1989,60,Uttar Pradesh,Bihar,Domestic Worker,972,Highly-skilled,Ayushman Bharat,2024-12-18
MOCK-UAN-7425-3813,48,Bihar,West Bengal,Construction,1026,Highly-skilled,Ayushman Bharat,2026-08-22
MOCK-UAN-8102-9313,45,Jharkhand,Jharkhand,Gig Worker,995,Highly-skilled,PM-Kisan,2025-09-30
MOCK-UAN-8349-8577,24,Karnataka,Bihar,Domestic Worker,399,Semi-skilled,PM-Kisan,2024-12-12
MOCK-UAN-8836-1017,60,Karnataka,Karnataka,Construction,395,Semi-skilled,eShram,2026-07-09
MOCK-UAN-7945-3634,65,Uttar Pradesh,Jharkhand,Manufacturing,526,Skilled,eShram,2024-09-15
MOCK-UAN-1174-4594,56,West Bengal,Andhra Pradesh,Manufacturing,531,Skilled,None,2025-08-29
MOCK-UAN-6038-2436,60,West Bengal,Uttar Pradesh,Domestic Worker,968,Highly-skilled,Ayushman Bharat,2026-05-24
MOCK-UAN-3923-1126,31,Odisha,Gujarat,Domestic Worker,905,Highly-skilled,PM-Kisan,2026-05-12
MOCK-UAN-7097-9046,52,Tamil Nadu,Tamil Nadu,Agriculture,619,Skilled,None,2026-09-07
MOCK-UAN-7332-6313,31,Andhra Pradesh,Tamil Nadu,Manufacturing,488,Skilled,eShram,2024-10-03
MOCK-UAN-2828-4645,26,Jharkhand,West Bengal,Agriculture,240,Unskilled,Ayushman Bharat,2025-05-10
MOCK-UAN-4908-7118,64,Andhra Pradesh,Gujarat,Agriculture,944,Highly-skilled,eShram,2024-12-24
MOCK-UAN-3468-7945,45,Jharkhand,Tamil Nadu,Manufacturing,914,Highly-skilled,None,2024-09-17
MOCK-UAN-3493-9229,21,Karnataka,Karnataka,Construction,342,Unskilled,eShram,2025-06-03
MOCK-UAN-9653-8021,35,Bihar,Bihar,Domestic Worker,478,Semi-skilled,PM-Kisan,2026-05-25
MOCK-UAN-8837-5007,60,Maharashtra,Maharashtra,Domestic Worker,531,Semi-skilled,eShram,2026-06-15
MOCK-UAN-8038-9394,31,West Bengal,West Bengal,Manufacturing,438,Semi-skilled,Ayushman Bharat,2025-04-18
MOCK-UAN-8105-9823,24,Gujarat,Jharkhand,Gig Worker,703,Skilled,PM-SYM,2026-01-30
MOCK-UAN-4860-8863,52,Karnataka,Tamil Nadu,Gig Worker,409,Unskilled,PM-Kisan,2026-05-26
MOCK-UAN-7175-9460,34,Odisha,Maharashtra,Gig Worker,819,Skilled,eShram,2026-05-16
MOCK-UAN-6748-1942,52,Gujarat,Jharkhand,Manufacturing,795,Highly-skilled,eShram,2026-05-13
MOCK-UAN-8214-8485,65,Karnataka,Karnataka,Domestic Worker,934,Highly-skilled,None,2026-08-02
MOCK-UAN-8899-2232,52,Bihar,Bihar,Construction,644,Skilled,PM-Kisan,2025-12-07
MOCK-UAN-8048-9214,54,Odisha,Andhra Pradesh,Agriculture,478,Semi-skilled,None,2025-04-09
MOCK-UAN-3298-7355,25,Andhra Pradesh,Andhra Pradesh,Gig Worker,517,Semi-skilled,Ayushman Bharat,2026-04-07
MOCK-UAN-9160-4077,42,Tamil Nadu,Odisha,Agriculture,297,Unskilled,PM-Kisan,2026-03-18
MOCK-UAN-7446-2328,31,Jharkhand,Andhra Pradesh,Manufacturing,485,Semi-skilled,Ayushman Bharat,2025-05-28
MOCK-UAN-4340-6705,48,Jharkhand,Jharkhand,Domestic Worker,755,Skilled,PM-SYM,2024-09-26
MOCK-UAN-5899-4712,50,Tamil Nadu,Andhra Pradesh,Construction,990,Highly-skilled,None,2026-08-19
MOCK-UAN-3638-5386,59,Tamil Nadu,Tamil Nadu,Agriculture,257,Unskilled,Ayushman Bharat,2025-06-08
MOCK-UAN-6648-8991,41,Uttar Pradesh,Tamil Nadu,Agriculture,428,Semi-skilled,None,2025-07-12
MOCK-UAN-7418-2643,63,Andhra Pradesh,West Bengal,Manufacturing,427,Semi-skilled,eShram,2025-05-28
MOCK-UAN-7207-2385,38,Maharashtra,Andhra Pradesh,Construction,410,Semi-skilled,None,2025-06-02
MOCK-UAN-8802-7872,57,Karnataka,Karnataka,Manufacturing,433,Semi-skilled,PM-Kisan,2025-04-09
MOCK-UAN-6871-4937,53,Gujarat,Gujarat,Construction,386,Unskilled,None,2026-02-25
MOCK-UAN-2152-3538,20,Karnataka,Andhra Pradesh,Construction,286,Unskilled,None,2026-06-03
MOCK-UAN-2325-6701,41,West Bengal,West Bengal,Agriculture,502,Semi-skilled,PM-Kisan,2026-05-09
MOCK-UAN-6223-6831,45,Tamil Nadu,Jharkhand,Gig Worker,424,Unskilled,Ayushman Bharat,2026-03-17
MOCK-UAN-6064-5581,23,Maharashtra,Maharashtra,Domestic Worker,563,Skilled,PM-SYM,2025-12-16
MOCK-UAN-4261-4417,21,Maharashtra,Gujarat,Manufacturing,592,Skilled,PM-Kisan,2024-10-27
MOCK-UAN-6721-8132,56,Tamil Nadu,Tamil Nadu,Construction,1029,Highly-skilled,eShram,2025-11-10
MOCK-UAN-2043-3296,51,Karnataka,Odisha,Construction,386,Unskilled,None,2025-03-29
MOCK-UAN-7156-4755,51,Jharkhand,Gujarat,Gig Worker,1000,Highly-skilled,PM-Kisan,2026-05-04
MOCK-UAN-7496-3211,50,Odisha,Odisha,Gig Worker,388,Unskilled,eShram,2026-04-03
MOCK-UAN-6908-3367,22,West Bengal,Tamil Nadu,Manufacturing,16156,Unskilled,PM-Kisan,2025-03-28
MOCK-UAN-2572-3453,59,Gujarat,Odisha,Agriculture,874,Highly-skilled,Ayushman Bharat,2025-06-11
MOCK-UAN-2113-9977,35,Uttar Pradesh,Uttar Pradesh,Domestic Worker,344,Semi-skilled,PM-Kisan,2025-11-27
MOCK-UAN-6043-8521,22,Odisha,Odisha,Manufacturing,402,Unskilled,Ayushman Bharat,2025-06-01
MOCK-UAN-6014-9675,48,Andhra Pradesh,Karnataka,Gig Worker,557,Semi-skilled,PM-SYM,2024-11-02
MOCK-UAN-7430-1111,55,Uttar Pradesh,Karnataka,Construction,669,Skilled,PM-SYM,2026-05-02
MOCK-UAN-7832-7467,58,Tamil Nadu,Tamil Nadu,Manufacturing,297,Unskilled,Ayushman Bharat,2024-10-14
MOCK-UAN-1341-9377,41,Tamil Nadu,Tamil Nadu,Manufacturing,563,Skilled,None,2026-03-19
MOCK-UAN-4485-8803,54,Maharashtra,Tamil Nadu,Manufacturing,590,Skilled,eShram,2026-06-07
MOCK-UAN-6334-3497,23,Odisha,Odisha,Manufacturing,12531,Unskilled,PM-Kisan,2025-05-26
MOCK-UAN-5456-9144,22,Uttar Pradesh,Maharashtra,Gig Worker,513,Unskilled,PM-SYM,2024-11-30
MOCK-UAN-1805-3142,45,Gujarat,Gujarat,Gig Worker,488,Semi-skilled,None,2026-04-28
MOCK-UAN-5084-1121,57,West Bengal,Uttar Pradesh,Agriculture,398,Semi-skilled,eShram,2026-01-30
MOCK-UAN-1214-4396,37,Gujarat,Maharashtra,Gig Worker,977,Highly-skilled,Ayushman Bharat,2025-05-11
MOCK-UAN-7609-7433,44,West Bengal,Tamil Nadu,Domestic Worker,364,Unskilled,PM-SYM,2024-11-04
MOCK-UAN-6729-4526,52,Bihar,Gujarat,Construction,350,Unskilled,Ayushman Bharat,2025-06-18
MOCK-UAN-9904-6456,47,West Bengal,Andhra Pradesh,Manufacturing,838,Highly-skilled,PM-Kisan,2026-09-14
MOCK-UAN-2746-5621,51,West Bengal,West Bengal,Construction,712,Skilled,PM-SYM,2025-07-14
MOCK-UAN-7657-2518,56,Odisha,Bihar,Manufacturing,336,Unskilled,PM-SYM,2024-09-18
MOCK-UAN-7662-6954,44,Jharkhand,Jharkhand,Manufacturing,926,Highly-skilled,PM-Kisan,2026-04-04
MOCK-UAN-6139-6448,33,Gujarat,West Bengal,Manufacturing,935,Highly-skilled,Ayushman Bharat,2026-05-26
MOCK-UAN-6770-1746,28,Maharashtra,Jharkhand,Gig Worker,519,Unskilled,None,2025-05-17
MOCK-UAN-6074-2764,51,Gujarat,Karnataka,Gig Worker,659,Semi-skilled,None,2025-04-26
MOCK-UAN-9806-1979,60,Tamil Nadu,Tamil Nadu,Gig Worker,365,Unskilled,Ayushman Bharat,2024-12-08
MOCK-UAN-2265-4227,40,Gujarat,Bihar,Manufacturing,381,Unskilled,eShram,2026-01-24
MOCK-UAN-8779-4074,37,Uttar Pradesh,Maharashtra,Manufacturing,469,Semi-skilled,eShram,2025-05-05
MOCK-UAN-2806-8906,42,Bihar,Bihar,Manufacturing,474,Semi-skilled,eShram,2025-09-04
MOCK-UAN-6588-9563,35,Maharashtra,Gujarat,Manufacturing,515,Skilled,PM-SYM,2026-03-09
MOCK-UAN-8323-5487,19,Karnataka,West Bengal,Gig Worker,991,Highly-skilled,PM-SYM,2026-01-26
MOCK-UAN-6595-8197,49,Odisha,Andhra Pradesh,Manufacturing,259,Unskilled,PM-Kisan,2025-05-21
MOCK-UAN-5301-3446,39,Bihar,Andhra Pradesh,Domestic Worker,641,Skilled,Ayushman Bharat,2025-08-22
MOCK-UAN-3065-5741,24,Tamil Nadu,Tamil Nadu,Domestic Worker,953,Highly-skilled,eShram,2025-07-30
MOCK-UAN-1099-2092,45,Bihar,Bihar,Construction,846,Highly-skilled,Ayushman Bharat,2026-05-29
MOCK-UAN-5985-6012,38,Maharashtra,Maharashtra,Manufacturing,598,Skilled,eShram,2025-05-20
MOCK-UAN-2566-5523,45,Bihar,Tamil Nadu,Construction,706,Skilled,None,2025-06-09
MOCK-UAN-1118-2452,-1,Uttar Pradesh,West Bengal,Domestic Worker,290,Unskilled,PM-SYM,2026-06-12
MOCK-UAN-8895-2673,60,Uttar Pradesh,Uttar Pradesh,Construction,686,Skilled,PM-Kisan,2025-05-18
MOCK-UAN-4103-9890,49,Maharashtra,Andhra Pradesh,Manufacturing,467,Semi-skilled,PM-Kisan,2025-10-23
MOCK-UAN-2276-9478,21,West Bengal,Odisha,Domestic Worker,317,Unskilled,None,2026-03-22
MOCK-UAN-3292-8674,63,Jharkhand,Jharkhand,Construction,336,Unskilled,None,2024-10-02
MOCK-UAN-7310-5513,34,Tamil Nadu,Andhra Pradesh,Construction,889,Highly-skilled,PM-SYM,2025-06-09
MOCK-UAN-3037-1779,50,Bihar,Bihar,Manufacturing,393,Semi-skilled,eShram,2025-06-27
MOCK-UAN-7186-4918,63,Jharkhand,Jharkhand,Manufacturing,485,Semi-skilled,eShram,2025-04-14
MOCK-UAN-4636-7991,57,Tamil Nadu,Maharashtra,Gig Worker,1000,Highly-skilled,PM-SYM,2025-08-20
MOCK-UAN-5265-8607,32,Tamil Nadu,Jharkhand,Gig Worker,993,Highly-skilled,Ayushman Bharat,2025-06-08
MOCK-UAN-1858-6635,31,Odisha,Maharashtra,Agriculture,578,Skilled,PM-SYM,2025-04-02
MOCK-UAN-6680-8116,36,Jharkhand,Karnataka,Construction,334,Unskilled,PM-Kisan,2026-04-13
MOCK-UAN-8510-3561,47,Uttar Pradesh,Uttar Pradesh,Agriculture,352,Unskilled,Ayushman Bharat,2026-07-17
MOCK-UAN-2875-7336,36,Bihar,Bihar,Domestic Worker,283,Unskilled,eShram,2025-12-03
MOCK-UAN-6086-1809,59,Jharkhand,Jharkhand,Agriculture,382,Semi-skilled,None,2026-06-25
MOCK-UAN-4000-3740,30,West Bengal,Tamil Nadu,Manufacturing,487,Semi-skilled,PM-Kisan,2026-07-08
MOCK-UAN-5925-7017,53,Odisha,Tamil Nadu,Construction,939,Highly-skilled,Ayushman Bharat,2026-01-25
MOCK-UAN-5436-8294,47,Tamil Nadu,Gujarat,Construction,501,Semi-skilled,PM-Kisan,2026-02-22
MOCK-UAN-6457-8137,30,West Bengal,Karnataka,Manufacturing,980,Highly-skilled,Ayushman Bharat,2026-06-01
MOCK-UAN-2282-3746,26,Bihar,Odisha,Manufacturing,598,Skilled,eShram,2026-07-03
MOCK-UAN-5288-3925,22,Uttar Pradesh,Odisha,Gig Worker,714,Skilled,Ayushman Bharat,2026-08-08
MOCK-UAN-6432-8439,36,Odisha,Maharashtra,Domestic Worker,841,Highly-skilled,PM-Kisan,2025-04-08
MOCK-UAN-3083-6931,27,Tamil Nadu,Tamil Nadu,Gig Worker,389,Unskilled,PM-Kisan,2025-03-30
MOCK-UAN-5077-6564,29,Bihar,West Bengal,Gig Worker,730,Skilled,None,2025-11-19
MOCK-UAN-1348-8086,52,Odisha,Odisha,Gig Worker,622,Skilled,None,2024-12-28
MOCK-UAN-8795-6257,44,Bihar,Andhra Pradesh,Construction,360,Unskilled,eShram,2026-06-05
MOCK-UAN-4434-6541,41,Bihar,Karnataka,Domestic Worker,455,Semi-skilled,eShram,2025-05-04
MOCK-UAN-5288-3073,28,Gujarat,Gujarat,Gig Worker,1002,Highly-skilled,eShram,2025-01-09
MOCK-UAN-6233-4324,48,Bihar,Andhra Pradesh,Agriculture,651,Skilled,PM-SYM,2026-06-09
MOCK-UAN-9905-8218,49,West Bengal,Andhra Pradesh,Construction,366,Unskilled,Ayushman Bharat,2026-05-18
MOCK-UAN-5890-4050,30,Jharkhand,Jharkhand,Manufacturing,523,Semi-skilled,Ayushman Bharat,2025-09-13
MOCK-UAN-7791-1665,31,Maharashtra,Maharashtra,Domestic Worker,400,Semi-skilled,PM-SYM,2024-10-20
MOCK-UAN-6590-8281,23,Odisha,Jharkhand,Gig Worker,406,Unskilled,Ayushman Bharat,2025-07-12
MOCK-UAN-3255-8439,53,Karnataka,Jharkhand,Manufacturing,304,Unskilled,eShram,2025-04-23
MOCK-UAN-5656-1358,61,Odisha,West Bengal,Manufacturing,246,Unskilled,PM-Kisan,2025-05-19
MOCK-UAN-7422-4560,60,West Bengal,West Bengal,Domestic Worker,347,Unskilled,PM-Kisan,2025-07-09
MOCK-UAN-8538-5470,42,Bihar,Jharkhand,Domestic Worker,416,Unskilled,PM-SYM,2025-02-07
MOCK-UAN-6935-6518,25,Karnataka,Karnataka,Agriculture,899,Highly-skilled,eShram,2025-12-22
MOCK-UAN-4348-4321,28,Karnataka,Odisha,Domestic Worker,925,Highly-skilled,None,2025-12-03
MOCK-UAN-9733-7045,52,Uttar Pradesh,Bihar,Manufacturing,454,Semi-skilled,PM-SYM,2024-11-14
MOCK-UAN-7637-6808,23,Uttar Pradesh,Uttar Pradesh,Agriculture,864,Highly-skilled,eShram,2026-06-05
MOCK-UAN-6958-5754,65,Maharashtra,Gujarat,Agriculture,808,Highly-skilled,None,2024-11-21
MOCK-UAN-4357-1901,60,Jharkhand,Karnataka,Construction,614,Skilled,PM-Kisan,2025-10-12
MOCK-UAN-4097-6435,51,Uttar Pradesh,Jharkhand,Gig Worker,330,Unskilled,Ayushman Bharat,2026-04-18
MOCK-UAN-6462-3737,65,Bihar,Odisha,Manufacturing,385,Unskilled,None,2025-02-04
MOCK-UAN-1080-9391,24,West Bengal,Uttar Pradesh,Construction,344,Unskilled,Ayushman Bharat,2025-01-20
MOCK-UAN-5947-2701,36,Andhra Pradesh,Bihar,Domestic Worker,582,Skilled,PM-SYM,2026-06-09
MOCK-UAN-8851-5468,63,Jharkhand,Jharkhand,Manufacturing,494,Semi-skilled,None,2026-04-26
MOCK-UAN-7749-5967,46,Jharkhand,Tamil Nadu,Gig Worker,493,Semi-skilled,Ayushman Bharat,2025-08-29
MOCK-UAN-7518-1214,36,Jharkhand,Odisha,Construction,911,Highly-skilled,Ayushman Bharat,2026-09-09
MOCK-UAN-3264-7019,61,Maharashtra,Maharashtra,Manufacturing,603,Skilled,eShram,2025-12-22
MOCK-UAN-8086-9243,29,Andhra Pradesh,Odisha,Domestic Worker,351,Unskilled,eShram,2025-02-18
MOCK-UAN-7294-7386,25,Uttar Pradesh,Uttar Pradesh,Domestic Worker,325,Unskilled,PM-Kisan,2026-06-25
MOCK-UAN-8668-1250,56,Gujarat,Gujarat,Agriculture,312,Unskilled,Ayushman Bharat,2025-05-21
MOCK-UAN-4493-4862,-3,Karnataka,Tamil Nadu,Gig Worker,553,Semi-skilled,None,2026-05-20
MOCK-UAN-9706-7377,21,Uttar Pradesh,Uttar Pradesh,Gig Worker,1020,Highly-skilled,None,2025-09-03
MOCK-UAN-3950-7025,30,Karnataka,Jharkhand,Construction,360,Unskilled,Ayushman Bharat,2025-05-08
MOCK-UAN-1406-1121,30,Jharkhand,Karnataka,Domestic Worker,848,Highly-skilled,Ayushman Bharat,2025-12-14
MOCK-UAN-2100-4126,33,Bihar,Bihar,Agriculture,302,Unskilled,PM-Kisan,2025-11-13
MOCK-UAN-5762-9837,62,Uttar Pradesh,Karnataka,Manufacturing,396,Semi-skilled,PM-SYM,2025-09-26
MOCK-UAN-4477-1288,55,Odisha,Maharashtra,Agriculture,304,Unskilled,eShram,2024-12-01
MOCK-UAN-7241-6613,-4,Gujarat,Bihar,Gig Worker,975,Highly-skilled,Ayushman Bharat,2025-11-17
MOCK-UAN-4207-6385,23,Uttar Pradesh,Jharkhand,Domestic Worker,576,Semi-skilled,eShram,2025-02-04
MOCK-UAN-4544-6059,50,Tamil Nadu,Tamil Nadu,Domestic Worker,898,Highly-skilled,PM-Kisan,2026-04-19
MOCK-UAN-5188-7657,40,Karnataka,Odisha,Gig Worker,479,Semi-skilled,Ayushman Bharat,2025-04-22
MOCK-UAN-7349-5820,18,Gujarat,Jharkhand,Gig Worker,393,Unskilled,Ayushman Bharat,2025-05-15
MOCK-UAN-9241-4348,18,Karnataka,Karnataka,Construction,375,Unskilled,None,2026-04-21
MOCK-UAN-5412-2884,34,Bihar,Bihar,Agriculture,533,Semi-skilled,None,2026-05-27
MOCK-UAN-4293-7773,37,Jharkhand,Maharashtra,Construction,470,Semi-skilled,None,2025-06-09
MOCK-UAN-5667-4321,42,Karnataka,West Bengal,Domestic Worker,820,Highly-skilled,None,2026-07-21
MOCK-UAN-8853-4046,42,Odisha,Maharashtra,Construction,390,Unskilled,eShram,2025-04-14
MOCK-UAN-8998-3209,15,Karnataka,Gujarat,Manufacturing,2500,Highly-skilled,PM-Kisan,2026-04-18
MOCK-UAN-5859-5638,57,Bihar,Bihar,Agriculture,278,Unskilled,Ayushman Bharat,2025-12-29
MOCK-UAN-3018-7812,65,Andhra Pradesh,Andhra Pradesh,Domestic Worker,587,Skilled,PM-Kisan,2025-08-15
MOCK-UAN-3461-7526,19,Gujarat,Jharkhand,Gig Worker,996,Highly-skilled,PM-Kisan,2025-08-01
MOCK-UAN-2173-6027,23,Andhra Pradesh,Karnataka,Manufacturing,334,Unskilled,Ayushman Bharat,2026-04-24
MOCK-UAN-6527-8402,51,Odisha,West Bengal,Domestic Worker,565,Skilled,PM-SYM,2025-11-22
MOCK-UAN-4133-1898,63,Maharashtra,West Bengal,Construction,336,Unskilled,eShram,2026-04-27
MOCK-UAN-3276-4839,51,Tamil Nadu,Tamil Nadu,Agriculture,299,Unskilled,eShram,2026-05-14
MOCK-UAN-1576-8613,27,Jharkhand,Uttar Pradesh,Gig Worker,707,Skilled,PM-Kisan,2025-02-15
MOCK-UAN-9862-6887,22,Bihar,Bihar,Gig Worker,1004,Highly-skilled,None,2025-05-22
MOCK-UAN-8499-3577,46,West Bengal,West Bengal,Manufacturing,921,Highly-skilled,PM-Kisan,2025-02-22
MOCK-UAN-1125-5801,29,Jharkhand,Karnataka,Manufacturing,642,Skilled,PM-SYM,2025-07-23
MOCK-UAN-5263-9339,42,Tamil Nadu,Maharashtra,Construction,969,Highly-skilled,eShram,2024-10-08
MOCK-UAN-2058-6069,61,West Bengal,West Bengal,Domestic Worker,322,Unskilled,PM-Kisan,2026-02-14
MOCK-UAN-3313-1825,29,Odisha,Bihar,Gig Worker,320,Unskilled,PM-SYM,2026-02-27
MOCK-UAN-4579-2960,36,Bihar,Odisha,Construction,352,Unskilled,None,2026-05-13
MOCK-UAN-4195-1346,58,Tamil Nadu,Tamil Nadu,Manufacturing,623,Skilled,PM-Kisan,2025-05-08
MOCK-UAN-3798-8225,24,Odisha,West Bengal,Construction,536,Semi-skilled,PM-Kisan,2025-06-29
MOCK-UAN-5320-2826,44,Bihar,Bihar,Domestic Worker,415,Semi-skilled,None,2025-03-17
MOCK-UAN-1953-9513,65,West Bengal,West Bengal,Construction,917,Highly-skilled,eShram,2025-01-28
MOCK-UAN-2700-4208,49,Andhra Pradesh,Andhra Pradesh,Agriculture,871,Highly-skilled,Ayushman Bharat,2025-05-06
MOCK-UAN-3870-7789,64,Tamil Nadu,Tamil Nadu,Construction,676,Skilled,eShram,2025-09-18
MOCK-UAN-9750-4446,51,Tamil Nadu,Karnataka,Gig Worker,751,Skilled,None,2026-05-10
MOCK-UAN-5555-8106,44,West Bengal,Karnataka,Construction,479,Semi-skilled,eShram,2026-08-17
MOCK-UAN-1961-2646,21,Jharkhand,Jharkhand,Construction,695,Skilled,PM-Kisan,2026-08-06
MOCK-UAN-2978-2612,53,Tamil Nadu,Bihar,Construction,356,Unskilled,Ayushman Bharat,2026-06-12
MOCK-UAN-5095-6535,58,Odisha,Odisha,Domestic Worker,443,Semi-skilled,PM-Kisan,2025-04-18
MOCK-UAN-2862-3303,62,Maharashtra,Uttar Pradesh,Construction,939,Highly-skilled,None,2025-10-11
MOCK-UAN-3340-8421,24,Gujarat,Jharkhand,Manufacturing,637,Skilled,None,2026-02-21
MOCK-UAN-8534-2468,52,Bihar,Bihar,Gig Worker,566,Semi-skilled,Ayushman Bharat,2026-02-07
MOCK-UAN-8268-1748,40,Bihar,Tamil Nadu,Manufacturing,563,Semi-skilled,PM-SYM,2026-06-19
MOCK-UAN-4027-9473,28,Bihar,Jharkhand,Agriculture,407,Semi-skilled,Ayushman Bharat,2026-06-21
MOCK-UAN-2513-5929,65,Maharashtra,Tamil Nadu,Agriculture,925,Highly-skilled,PM-Kisan,2026-01-03
MOCK-UAN-5860-3403,38,Odisha,Uttar Pradesh,Domestic Worker,273,Unskilled,PM-SYM,2024-12-17
MOCK-UAN-7877-9617,64,Odisha,Uttar Pradesh,Agriculture,256,Unskilled,PM-SYM,2025-04-22
MOCK-UAN-2419-4245,58,Andhra Pradesh,West Bengal,Manufacturing,899,Highly-skilled,PM-SYM,2026-05-22
MOCK-UAN-7585-5384,44,Uttar Pradesh,Uttar Pradesh,Domestic Worker,456,Semi-skilled,PM-SYM,2026-05-21
MOCK-UAN-3072-9698,37,West Bengal,West Bengal,Construction,495,Unskilled,PM-Kisan,2025-10-18
MOCK-UAN-3288-4708,35,Uttar Pradesh,Uttar Pradesh,Construction,640,Skilled,Ayushman Bharat,2025-05-25
MOCK-UAN-8556-3803,23,Maharashtra,Maharashtra,Manufacturing,393,Semi-skilled,None,2026-05-01
MOCK-UAN-5464-5825,25,Karnataka,Karnataka,Gig Worker,563,Semi-skilled,PM-SYM,2025-04-23
MOCK-UAN-7395-7938,51,Gujarat,West Bengal,Gig Worker,296,Unskilled,PM-Kisan,2025-09-21
MOCK-UAN-4530-6665,50,Uttar Pradesh,Uttar Pradesh,Construction,645,Skilled,None,2024-10-25
MOCK-UAN-6999-8480,23,Jharkhand,Jharkhand,Agriculture,900,Highly-skilled,Ayushman Bharat,2025-10-13
MOCK-UAN-5559-2652,61,Gujarat,Karnataka,Manufacturing,5929,Highly-skilled,PM-SYM,2025-08-24
MOCK-UAN-2837-2362,25,Jharkhand,West Bengal,Construction,398,Unskilled,PM-Kisan,2026-08-21
MOCK-UAN-6531-9625,54,Maharashtra,Maharashtra,Domestic Worker,874,Highly-skilled,None,2026-06-23
MOCK-UAN-4043-7705,29,Tamil Nadu,Tamil Nadu,Agriculture,442,Semi-skilled,Ayushman Bharat,2025-12-30
MOCK-UAN-6725-1463,63,Maharashtra,Odisha,Agriculture,261,Unskilled,PM-Kisan,2025-06-25
MOCK-UAN-9462-4132,18,Uttar Pradesh,Jharkhand,Gig Worker,943,Highly-skilled,PM-Kisan,2025-10-02
MOCK-UAN-3029-1054,22,Maharashtra,Odisha,Domestic Worker,465,Semi-skilled,PM-SYM,2026-04-08
MOCK-UAN-9027-7887,40,West Bengal,Andhra Pradesh,Construction,586,Skilled,PM-SYM,2025-08-28
MOCK-UAN-1006-3425,40,Karnataka,Andhra Pradesh,Domestic Worker,279,Unskilled,PM-Kisan,2025-08-13
MOCK-UAN-3343-8552,65,Odisha,Uttar Pradesh,Manufacturing,400,Semi-skilled,None,2026-05-27
MOCK-UAN-2825-9459,30,West Bengal,Uttar Pradesh,Domestic Worker,477,Semi-skilled,None,2025-01-29
MOCK-UAN-7793-2302,44,Maharashtra,West Bengal,Manufacturing,390,Unskilled,None,2026-09-11
MOCK-UAN-4034-7734,63,Odisha,Odisha,Gig Worker,934,Highly-skilled,PM-Kisan,2024-12-25
MOCK-UAN-5457-9851,58,Odisha,West Bengal,Domestic Worker,207,Unskilled,Ayushman Bharat,2024-12-22
MOCK-UAN-5224-6372,28,Karnataka,Karnataka,Manufacturing,293,Unskilled,Ayushman Bharat,2024-10-24
MOCK-UAN-8741-6535,39,Andhra Pradesh,Maharashtra,Agriculture,600,Skilled,PM-Kisan,2024-12-06
MOCK-UAN-9792-9730,60,Gujarat,Tamil Nadu,Construction,360,Unskilled,eShram,2026-06-15
MOCK-UAN-2019-8180,35,Bihar,Maharashtra,Construction,327,Unskilled,eShram,2025-06-25
MOCK-UAN-9813-6073,31,West Bengal,West Bengal,Gig Worker,389,Unskilled,Ayushman Bharat,2024-10-02
MOCK-UAN-3898-6111,48,West Bengal,Maharashtra,Agriculture,918,Highly-skilled,eShram,2025-04-23
MOCK-UAN-3663-8889,32,Maharashtra,Andhra Pradesh,Gig Worker,752,Skilled,Ayushman Bharat,2025-07-15
MOCK-UAN-9192-5641,33,Jharkhand,Jharkhand,Construction,552,Skilled,Ayushman Bharat,2026-05-23
MOCK-UAN-7858-2666,49,Karnataka,Karnataka,Gig Worker,381,Unskilled,None,2026-04-17
MOCK-UAN-2244-9207,35,Gujarat,Bihar,Manufacturing,310,Unskilled,PM-Kisan,2026-04-26
MOCK-UAN-2518-1649,31,Tamil Nadu,Jharkhand,Agriculture,854,Highly-skilled,None,2026-04-17
MOCK-UAN-1423-6676,47,Odisha,Odisha,Agriculture,686,Skilled,PM-SYM,2024-10-09
MOCK-UAN-5207-5879,35,Bihar,Karnataka,Gig Worker,368,Unskilled,Ayushman Bharat,2025-12-18
MOCK-UAN-9140-7110,45,Jharkhand,Jharkhand,Gig Worker,397,Unskilled,eShram,2025-01-09
MOCK-UAN-9858-3930,53,Maharashtra,Andhra Pradesh,Agriculture,477,Semi-skilled,None,2026-06-16
MOCK-UAN-7429-1473,60,Karnataka,Maharashtra,Gig Worker,670,Skilled,PM-Kisan,2026-04-21
MOCK-UAN-8626-8890,41,Gujarat,Uttar Pradesh,Manufacturing,807,Highly-skilled,PM-Kisan,2025-08-13
MOCK-UAN-4051-5543,25,Uttar Pradesh,Jharkhand,Manufacturing,278,Unskilled,None,2025-12-10
MOCK-UAN-5682-8163,40,West Bengal,Karnataka,Domestic Worker,651,Skilled,None,2025-07-18
MOCK-UAN-3940-5538,26,Karnataka,Uttar Pradesh,Manufacturing,433,Semi-skilled,PM-Kisan,2026-07-31
MOCK-UAN-6950-2494,43,Tamil Nadu,Odisha,Manufacturing,407,Semi-skilled,Ayushman Bharat,2025-05-17
MOCK-UAN-7443-4940,34,Bihar,Odisha,Manufacturing,946,Highly-skilled,None,2025-07-19
MOCK-UAN-7677-4224,55,Karnataka,Karnataka,Construction,333,Unskilled,eShram,2024-11-22
MOCK-UAN-8189-3933,49,Karnataka,Karnataka,Manufacturing,274,Unskilled,None,2026-07-30
MOCK-UAN-9551-7258,46,Uttar Pradesh,Uttar Pradesh,Gig Worker,407,Unskilled,Ayushman Bharat,2026-08-18
MOCK-UAN-6315-8711,52,Uttar Pradesh,Jharkhand,Construction,988,Highly-skilled,eShram,2025-06-10
MOCK-UAN-6414-2517,52,Gujarat,Gujarat,Construction,769,Skilled,eShram,2025-04-22
MOCK-UAN-4824-9540,26,Odisha,Karnataka,Domestic Worker,341,Unskilled,PM-Kisan,2025-11-29
MOCK-UAN-7999-6159,24,Uttar Pradesh,Karnataka,Construction,407,Unskilled,None,2024-09-29
MOCK-UAN-6733-4881,57,Gujarat,Bihar,Agriculture,574,Skilled,eShram,2025-03-22
MOCK-UAN-2275-3190,34,Gujarat,Gujarat,Agriculture,548,Skilled,eShram,2026-08-20
MOCK-UAN-6919-8967,53,Karnataka,Karnataka,Gig Worker,703,Skilled,PM-SYM,2025-10-08
MOCK-UAN-3286-1093,29,Jharkhand,Jharkhand,Manufacturing,305,Unskilled,PM-SYM,2025-04-22
MOCK-UAN-9199-1822,21,Jharkhand,Tamil Nadu,Domestic Worker,246,Unskilled,PM-SYM,2026-03-15
MOCK-UAN-6161-6453,41,Karnataka,Karnataka,Gig Worker,691,Skilled,eShram,2025-02-15
MOCK-UAN-4750-2118,30,Jharkhand,Jharkhand,Construction,519,Semi-skilled,None,2025-10-19
MOCK-UAN-5303-9479,33,Tamil Nadu,Andhra Pradesh,Domestic Worker,618,Skilled,None,2026-05-22
MOCK-UAN-9146-4380,26,Odisha,Odisha,Manufacturing,625,Skilled,PM-Kisan,2025-06-21
MOCK-UAN-7995-3321,48,Bihar,Bihar,Gig Worker,1014,Highly-skilled,PM-SYM,2025-05-28
MOCK-UAN-9605-5532,40,Odisha,Andhra Pradesh,Domestic Worker,274,Unskilled,None,2025-10-28
MOCK-UAN-1460-5864,47,West Bengal,Andhra Pradesh,Manufacturing,424,Semi-skilled,None,2025-07-09
MOCK-UAN-6432-9225,52,Odisha,Karnataka,Gig Worker,640,Skilled,Ayushman Bharat,2025-07-19
MOCK-UAN-4973-2345,27,West Bengal,West Bengal,Gig Worker,7,Unskilled,PM-Kisan,2025-03-10
MOCK-UAN-5025-1725,55,West Bengal,Bihar,Gig Worker,550,Semi-skilled,PM-SYM,2025-03-20
MOCK-UAN-2212-6590,59,Bihar,Bihar,Domestic Worker,588,Skilled,PM-SYM,2025-04-18
MOCK-UAN-5569-1525,38,Uttar Pradesh,Uttar Pradesh,Manufacturing,553,Skilled,eShram,2025-05-08
MOCK-UAN-1020-9805,46,Karnataka,Bihar,Domestic Worker,446,Unskilled,PM-SYM,2025-04-16
MOCK-UAN-4963-5701,47,West Bengal,West Bengal,Gig Worker,496,Semi-skilled,None,2026-01-06
MOCK-UAN-9715-6072,45,Uttar Pradesh,Uttar Pradesh,Gig Worker,378,Unskilled,PM-SYM,2026-06-22
MOCK-UAN-6799-5219,33,Karnataka,Karnataka,Manufacturing,470,Semi-skilled,PM-SYM,2025-09-14
MOCK-UAN-9815-3851,22,Odisha,Uttar Pradesh,Agriculture,930,Highly-skilled,PM-Kisan,2026-04-05
MOCK-UAN-2309-3445,40,Tamil Nadu,Tamil Nadu,Domestic Worker,497,Semi-skilled,PM-Kisan,2025-03-06
MOCK-UAN-1343-8818,52,Bihar,Maharashtra,Agriculture,990,Highly-skilled,PM-SYM,2026-07-25
MOCK-UAN-1958-8491,49,Odisha,Odisha,Gig Worker,725,Skilled,Ayushman Bharat,2026-09-14
MOCK-UAN-5922-8682,38,Odisha,Odisha,Construction,297,Unskilled,eShram,2025-01-05
MOCK-UAN-7802-9624,49,Maharashtra,Andhra Pradesh,Gig Worker,687,Skilled,eShram,2025-10-16
MOCK-UAN-6198-8032,32,Odisha,Odisha,Manufacturing,615,Skilled,Ayushman Bharat,2026-02-22
MOCK-UAN-2630-1205,54,Andhra Pradesh,Gujarat,Domestic Worker,703,Skilled,PM-Kisan,2026-09-14
MOCK-UAN-7193-4119,61,Jharkhand,Jharkhand,Manufacturing,530,Skilled,PM-SYM,2025-03-25
MOCK-UAN-2162-3533,42,Uttar Pradesh,Andhra Pradesh,Gig Worker,610,Semi-skilled,PM-Kisan,2025-12-08
MOCK-UAN-9458-9967,19,Karnataka,Gujarat,Agriculture,908,Highly-skilled,PM-SYM,2025-10-07
MOCK-UAN-6126-1043,64,Bihar,Karnataka,Agriculture,491,Semi-skilled,eShram,2025-09-03
MOCK-UAN-4095-6460,19,Jharkhand,Bihar,Construction,944,Highly-skilled,PM-SYM,2026-04-18
MOCK-UAN-3293-3929,26,Andhra Pradesh,Maharashtra,Gig Worker,357,Unskilled,PM-Kisan,2026-05-08
MOCK-UAN-6887-7282,21,West Bengal,Andhra Pradesh,Agriculture,937,Highly-skilled,None,2024-11-26
MOCK-UAN-2909-1254,23,Uttar Pradesh,Odisha,Gig Worker,732,Skilled,None,2025-09-10
MOCK-UAN-2632-2995,49,Maharashtra,Karnataka,Manufacturing,648,Skilled,PM-SYM,2025-11-01
MOCK-UAN-9235-6981,47,Gujarat,Gujarat,Gig Worker,999,Highly-skilled,eShram,2025-01-17
MOCK-UAN-4909-6707,21,Jharkhand,Jharkhand,Agriculture,270,Unskilled,None,2025-04-23
MOCK-UAN-6725-3531,35,Bihar,Bihar,Manufacturing,12893,Skilled,Ayushman Bharat,2025-11-30
MOCK-UAN-7251-9795,44,Gujarat,Uttar Pradesh,Manufacturing,340,Unskilled,Ayushman Bharat,2025-03-03
MOCK-UAN-5997-1136,19,Andhra Pradesh,Andhra Pradesh,Construction,371,Unskilled,eShram,2025-12-13
MOCK-UAN-8329-9365,35,Karnataka,Karnataka,Construction,901,Highly-skilled,eShram,2026-02-16
MOCK-UAN-4120-3956,27,Tamil Nadu,Tamil Nadu,Domestic Worker,423,Semi-skilled,eShram,2026-01-20
MOCK-UAN-3694-3314,31,Maharashtra,Andhra Pradesh,Construction,626,Skilled,Ayushman Bharat,2025-01-14
MOCK-UAN-7633-7046,16,West Bengal,West Bengal,Manufacturing,2500,Highly-skilled,PM-SYM,2026-08-31
MOCK-UAN-1585-1311,40,Odisha,Bihar,Domestic Worker,859,Highly-skilled,eShram,2026-07-06
MOCK-UAN-9185-4911,57,Maharashtra,Maharashtra,Gig Worker,643,Skilled,PM-Kisan,2026-07-27
MOCK-UAN-5672-1919,26,Gujarat,Gujarat,Manufacturing,429,Semi-skilled,PM-SYM,2025-08-08
MOCK-UAN-6695-6750,61,West Bengal,Andhra Pradesh,Domestic Worker,863,Highly-skilled,Ayushman Bharat,2026-02-07
MOCK-UAN-8551-6382,24,Maharashtra,Uttar Pradesh,Domestic Worker,368,Semi-skilled,eShram,2025-05-09
MOCK-UAN-7359-9781,58,Tamil Nadu,Maharashtra,Domestic Worker,401,Unskilled,eShram,2026-02-15
MOCK-UAN-5887-2788,53,Uttar Pradesh,Maharashtra,Gig Worker,1062,Highly-skilled,Ayushman Bharat,2025-08-11
MOCK-UAN-2076-8699,46,Maharashtra,West Bengal,Construction,311,Unskilled,PM-SYM,2025-11-21
MOCK-UAN-7580-1724,40,Uttar Pradesh,Uttar Pradesh,Domestic Worker,913,Highly-skilled,PM-SYM,2025-03-22
MOCK-UAN-4816-2294,58,Andhra Pradesh,Karnataka,Gig Worker,1020,Highly-skilled,None,2025-08-02
MOCK-UAN-1004-8115,62,Andhra Pradesh,Odisha,Manufacturing,959,Highly-skilled,PM-SYM,2026-06-02
MOCK-UAN-7295-7601,24,Bihar,Bihar,Domestic Worker,409,Semi-skilled,PM-Kisan,2026-06-01
MOCK-UAN-8877-6131,50,Gujarat,Tamil Nadu,Domestic Worker,504,Semi-skilled,PM-SYM,2026-05-07
MOCK-UAN-4657-4247,62,Gujarat,Uttar Pradesh,Domestic Worker,422,Semi-skilled,PM-Kisan,2026-06-21
MOCK-UAN-2547-9454,61,Gujarat,West Bengal,Agriculture,833,Highly-skilled,PM-Kisan,2025-12-01
MOCK-UAN-6196-5503,55,Gujarat,Gujarat,Gig Worker,586,Semi-skilled,PM-SYM,2025-11-15
MOCK-UAN-3509-6543,39,West Bengal,West Bengal,Construction,414,Unskilled,eShram,2025-09-08
MOCK-UAN-8536-7033,43,Maharashtra,Tamil Nadu,Domestic Worker,429,Unskilled,PM-SYM,2026-02-16
MOCK-UAN-4809-5755,53,West Bengal,Bihar,Domestic Worker,390,Semi-skilled,None,2025-03-01
MOCK-UAN-8249-9291,31,Uttar Pradesh,Maharashtra,Gig Worker,434,Unskilled,PM-Kisan,2024-12-15
MOCK-UAN-8763-2409,49,Karnataka,Karnataka,Construction,329,Unskilled,eShram,2026-05-28
MOCK-UAN-4584-8155,22,Karnataka,West Bengal,Agriculture,339,Unskilled,None,2026-06-18
MOCK-UAN-9224-5456,58,West Bengal,Andhra Pradesh,Construction,276,Unskilled,PM-SYM,2025-05-06
MOCK-UAN-3760-2924,35,West Bengal,Uttar Pradesh,Construction,286,Unskilled,PM-SYM,2025-05-26
MOCK-UAN-3648-2784,40,West Bengal,West Bengal,Construction,461,Semi-skilled,None,2026-01-31
MOCK-UAN-5367-5728,-5,Karnataka,Karnataka,Agriculture,603,Skilled,None,2024-12-01
MOCK-UAN-6083-7984,53,Odisha,Odisha,Agriculture,417,Semi-skilled,eShram,2025-10-26
MOCK-UAN-8260-6071,49,Andhra Pradesh,Andhra Pradesh,Domestic Worker,332,Unskilled,Ayushman Bharat,2026-02-24
MOCK-UAN-2944-4033,62,Odisha,Odisha,Domestic Worker,501,Semi-skilled,eShram,2026-03-03
MOCK-UAN-7158-6694,45,Bihar,Odisha,Domestic Worker,929,Highly-skilled,PM-Kisan,2025-05-22
MOCK-UAN-2936-7308,64,Odisha,Odisha,Gig Worker,1080,Highly-skilled,None,2025-06-26
MOCK-UAN-7173-6817,47,Uttar Pradesh,Uttar Pradesh,Manufacturing,620,Skilled,PM-Kisan,2025-12-19
MOCK-UAN-6238-8601,49,Gujarat,Odisha,Construction,289,Unskilled,None,2025-06-05
MOCK-UAN-4148-5066,48,Maharashtra,Maharashtra,Gig Worker,618,Semi-skilled,Ayushman Bharat,2026-01-06
MOCK-UAN-2529-3878,45,Karnataka,Gujarat,Agriculture,869,Highly-skilled,PM-SYM,2025-12-16
MOCK-UAN-9923-7030,34,Gujarat,Tamil Nadu,Gig Worker,445,Unskilled,None,2026-04-01
MOCK-UAN-6443-9420,46,West Bengal,Odisha,Domestic Worker,378,Unskilled,eShram,2026-08-08
MOCK-UAN-6677-6466,49,Gujarat,Gujarat,Gig Worker,422,Unskilled,PM-Kisan,2026-03-04
MOCK-UAN-9161-1522,46,Odisha,Odisha,Construction,275,Unskilled,None,2026-05-24
MOCK-UAN-5620-4683,37,Uttar Pradesh,Uttar Pradesh,Domestic Worker,854,Highly-skilled,Ayushman Bharat,2025-06-24
MOCK-UAN-7504-8995,25,Bihar,Bihar,Gig Worker,766,Skilled,PM-Kisan,2026-03-10
MOCK-UAN-7178-4925,34,Maharashtra,Andhra Pradesh,Domestic Worker,591,Skilled,PM-SYM,2025-11-16
MOCK-UAN-7419-8457,29,Uttar Pradesh,Karnataka,Gig Worker,1003,Highly-skilled,PM-SYM,2024-12-09
MOCK-UAN-5040-3337,24,Tamil Nadu,Tamil Nadu,Manufacturing,937,Highly-skilled,None,2026-06-15
MOCK-UAN-2945-8614,25,Andhra Pradesh,Gujarat,Domestic Worker,484,Semi-skilled,PM-SYM,2026-01-15
MOCK-UAN-9449-1366,27,Jharkhand,Bihar,Domestic Worker,913,Highly-skilled,PM-SYM,2025-05-04
MOCK-UAN-2472-8760,33,Uttar Pradesh,West Bengal,Agriculture,289,Unskilled,Ayushman Bharat,2025-11-06
MOCK-UAN-6659-6967,37,Tamil Nadu,Jharkhand,Gig Worker,534,Semi-skilled,Ayushman Bharat,2025-09-22
MOCK-UAN-7799-5942,65,Odisha,Gujarat,Manufacturing,492,Semi-skilled,PM-SYM,2026-04-17
MOCK-UAN-7751-6041,50,Gujarat,Andhra Pradesh,Manufacturing,627,Skilled,Ayushman Bharat,2025-04-16
MOCK-UAN-6194-1023,22,Odisha,Tamil Nadu,Gig Worker,987,Highly-skilled,Ayushman Bharat,2025-06-14
MOCK-UAN-7996-8862,49,West Bengal,West Bengal,Gig Worker,754,Skilled,PM-SYM,2025-07-28
MOCK-UAN-3452-5489,35,West Bengal,West Bengal,Agriculture,293,Unskilled,Ayushman Bharat,2025-04-24
MOCK-UAN-1401-1283,60,Uttar Pradesh,Gujarat,Construction,607,Skilled,PM-SYM,2025-10-07
MOCK-UAN-3513-5218,58,Gujarat,Maharashtra,Gig Worker,962,Highly-skilled,PM-SYM,2026-04-14
MOCK-UAN-5591-4858,51,Uttar Pradesh,Uttar Pradesh,Construction,301,Unskilled,PM-Kisan,2025-02-24
MOCK-UAN-6937-1797,56,Bihar,Bihar,Gig Worker,536,Semi-skilled,PM-Kisan,2026-08-08
MOCK-UAN-3480-4995,43,Jharkhand,Uttar Pradesh,Gig Worker,1061,Highly-skilled,Ayushman Bharat,2026-01-29
MOCK-UAN-2961-2820,62,Odisha,Uttar Pradesh,Domestic Worker,259,Unskilled,eShram,2026-02-20
MOCK-UAN-4471-1042,19,Gujarat,Maharashtra,Domestic Worker,309,Unskilled,PM-Kisan,2025-04-19
MOCK-UAN-3784-5395,41,Bihar,Jharkhand,Manufacturing,867,Highly-skilled,None,2025-01-18
MOCK-UAN-8155-1128,49,Odisha,Odisha,Construction,936,Highly-skilled,eShram,2026-06-04
MOCK-UAN-3446-4885,32,Tamil Nadu,Maharashtra,Gig Worker,624,Skilled,eShram,2024-12-08
MOCK-UAN-5050-6770,45,Jharkhand,Jharkhand,Domestic Worker,888,Highly-skilled,eShram,2025-07-30
MOCK-UAN-1360-5467,63,Andhra Pradesh,Jharkhand,Agriculture,890,Highly-skilled,None,2024-12-16
MOCK-UAN-8030-3716,52,Odisha,Bihar,Domestic Worker,477,Semi-skilled,Ayushman Bharat,2025-07-04
MOCK-UAN-3638-2585,43,Maharashtra,West Bengal,Construction,511,Semi-skilled,PM-Kisan,2025-11-30
MOCK-UAN-5666-8195,32,Jharkhand,Jharkhand,Gig Worker,490,Semi-skilled,eShram,2025-02-03
MOCK-UAN-8090-4276,46,West Bengal,West Bengal,Manufacturing,354,Unskilled,eShram,2025-08-29
MOCK-UAN-5810-6609,15,West Bengal,West Bengal,Domestic Worker,2500,Highly-skilled,None,2025-09-05
MOCK-UAN-5546-5229,47,Uttar Pradesh,Uttar Pradesh,Manufacturing,909,Highly-skilled,Ayushman Bharat,2025-04-22
MOCK-UAN-2277-1057,40,Karnataka,Andhra Pradesh,Manufacturing,599,Skilled,eShram,2025-09-08
MOCK-UAN-5042-3100,35,Uttar Pradesh,Uttar Pradesh,Domestic Worker,424,Semi-skilled,Ayushman Bharat,2025-05-01
MOCK-UAN-8365-8910,38,Uttar Pradesh,Odisha,Construction,660,Skilled,None,2024-10-13
MOCK-UAN-7938-3915,40,Andhra Pradesh,Karnataka,Gig Worker,573,Semi-skilled,PM-SYM,2025-05-04
MOCK-UAN-5244-5673,53,Karnataka,Odisha,Agriculture,362,Semi-skilled,None,2025-01-12
MOCK-UAN-9500-4894,18,Tamil Nadu,Tamil Nadu,Domestic Worker,423,Semi-skilled,PM-SYM,2026-04-11
MOCK-UAN-9334-3876,19,Karnataka,Karnataka,Construction,487,Semi-skilled,eShram,2024-10-21
MOCK-UAN-3119-6839,29,Bihar,Tamil Nadu,Gig Worker,562,Semi-skilled,Ayushman Bharat,2026-08-11
MOCK-UAN-2343-4466,-3,Jharkhand,Maharashtra,Domestic Worker,359,Unskilled,eShram,2026-06-06
MOCK-UAN-3775-8851,56,West Bengal,West Bengal,Gig Worker,661,Skilled,None,2026-04-23
MOCK-UAN-9396-9608,33,Tamil Nadu,Tamil Nadu,Agriculture,425,Semi-skilled,eShram,2025-11-30
MOCK-UAN-4801-3919,28,Uttar Pradesh,Andhra Pradesh,Manufacturing,874,Highly-skilled,PM-SYM,2024-09-27
MOCK-UAN-9751-2705,49,Bihar,Bihar,Construction,909,Highly-skilled,PM-Kisan,2025-04-17
MOCK-UAN-9357-7048,54,Jharkhand,Jharkhand,Construction,632,Skilled,PM-SYM,2026-04-21
MOCK-UAN-9359-7826,42,Andhra Pradesh,West Bengal,Agriculture,638,Skilled,PM-SYM,2024-12-29
MOCK-UAN-2801-7115,55,Andhra Pradesh,Tamil Nadu,Domestic Worker,847,Highly-skilled,eShram,2025-06-22
MOCK-UAN-1350-2731,27,Tamil Nadu,Tamil Nadu,Manufacturing,621,Skilled,PM-Kisan,2026-08-22
MOCK-UAN-4756-3216,54,Karnataka,Gujarat,Manufacturing,214,Unskilled,Ayushman Bharat,2025-07-31
MOCK-UAN-4016-6566,61,Odisha,Odisha,Domestic Worker,571,Skilled,None,2024-12-07
MOCK-UAN-5948-8197,60,Karnataka,West Bengal,Construction,333,Unskilled,PM-SYM,2025-05-10
MOCK-UAN-4587-7580,32,Tamil Nadu,Tamil Nadu,Construction,1033,Highly-skilled,eShram,2025-04-09
MOCK-UAN-6544-2419,41,Tamil Nadu,Odisha,Manufacturing,886,Highly-skilled,eShram,2025-01-05
MOCK-UAN-5457-4624,52,Karnataka,Bihar,Construction,539,Skilled,Ayushman Bharat,2025-02-11
MOCK-UAN-2898-2841,62,West Bengal,West Bengal,Domestic Worker,500,Skilled,PM-Kisan,2025-06-04
MOCK-UAN-2878-3423,64,Gujarat,Tamil Nadu,Construction,951,Highly-skilled,eShram,2025-05-11
MOCK-UAN-7389-7931,37,West Bengal,Maharashtra,Construction,530,Semi-skilled,None,2026-06-03
MOCK-UAN-9959-1951,25,Bihar,Karnataka,Gig Worker,568,Semi-skilled,eShram,2025-06-22
MOCK-UAN-4853-3603,-5,Tamil Nadu,Tamil Nadu,Domestic Worker,608,Skilled,PM-SYM,2026-07-29
MOCK-UAN-9209-2974,59,Odisha,Tamil Nadu,Agriculture,358,Unskilled,None,2025-04-13
MOCK-UAN-1668-4498,35,Tamil Nadu,Tamil Nadu,Agriculture,423,Semi-skilled,PM-SYM,2025-07-02
MOCK-UAN-1809-9593,20,Odisha,Odisha,Construction,394,Unskilled,None,2026-05-08
MOCK-UAN-9862-2530,56,West Bengal,West Bengal,Gig Worker,468,Semi-skilled,PM-SYM,2025-10-27
MOCK-UAN-3759-7379,42,Uttar Pradesh,Maharashtra,Construction,904,Highly-skilled,Ayushman Bharat,2024-09-17
MOCK-UAN-1443-8055,35,Andhra Pradesh,Bihar,Manufacturing,809,Highly-skilled,PM-SYM,2024-11-12
MOCK-UAN-8235-7157,41,Bihar,Gujarat,Domestic Worker,436,Semi-skilled,PM-SYM,2026-03-22
MOCK-UAN-4524-9172,36,Odisha,Tamil Nadu,Domestic Worker,447,Semi-skilled,PM-Kisan,2025-06-14
MOCK-UAN-7311-6443,34,Odisha,Odisha,Agriculture,905,Highly-skilled,PM-Kisan,2025-01-01
MOCK-UAN-7722-9473,53,West Bengal,West Bengal,Construction,953,Highly-skilled,PM-Kisan,2025-10-04
MOCK-UAN-4904-3880,21,Bihar,Andhra Pradesh,Gig Worker,353,Unskilled,None,2026-06-19
MOCK-UAN-2977-8606,65,Gujarat,Jharkhand,Agriculture,590,Skilled,PM-Kisan,2026-04-24
MOCK-UAN-8206-8591,44,Bihar,Bihar,Construction,275,Unskilled,None,2026-02-11
MOCK-UAN-6096-3077,34,Gujarat,Andhra Pradesh,Construction,718,Skilled,eShram,2025-09-03
MOCK-UAN-7738-6170,49,Bihar,Tamil Nadu,Agriculture,584,Skilled,PM-Kisan,2025-07-20
MOCK-UAN-8216-6781,23,Odisha,Uttar Pradesh,Domestic Worker,275,Unskilled,PM-SYM,2026-07-22
MOCK-UAN-1459-1351,39,Uttar Pradesh,Uttar Pradesh,Agriculture,679,Skilled,PM-Kisan,2025-04-27
MOCK-UAN-2794-7897,40,Maharashtra,West Bengal,Gig Worker,337,Unskilled,None,2025-11-02
MOCK-UAN-7591-8963,40,Jharkhand,Jharkhand,Agriculture,5025,Semi-skilled,PM-SYM,2025-05-19
MOCK-UAN-9090-1148,43,Tamil Nadu,Tamil Nadu,Construction,295,Unskilled,eShram,2025-06-26
MOCK-UAN-1956-8746,46,West Bengal,Maharashtra,Agriculture,296,Unskilled,PM-Kisan,2025-11-20
MOCK-UAN-1799-2686,54,Jharkhand,Jharkhand,Manufacturing,321,Unskilled,None,2026-05-06
MOCK-UAN-7873-1020,23,Karnataka,Karnataka,Manufacturing,486,Semi-skilled,None,2025-09-01
MOCK-UAN-2103-4342,26,Gujarat,Tamil Nadu,Agriculture,578,Semi-skilled,None,2026-04-07
MOCK-UAN-3172-1941,21,Jharkhand,Uttar Pradesh,Construction,537,Skilled,None,2026-01-10
MOCK-UAN-1279-8424,24,West Bengal,West Bengal,Agriculture,480,Semi-skilled,eShram,2025-01-08
MOCK-UAN-6572-7612,36,West Bengal,Gujarat,Gig Worker,972,Highly-skilled,Ayushman Bharat,2025-03-31
MOCK-UAN-9340-5237,14,Maharashtra,Tamil Nadu,Domestic Worker,2500,Highly-skilled,PM-SYM,2025-05-12
MOCK-UAN-9534-8648,22,Gujarat,Maharashtra,Construction,469,Semi-skilled,eShram,2026-05-01
MOCK-UAN-2567-9386,27,Bihar,Bihar,Agriculture,554,Skilled,None,2025-06-11
MOCK-UAN-2435-3192,41,Bihar,Odisha,Domestic Worker,534,Semi-skilled,eShram,2026-05-19
MOCK-UAN-2185-5982,35,Tamil Nadu,Tamil Nadu,Manufacturing,942,Highly-skilled,None,2026-05-03
MOCK-UAN-7173-3466,40,Maharashtra,Bihar,Construction,951,Highly-skilled,PM-SYM,2025-05-23
MOCK-UAN-8857-5397,25,Karnataka,Tamil Nadu,Domestic Worker,517,Semi-skilled,eShram,2026-04-10
MOCK-UAN-3920-3114,32,Karnataka,Gujarat,Agriculture,374,Semi-skilled,eShram,2026-07-24
MOCK-UAN-6826-2384,56,Odisha,Odisha,Gig Worker,333,Unskilled,PM-SYM,2024-11-24
MOCK-UAN-3649-8240,18,Odisha,Odisha,Domestic Worker,341,Semi-skilled,PM-SYM,2025-11-20
MOCK-UAN-8028-5205,26,Andhra Pradesh,Andhra Pradesh,Construction,315,Unskilled,None,2026-08-26
MOCK-UAN-5023-2231,20,Bihar,Jharkhand,Construction,658,Skilled,None,2025-04-21
MOCK-UAN-1767-6100,55,Tamil Nadu,Tamil Nadu,Manufacturing,905,Highly-skilled,Ayushman Bharat,2025-04-16
MOCK-UAN-3975-3219,47,West Bengal,Jharkhand,Domestic Worker,307,Unskilled,eShram,2025-08-29
MOCK-UAN-3971-6038,35,West Bengal,Andhra Pradesh,Manufacturing,829,Highly-skilled,PM-Kisan,2026-09-12
MOCK-UAN-8580-8751,43,Tamil Nadu,Gujarat,Domestic Worker,490,Semi-skilled,PM-Kisan,2025-04-25
MOCK-UAN-2194-3722,59,Uttar Pradesh,Maharashtra,Agriculture,911,Highly-skilled,Ayushman Bharat,2026-05-03
MOCK-UAN-2078-2248,43,Andhra Pradesh,Andhra Pradesh,Agriculture,936,Highly-skilled,PM-Kisan,2026-08-13
MOCK-UAN-3590-3375,28,Maharashtra,Maharashtra,Agriculture,505,Skilled,PM-Kisan,2025-07-08
MOCK-UAN-5949-9779,37,West Bengal,Gujarat,Domestic Worker,615,Skilled,Ayushman Bharat,2025-04-04
MOCK-UAN-7028-8593,26,Odisha,Odisha,Construction,590,Skilled,eShram,2025-10-08
MOCK-UAN-8858-2052,32,Maharashtra,Maharashtra,Construction,630,Skilled,eShram,2025-05-22
MOCK-UAN-7497-2888,26,Maharashtra,Maharashtra,Agriculture,626,Skilled,Ayushman Bharat,2025-09-25
MOCK-UAN-3413-6489,64,Odisha,Odisha,Gig Worker,1004,Highly-skilled,eShram,2024-09-25
MOCK-UAN-8677-8231,58,Maharashtra,West Bengal,Domestic Worker,257,Unskilled,eShram,2026-06-03
MOCK-UAN-4503-5183,43,West Bengal,Andhra Pradesh,Manufacturing,600,Skilled,eShram,2026-06-26
MOCK-UAN-4117-9994,28,West Bengal,West Bengal,Domestic Worker,223,Unskilled,PM-Kisan,2025-04-18
MOCK-UAN-6250-1215,46,Maharashtra,Maharashtra,Agriculture,657,Skilled,Ayushman Bharat,2024-09-26
MOCK-UAN-7409-9346,25,Tamil Nadu,Bihar,Agriculture,889,Highly-skilled,eShram,2025-12-30
MOCK-UAN-6466-7476,58,Gujarat,West Bengal,Manufacturing,505,Semi-skilled,None,2025-03-15
MOCK-UAN-9280-3017,37,Uttar Pradesh,Uttar Pradesh,Manufacturing,573,Skilled,PM-SYM,2026-09-11
MOCK-UAN-5399-8411,39,Maharashtra,Maharashtra,Construction,623,Skilled,Ayushman Bharat,2025-10-14
MOCK-UAN-4999-9914,34,Tamil Nadu,Gujarat,Construction,311,Unskilled,eShram,2026-06-22
MOCK-UAN-9539-9237,37,West Bengal,Bihar,Gig Worker,443,Unskilled,Ayushman Bharat,2026-05-29
MOCK-UAN-9526-4837,19,Odisha,Odisha,Gig Worker,514,Semi-skilled,PM-SYM,2025-03-02
MOCK-UAN-6058-2131,49,Gujarat,West Bengal,Construction,982,Highly-skilled,PM-Kisan,2025-04-09
MOCK-UAN-3603-3697,42,Gujarat,Andhra Pradesh,Construction,330,Unskilled,PM-Kisan,2026-07-26
MOCK-UAN-4627-6369,62,Uttar Pradesh,Karnataka,Gig Worker,601,Skilled,PM-Kisan,2025-09-08
MOCK-UAN-2888-3312,23,Maharashtra,Uttar Pradesh,Construction,321,Unskilled,eShram,2025-08-27
MOCK-UAN-4252-8072,64,Uttar Pradesh,Maharashtra,Manufacturing,241,Unskilled,None,2026-01-14
MOCK-UAN-8121-5889,36,Andhra Pradesh,Jharkhand,Agriculture,5,Semi-skilled,eShram,2025-05-25
MOCK-UAN-9090-3958,19,Tamil Nadu,Maharashtra,Gig Worker,340,Unskilled,None,2026-07-11
MOCK-UAN-6314-6763,38,Andhra Pradesh,Tamil Nadu,Agriculture,346,Unskilled,Ayushman Bharat,2026-03-04
MOCK-UAN-7419-1881,47,Jharkhand,Odisha,Domestic Worker,9492,Skilled,PM-Kisan,2026-06-27
MOCK-UAN-9717-7657,42,West Bengal,Andhra Pradesh,Construction,341,Unskilled,None,2026-06-24
MOCK-UAN-3949-9687,40,Uttar Pradesh,Uttar Pradesh,Gig Worker,432,Unskilled,Ayushman Bharat,2025-03-12
MOCK-UAN-7967-2691,34,Bihar,Uttar Pradesh,Manufacturing,348,Unskilled,None,2025-06-05
MOCK-UAN-1479-1738,60,Tamil Nadu,Uttar Pradesh,Construction,948,Highly-skilled,PM-Kisan,2026-06-05
MOCK-UAN-8255-8760,64,West Bengal,Bihar,Construction,611,Skilled,PM-Kisan,2025-09-28
MOCK-UAN-6702-1405,65,Tamil Nadu,Tamil Nadu,Gig Worker,611,Skilled,PM-Kisan,2025-12-16
MOCK-UAN-1721-6051,24,Uttar Pradesh,Bihar,Agriculture,265,Unskilled,PM-Kisan,2026-02-27
MOCK-UAN-6722-2270,38,Gujarat,Gujarat,Gig Worker,519,Semi-skilled,PM-Kisan,2025-01-10
MOCK-UAN-4269-8472,58,Odisha,Bihar,Manufacturing,605,Skilled,PM-SYM,2025-07-27
MOCK-UAN-7615-4860,32,Andhra Pradesh,Andhra Pradesh,Domestic Worker,582,Skilled,None,2026-07-03
MOCK-UAN-5993-2678,38,Odisha,West Bengal,Agriculture,484,Semi-skilled,None,2025-10-09
MOCK-UAN-8482-5557,24,Gujarat,West Bengal,Agriculture,869,Highly-skilled,None,2025-12-10
MOCK-UAN-7867-4374,61,Karnataka,Uttar Pradesh,Gig Worker,997,Highly-skilled,PM-SYM,2026-07-15
MOCK-UAN-2860-2546,43,West Bengal,Tamil Nadu,Gig Worker,759,Skilled,PM-SYM,2025-05-16
MOCK-UAN-9972-3685,38,Gujarat,Gujarat,Agriculture,467,Semi-skilled,eShram,2026-04-01
MOCK-UAN-3712-9575,30,Bihar,Bihar,Domestic Worker,296,Unskilled,Ayushman Bharat,2026-06-05
MOCK-UAN-1744-2338,15,Karnataka,Karnataka,Manufacturing,2500,Highly-skilled,PM-Kisan,2024-12-19
MOCK-UAN-8783-8146,24,Odisha,Odisha,Agriculture,418,Semi-skilled,eShram,2026-04-09
MOCK-UAN-6277-9831,27,Uttar Pradesh,Uttar Pradesh,Manufacturing,257,Unskilled,PM-Kisan,2024-10-10
MOCK-UAN-1707-3956,47,West Bengal,West Bengal,Agriculture,872,Highly-skilled,Ayushman Bharat,2025-03-31
MOCK-UAN-5720-3680,39,Uttar Pradesh,Tamil Nadu,Manufacturing,337,Unskilled,eShram,2025-10-15
MOCK-UAN-2770-6216,60,Uttar Pradesh,Karnataka,Domestic Worker,438,Semi-skilled,PM-SYM,2026-01-23
MOCK-UAN-3855-8522,27,Jharkhand,Jharkhand,Gig Worker,332,Unskilled,PM-Kisan,2026-07-10
MOCK-UAN-1417-9335,44,Maharashtra,Tamil Nadu,Agriculture,688,Skilled,eShram,2026-05-04
MOCK-UAN-6896-1766,53,Jharkhand,Andhra Pradesh,Gig Worker,715,Skilled,None,2026-09-02
MOCK-UAN-9218-1752,26,West Bengal,Andhra Pradesh,Gig Worker,929,Highly-skilled,PM-Kisan,2025-04-07
MOCK-UAN-3160-7201,53,Uttar Pradesh,Uttar Pradesh,Agriculture,277,Unskilled,Ayushman Bharat,2025-12-27
MOCK-UAN-5324-5691,47,Tamil Nadu,Maharashtra,Manufacturing,455,Semi-skilled,None,2025-04-18
MOCK-UAN-3116-5081,61,West Bengal,Andhra Pradesh,Construction,585,Semi-skilled,PM-Kisan,2026-01-11
MOCK-UAN-7901-8892,64,West Bengal,Uttar Pradesh,Manufacturing,544,Skilled,Ayushman Bharat,2026-04-06
MOCK-UAN-3785-2981,26,West Bengal,Gujarat,Domestic Worker,348,Unskilled,eShram,2025-08-08
MOCK-UAN-4556-3859,63,Jharkhand,West Bengal,Gig Worker,619,Semi-skilled,Ayushman Bharat,2026-05-28
MOCK-UAN-1948-9450,31,West Bengal,Bihar,Agriculture,568,Skilled,PM-Kisan,2026-04-22
MOCK-UAN-4138-3079,29,West Bengal,West Bengal,Agriculture,886,Highly-skilled,None,2025-01-15
MOCK-UAN-8286-2328,20,West Bengal,West Bengal,Domestic Worker,848,Highly-skilled,eShram,2025-02-12
MOCK-UAN-2817-4930,59,Maharashtra,Gujarat,Gig Worker,389,Unskilled,Ayushman Bharat,2025-09-03
MOCK-UAN-5946-5216,46,Jharkhand,Andhra Pradesh,Construction,648,Skilled,PM-Kisan,2026-06-02
MOCK-UAN-9067-5315,34,Jharkhand,Jharkhand,Agriculture,932,Highly-skilled,eShram,2024-10-17
MOCK-UAN-5146-9439,41,Andhra Pradesh,West Bengal,Agriculture,504,Semi-skilled,eShram,2024-11-05
MOCK-UAN-1855-7556,60,Andhra Pradesh,Andhra Pradesh,Domestic Worker,412,Semi-skilled,PM-SYM,2026-07-01
MOCK-UAN-8987-4984,45,Gujarat,Tamil Nadu,Domestic Worker,501,Skilled,PM-Kisan,2026-02-28
MOCK-UAN-8971-2533,64,Tamil Nadu,Maharashtra,Gig Worker,548,Semi-skilled,Ayushman Bharat,2025-04-30
MOCK-UAN-9172-1610,29,Maharashtra,Tamil Nadu,Construction,664,Skilled,None,2026-05-16
MOCK-UAN-8512-7222,24,Odisha,West Bengal,Construction,512,Semi-skilled,PM-SYM,2025-12-31
MOCK-UAN-7566-3535,35,West Bengal,Tamil Nadu,Gig Worker,533,Semi-skilled,Ayushman Bharat,2025-05-14
MOCK-UAN-2897-8370,63,Maharashtra,Maharashtra,Manufacturing,456,Semi-skilled,PM-SYM,2024-12-04
MOCK-UAN-1372-2042,25,Karnataka,Tamil Nadu,Agriculture,975,Highly-skilled,None,2025-12-29
MOCK-UAN-8862-5059,41,Bihar,Karnataka,Manufacturing,619,Skilled,Ayushman Bharat,2025-06-08
MOCK-UAN-9324-1695,63,Karnataka,Karnataka,Manufacturing,881,Highly-skilled,None,2026-02-28
MOCK-UAN-9441-1857,33,Andhra Pradesh,Andhra Pradesh,Agriculture,424,Semi-skilled,eShram,2026-08-06
MOCK-UAN-1031-1159,53,Maharashtra,Bihar,Domestic Worker,891,Highly-skilled,PM-SYM,2025-08-08
MOCK-UAN-1299-4210,57,Maharashtra,Uttar Pradesh,Domestic Worker,381,Unskilled,eShram,2025-09-28
MOCK-UAN-2727-5084,46,Maharashtra,Gujarat,Construction,640,Skilled,PM-Kisan,2026-02-24
MOCK-UAN-9936-2774,57,West Bengal,Tamil Nadu,Domestic Worker,899,Highly-skilled,eShram,2025-02-03
MOCK-UAN-3181-8880,51,Andhra Pradesh,Andhra Pradesh,Gig Worker,525,Semi-skilled,PM-Kisan,2026-03-21
MOCK-UAN-2542-1638,44,Jharkhand,Karnataka,Manufacturing,954,Highly-skilled,eShram,2024-10-26
MOCK-UAN-9893-2041,42,Odisha,Uttar Pradesh,Domestic Worker,997,Highly-skilled,None,2024-10-25
MOCK-UAN-7223-9811,65,Gujarat,Gujarat,Agriculture,622,Skilled,Ayushman Bharat,2025-04-02
MOCK-UAN-2733-6620,34,Jharkhand,Maharashtra,Agriculture,604,Skilled,None,2026-06-24
MOCK-UAN-1761-9608,49,Jharkhand,Tamil Nadu,Gig Worker,551,Semi-skilled,PM-SYM,2025-04-16
MOCK-UAN-7100-3592,25,Tamil Nadu,Tamil Nadu,Gig Worker,880,Highly-skilled,eShram,2026-06-09
MOCK-UAN-4630-5705,22,Gujarat,Maharashtra,Domestic Worker,487,Semi-skilled,None,2026-01-01
MOCK-UAN-6986-8195,26,Karnataka,Bihar,Domestic Worker,606,Skilled,None,2024-10-12
MOCK-UAN-5934-7456,64,Tamil Nadu,Tamil Nadu,Manufacturing,621,Skilled,PM-SYM,2026-06-05
MOCK-UAN-9818-4805,34,West Bengal,West Bengal,Domestic Worker,864,Highly-skilled,PM-SYM,2025-11-26
MOCK-UAN-7562-3593,57,Jharkhand,West Bengal,Manufacturing,430,Semi-skilled,None,2024-10-04
MOCK-UAN-1033-9908,22,Bihar,Bihar,Construction,329,Unskilled,None,2026-09-04
MOCK-UAN-4874-2915,51,Jharkhand,Jharkhand,Gig Worker,1051,Highly-skilled,Ayushman Bharat,2024-11-26
MOCK-UAN-8940-1780,31,Jharkhand,Andhra Pradesh,Domestic Worker,281,Unskilled,PM-Kisan,2025-04-06
MOCK-UAN-3459-3636,48,Uttar Pradesh,Uttar Pradesh,Agriculture,704,Skilled,Ayushman Bharat,2025-07-02
MOCK-UAN-8900-3626,46,West Bengal,West Bengal,Domestic Worker,471,Semi-skilled,Ayushman Bharat,2025-07-01
MOCK-UAN-8531-2242,47,Uttar Pradesh,Karnataka,Domestic Worker,836,Highly-skilled,None,2026-04-20
MOCK-UAN-5273-3058,18,Gujarat,West Bengal,Manufacturing,443,Semi-skilled,eShram,2025-12-22
MOCK-UAN-3144-6196,64,Odisha,Odisha,Gig Worker,367,Unskilled,PM-Kisan,2026-02-01
MOCK-UAN-9089-1476,56,Bihar,Jharkhand,Gig Worker,290,Unskilled,eShram,2025-11-04
MOCK-UAN-2829-6985,45,Karnataka,Jharkhand,Manufacturing,529,Semi-skilled,eShram,2026-09-11
MOCK-UAN-2673-4273,30,Tamil Nadu,Odisha,Agriculture,635,Skilled,eShram,2026-01-26
MOCK-UAN-9865-4008,50,Uttar Pradesh,Bihar,Gig Worker,726,Skilled,eShram,2026-04-02
MOCK-UAN-2139-9861,28,West Bengal,West Bengal,Construction,508,Semi-skilled,Ayushman Bharat,2026-01-21
MOCK-UAN-7509-7863,45,Karnataka,Andhra Pradesh,Gig Worker,330,Unskilled,None,2025-03-07
MOCK-UAN-5366-1822,57,Odisha,Karnataka,Agriculture,275,Unskilled,eShram,2026-01-26
MOCK-UAN-9766-5224,51,Bihar,Jharkhand,Domestic Worker,942,Highly-skilled,None,2026-04-14
MOCK-UAN-2632-5760,38,Bihar,Bihar,Construction,597,Skilled,PM-Kisan,2025-11-25
MOCK-UAN-9402-6504,23,Odisha,Tamil Nadu,Manufacturing,6,Skilled,Ayushman Bharat,2026-06-26
MOCK-UAN-4507-5131,21,Bihar,West Bengal,Agriculture,438,Semi-skilled,PM-Kisan,2025-12-22
MOCK-UAN-8763-3696,26,Tamil Nadu,Gujarat,Construction,492,Semi-skilled,eShram,2025-08-25
MOCK-UAN-2927-3564,29,Karnataka,Uttar Pradesh,Agriculture,606,Skilled,Ayushman Bharat,2026-05-19
MOCK-UAN-6196-9943,26,Tamil Nadu,Karnataka,Manufacturing,936,Highly-skilled,eShram,2025-05-16
MOCK-UAN-8237-8945,51,Maharashtra,West Bengal,Agriculture,331,Unskilled,None,2025-04-09
MOCK-UAN-7564-7983,29,Gujarat,Gujarat,Domestic Worker,612,Skilled,PM-SYM,2026-05-31
MOCK-UAN-1630-8520,31,Karnataka,Karnataka,Gig Worker,459,Unskilled,None,2025-10-19
MOCK-UAN-1246-4563,43,Bihar,Gujarat,Agriculture,524,Skilled,PM-SYM,2026-08-11
MOCK-UAN-2308-6932,42,Tamil Nadu,Gujarat,Domestic Worker,625,Skilled,PM-Kisan,2025-06-06
MOCK-UAN-3077-9810,32,Tamil Nadu,Tamil Nadu,Construction,531,Semi-skilled,eShram,2026-05-15
MOCK-UAN-6841-2049,23,Karnataka,Karnataka,Domestic Worker,838,Highly-skilled,eShram,2025-11-14
MOCK-UAN-9852-1756,40,West Bengal,Andhra Pradesh,Manufacturing,224,Unskilled,Ayushman Bharat,2025-05-07
MOCK-UAN-2718-8977,41,Odisha,Karnataka,Gig Worker,962,Highly-skilled,PM-SYM,2024-10-19
MOCK-UAN-5305-6351,43,Maharashtra,Maharashtra,Construction,616,Skilled,None,2026-08-14
MOCK-UAN-7505-2703,29,Gujarat,Odisha,Domestic Worker,937,Highly-skilled,Ayushman Bharat,2025-08-24
MOCK-UAN-6243-4186,48,Odisha,Odisha,Manufacturing,269,Unskilled,None,2026-09-13
MOCK-UAN-1706-7629,39,Bihar,Odisha,Domestic Worker,857,Highly-skilled,Ayushman Bharat,2026-07-06
MOCK-UAN-8778-4180,29,Bihar,West Bengal,Domestic Worker,569,Skilled,Ayushman Bharat,2025-08-06
MOCK-UAN-8815-8571,19,Gujarat,Tamil Nadu,Agriculture,505,Semi-skilled,Ayushman Bharat,2026-03-22
MOCK-UAN-7786-5646,64,Maharashtra,Maharashtra,Manufacturing,600,Skilled,Ayushman Bharat,2024-12-08
MOCK-UAN-2162-6271,45,Tamil Nadu,West Bengal,Construction,341,Unskilled,Ayushman Bharat,2025-06-19
MOCK-UAN-9810-2331,52,Andhra Pradesh,Andhra Pradesh,Gig Worker,994,Highly-skilled,PM-Kisan,2025-05-13
MOCK-UAN-4902-2670,45,Uttar Pradesh,Uttar Pradesh,Manufacturing,364,Unskilled,None,2026-08-18
MOCK-UAN-6063-4292,28,Maharashtra,Gujarat,Domestic Worker,412,Semi-skilled,PM-Kisan,2026-03-02
MOCK-UAN-4684-4714,59,Bihar,Uttar Pradesh,Gig Worker,765,Skilled,Ayushman Bharat,2026-02-20
MOCK-UAN-3696-9219,58,Jharkhand,Jharkhand,Manufacturing,910,Highly-skilled,None,2025-08-10
MOCK-UAN-9191-8347,62,Bihar,Andhra Pradesh,Construction,491,Semi-skilled,PM-Kisan,2026-04-06
MOCK-UAN-7850-7540,44,Bihar,Andhra Pradesh,Domestic Worker,1025,Highly-skilled,Ayushman Bharat,2025-07-27
MOCK-UAN-2138-7414,27,Karnataka,Karnataka,Manufacturing,547,Skilled,PM-SYM,2025-02-13
MOCK-UAN-5833-3651,-5,Andhra Pradesh,Andhra Pradesh,Gig Worker,532,Semi-skilled,PM-Kisan,2025-01-12
MOCK-UAN-4298-7036,30,Karnataka,Jharkhand,Manufacturing,238,Unskilled,PM-Kisan,2026-01-03
MOCK-UAN-7461-2904,42,Jharkhand,Uttar Pradesh,Gig Worker,447,Unskilled,PM-SYM,2025-06-02
MOCK-UAN-2893-8184,15,Uttar Pradesh,Andhra Pradesh,Domestic Worker,2500,Highly-skilled,Ayushman Bharat,2026-04-10
MOCK-UAN-5347-2918,49,Tamil Nadu,Odisha,Gig Worker,483,Unskilled,eShram,2025-04-12
MOCK-UAN-6224-4707,-4,Odisha,Jharkhand,Construction,1011,Highly-skilled,Ayushman Bharat,2024-11-27
MOCK-UAN-4625-8414,40,Bihar,Karnataka,Agriculture,890,Highly-skilled,None,2026-03-09
MOCK-UAN-4063-4106,57,Karnataka,Karnataka,Gig Worker,531,Semi-skilled,None,2026-03-10
MOCK-UAN-3610-9613,36,Odisha,Odisha,Manufacturing,366,Semi-skilled,Ayushman Bharat,2025-09-25
MOCK-UAN-1275-2114,27,Bihar,Bihar,Domestic Worker,401,Unskilled,Ayushman Bharat,2026-08-08
MOCK-UAN-6701-3116,38,Maharashtra,Maharashtra,Agriculture,623,Skilled,eShram,2025-05-09
MOCK-UAN-8995-1951,39,Odisha,Odisha,Agriculture,575,Skilled,PM-Kisan,2025-04-25
MOCK-UAN-2152-1074,26,Andhra Pradesh,Andhra Pradesh,Gig Worker,1066,Highly-skilled,PM-SYM,2026-06-23
MOCK-UAN-5045-8037,19,Uttar Pradesh,Uttar Pradesh,Construction,451,Semi-skilled,PM-SYM,2025-06-16
MOCK-UAN-8725-6794,27,Bihar,Andhra Pradesh,Domestic Worker,620,Skilled,PM-Kisan,2025-11-30
MOCK-UAN-3872-6686,61,Tamil Nadu,Tamil Nadu,Domestic Worker,891,Highly-skilled,eShram,2026-06-21
MOCK-UAN-6279-5362,36,Bihar,Andhra Pradesh,Agriculture,6,Highly-skilled,None,2025-04-22
MOCK-UAN-3352-4547,62,Gujarat,Gujarat,Construction,946,Highly-skilled,PM-SYM,2025-10-09
MOCK-UAN-9459-9068,27,Maharashtra,Odisha,Gig Worker,627,Skilled,PM-SYM,2026-01-01
MOCK-UAN-3273-1891,37,Karnataka,Andhra Pradesh,Agriculture,453,Semi-skilled,PM-SYM,2026-08-19
MOCK-UAN-7401-3125,47,Maharashtra,Maharashtra,Agriculture,652,Skilled,eShram,2025-04-18
MOCK-UAN-4837-3555,62,Gujarat,Gujarat,Gig Worker,548,Semi-skilled,Ayushman Bharat,2024-11-13
MOCK-UAN-4411-5982,51,Maharashtra,Jharkhand,Gig Worker,438,Unskilled,PM-SYM,2025-06-08
MOCK-UAN-7731-5204,45,Karnataka,Andhra Pradesh,Gig Worker,347,Unskilled,PM-Kisan,2025-08-15
MOCK-UAN-2394-9870,-4,Jharkhand,West Bengal,Construction,348,Unskilled,PM-SYM,2026-08-24
MOCK-UAN-5526-5430,31,Maharashtra,Andhra Pradesh,Domestic Worker,268,Unskilled,PM-Kisan,2026-05-09
MOCK-UAN-4955-5164,20,Odisha,Odisha,Construction,387,Unskilled,PM-Kisan,2026-01-20
MOCK-UAN-7622-9254,36,West Bengal,Tamil Nadu,Domestic Worker,601,Skilled,eShram,2025-02-28
MOCK-UAN-8608-8206,42,West Bengal,Tamil Nadu,Agriculture,934,Highly-skilled,Ayushman Bharat,2025-07-31
MOCK-UAN-3873-9097,49,Tamil Nadu,Maharashtra,Gig Worker,754,Skilled,eShram,2026-09-09
MOCK-UAN-8229-6114,57,Uttar Pradesh,Jharkhand,Gig Worker,434,Unskilled,None,2025-04-07
MOCK-UAN-9342-2676,35,Odisha,Bihar,Agriculture,463,Semi-skilled,PM-SYM,2026-09-02
MOCK-UAN-6212-8479,49,Karnataka,Karnataka,Construction,450,Semi-skilled,Ayushman Bharat,2024-11-05
MOCK-UAN-5020-9476,42,Maharashtra,Uttar Pradesh,Construction,949,Highly-skilled,Ayushman Bharat,2026-07-01
MOCK-UAN-4573-8650,30,Uttar Pradesh,Uttar Pradesh,Manufacturing,873,Highly-skilled,eShram,2024-11-17
MOCK-UAN-8117-6247,52,Tamil Nadu,West Bengal,Manufacturing,582,Skilled,Ayushman Bharat,2026-06-21
MOCK-UAN-2111-6657,61,West Bengal,Maharashtra,Construction,481,Semi-skilled,None,2026-02-19
MOCK-UAN-9642-2685,35,Uttar Pradesh,Uttar Pradesh,Gig Worker,501,Semi-skilled,None,2026-03-13
MOCK-UAN-2875-1345,47,Tamil Nadu,Karnataka,Construction,252,Unskilled,Ayushman Bharat,2025-09-11
MOCK-UAN-2587-1710,49,Uttar Pradesh,Uttar Pradesh,Domestic Worker,266,Unskilled,PM-Kisan,2026-03-02
MOCK-UAN-7244-2710,23,Tamil Nadu,Andhra Pradesh,Construction,1,Highly-skilled,PM-SYM,2026-02-11
MOCK-UAN-3065-8474,18,Bihar,Bihar,Manufacturing,382,Semi-skilled,PM-SYM,2025-09-14
MOCK-UAN-3763-5273,29,Andhra Pradesh,Gujarat,Construction,350,Unskilled,None,2026-06-16
MOCK-UAN-8888-7839,57,Andhra Pradesh,Uttar Pradesh,Agriculture,545,Semi-skilled,None,2026-04-02
MOCK-UAN-2100-5872,63,Karnataka,Andhra Pradesh,Gig Worker,601,Semi-skilled,eShram,2026-02-05
MOCK-UAN-1527-8763,33,Jharkhand,West Bengal,Agriculture,532,Semi-skilled,PM-SYM,2025-03-19
MOCK-UAN-1585-4323,37,West Bengal,West Bengal,Construction,669,Skilled,None,2026-09-14
MOCK-UAN-4348-2337,46,Jharkhand,Jharkhand,Construction,408,Unskilled,Ayushman Bharat,2025-10-24
MOCK-UAN-2092-2165,51,Gujarat,Gujarat,Manufacturing,263,Unskilled,PM-SYM,2026-04-17
MOCK-UAN-9757-4428,40,Andhra Pradesh,Andhra Pradesh,Agriculture,567,Skilled,Ayushman Bharat,2026-04-04
MOCK-UAN-3435-6882,36,Karnataka,West Bengal,Gig Worker,563,Skilled,PM-SYM,2025-05-14
MOCK-UAN-1350-6603,35,Andhra Pradesh,Karnataka,Agriculture,959,Highly-skilled,PM-SYM,2026-07-12
MOCK-UAN-7301-3128,58,Odisha,Gujarat,Domestic Worker,377,Unskilled,eShram,2024-12-14
MOCK-UAN-6456-4832,57,Uttar Pradesh,Andhra Pradesh,Manufacturing,422,Semi-skilled,PM-SYM,2025-12-10
MOCK-UAN-5099-6680,60,West Bengal,Odisha,Agriculture,287,Unskilled,eShram,2025-05-22
MOCK-UAN-1094-3123,24,West Bengal,West Bengal,Manufacturing,862,Highly-skilled,None,2025-01-22
MOCK-UAN-8351-4144,64,Uttar Pradesh,Tamil Nadu,Agriculture,319,Unskilled,PM-Kisan,2024-10-24
MOCK-UAN-9008-5868,59,Jharkhand,Andhra Pradesh,Domestic Worker,506,Semi-skilled,PM-SYM,2025-11-14
MOCK-UAN-5533-5837,30,Karnataka,Odisha,Agriculture,362,Semi-skilled,Ayushman Bharat,2025-12-14
MOCK-UAN-6666-5416,29,Maharashtra,Uttar Pradesh,Agriculture,470,Semi-skilled,Ayushman Bharat,2026-04-17
MOCK-UAN-3057-6103,51,Gujarat,Odisha,Gig Worker,536,Semi-skilled,eShram,2025-08-21
MOCK-UAN-4623-6515,19,Jharkhand,Jharkhand,Gig Worker,1005,Highly-skilled,None,2025-06-09
MOCK-UAN-1120-4153,32,West Bengal,Bihar,Gig Worker,1022,Highly-skilled,PM-SYM,2025-08-28
MOCK-UAN-9095-9045,64,Tamil Nadu,Jharkhand,Construction,490,Semi-skilled,PM-SYM,2024-10-19
MOCK-UAN-1200-3462,31,Uttar Pradesh,Andhra Pradesh,Gig Worker,544,Semi-skilled,PM-Kisan,2026-01-18
MOCK-UAN-5943-7110,31,Tamil Nadu,Tamil Nadu,Construction,489,Semi-skilled,PM-SYM,2025-08-02
MOCK-UAN-7739-4930,52,Maharashtra,Karnataka,Domestic Worker,648,Skilled,eShram,2025-11-05
MOCK-UAN-9319-7148,64,Odisha,Odisha,Domestic Worker,320,Unskilled,PM-Kisan,2026-04-28
MOCK-UAN-6260-2871,32,Uttar Pradesh,Gujarat,Agriculture,461,Semi-skilled,eShram,2026-05-18
MOCK-UAN-9148-4111,49,Tamil Nadu,Jharkhand,Domestic Worker,386,Semi-skilled,PM-SYM,2026-02-12
MOCK-UAN-9607-7453,24,Gujarat,Gujarat,Manufacturing,431,Semi-skilled,eShram,2026-06-03
MOCK-UAN-2595-6556,34,Bihar,Maharashtra,Agriculture,944,Highly-skilled,None,2024-09-20
MOCK-UAN-5245-2864,22,Uttar Pradesh,Uttar Pradesh,Manufacturing,601,Skilled,Ayushman Bharat,2026-02-02
MOCK-UAN-2566-3973,45,Karnataka,Karnataka,Agriculture,332,Unskilled,None,2025-09-15
MOCK-UAN-6708-2660,30,West Bengal,Tamil Nadu,Manufacturing,538,Semi-skilled,PM-Kisan,2025-04-24
MOCK-UAN-6328-7913,39,Bihar,Odisha,Gig Worker,601,Semi-skilled,eShram,2024-11-07
MOCK-UAN-5904-8978,43,Andhra Pradesh,Karnataka,Manufacturing,904,Highly-skilled,Ayushman Bharat,2026-08-02
MOCK-UAN-2372-3748,35,Odisha,Odisha,Gig Worker,524,Semi-skilled,Ayushman Bharat,2025-05-26
MOCK-UAN-7298-4353,50,Odisha,Jharkhand,Domestic Worker,172,Unskilled,Ayushman Bharat,2026-07-05
MOCK-UAN-8756-4493,39,Jharkhand,Jharkhand,Domestic Worker,441,Semi-skilled,PM-SYM,2024-12-06
MOCK-UAN-9432-7910,46,Uttar Pradesh,Uttar Pradesh,Agriculture,883,Highly-skilled,PM-Kisan,2025-12-06
MOCK-UAN-8379-4267,26,Andhra Pradesh,Odisha,Construction,369,Unskilled,None,2026-06-08
MOCK-UAN-2878-9987,27,Gujarat,Gujarat,Manufacturing,292,Unskilled,PM-Kisan,2026-01-06
MOCK-UAN-2866-6616,32,Odisha,Karnataka,Agriculture,283,Unskilled,Ayushman Bharat,2026-06-26
MOCK-UAN-5902-9752,58,Tamil Nadu,Tamil Nadu,Construction,261,Unskilled,None,2026-05-05
MOCK-UAN-3324-8272,37,Andhra Pradesh,Jharkhand,Gig Worker,503,Semi-skilled,PM-Kisan,2026-08-12
MOCK-UAN-9215-4582,59,Karnataka,Bihar,Construction,523,Semi-skilled,Ayushman Bharat,2025-12-22
MOCK-UAN-4666-2430,53,Odisha,Odisha,Construction,435,Unskilled,Ayushman Bharat,2026-07-08
MOCK-UAN-3939-5181,43,Andhra Pradesh,Andhra Pradesh,Construction,495,Semi-skilled,PM-Kisan,2026-06-18
MOCK-UAN-8496-3927,43,Maharashtra,Gujarat,Construction,366,Unskilled,PM-SYM,2026-04-04
MOCK-UAN-8247-1864,35,Jharkhand,Jharkhand,Agriculture,947,Highly-skilled,PM-Kisan,2024-10-03
MOCK-UAN-6278-5566,60,Andhra Pradesh,Andhra Pradesh,Manufacturing,559,Skilled,eShram,2026-07-15
MOCK-UAN-4640-6896,54,West Bengal,Odisha,Domestic Worker,918,Highly-skilled,None,2026-06-14
MOCK-UAN-9810-7859,36,West Bengal,West Bengal,Agriculture,262,Unskilled,eShram,2025-06-13
MOCK-UAN-1572-6737,56,Maharashtra,Maharashtra,Construction,993,Highly-skilled,eShram,2025-04-13
MOCK-UAN-5429-4436,42,Bihar,Odisha,Domestic Worker,907,Highly-skilled,PM-SYM,2026-09-09
MOCK-UAN-2681-8085,28,Odisha,Karnataka,Agriculture,614,Skilled,PM-Kisan,2026-02-01
MOCK-UAN-1863-8055,34,Gujarat,Karnataka,Domestic Worker,560,Skilled,PM-Kisan,2025-05-23
MOCK-UAN-9397-6774,43,Andhra Pradesh,Karnataka,Domestic Worker,635,Skilled,PM-Kisan,2025-11-12
MOCK-UAN-8200-9629,56,Tamil Nadu,Jharkhand,Agriculture,1004,Highly-skilled,Ayushman Bharat,2025-04-23
MOCK-UAN-1675-4718,59,Gujarat,Gujarat,Domestic Worker,399,Semi-skilled,eShram,2025-10-07
MOCK-UAN-5061-9876,62,Gujarat,Gujarat,Agriculture,883,Highly-skilled,Ayushman Bharat,2025-01-28
MOCK-UAN-4101-7438,52,Maharashtra,Odisha,Construction,511,Semi-skilled,None,2024-12-05
MOCK-UAN-8099-6274,52,West Bengal,Uttar Pradesh,Manufacturing,339,Unskilled,eShram,2024-10-25
MOCK-UAN-7779-6535,37,Tamil Nadu,Karnataka,Manufacturing,422,Semi-skilled,None,2025-04-17
MOCK-UAN-2857-4421,57,Jharkhand,Jharkhand,Gig Worker,408,Semi-skilled,eShram,2024-11-13
MOCK-UAN-3999-2586,21,Maharashtra,Odisha,Gig Worker,467,Unskilled,Ayushman Bharat,2026-07-05
MOCK-UAN-4521-9165,64,Andhra Pradesh,Andhra Pradesh,Construction,538,Semi-skilled,eShram,2025-04-08
MOCK-UAN-8329-4567,65,Karnataka,Karnataka,Agriculture,212,Unskilled,PM-SYM,2025-03-17
MOCK-UAN-3126-3535,19,Bihar,West Bengal,Construction,619,Skilled,Ayushman Bharat,2026-01-13
MOCK-UAN-1115-6273,21,Karnataka,Karnataka,Domestic Worker,378,Unskilled,PM-SYM,2025-05-04
MOCK-UAN-9823-3203,30,Gujarat,Uttar Pradesh,Domestic Worker,522,Semi-skilled,PM-Kisan,2025-02-13
MOCK-UAN-4674-2434,33,West Bengal,Andhra Pradesh,Gig Worker,596,Semi-skilled,PM-Kisan,2025-04-05
MOCK-UAN-8105-8470,65,Maharashtra,Maharashtra,Manufacturing,291,Unskilled,Ayushman Bharat,2024-11-17
MOCK-UAN-7783-2254,56,Uttar Pradesh,Uttar Pradesh,Manufacturing,304,Unskilled,Ayushman Bharat,2026-06-03
MOCK-UAN-1191-7520,62,Odisha,Odisha,Gig Worker,543,Semi-skilled,eShram,2025-06-17
MOCK-UAN-6618-9562,55,Maharashtra,Maharashtra,Gig Worker,456,Unskilled,PM-SYM,2024-10-24
MOCK-UAN-9484-2229,18,Karnataka,Jharkhand,Gig Worker,956,Highly-skilled,Ayushman Bharat,2025-12-09
MOCK-UAN-1567-2485,57,Uttar Pradesh,Andhra Pradesh,Domestic Worker,409,Semi-skilled,Ayushman Bharat,2025-06-17
MOCK-UAN-6558-5065,49,Uttar Pradesh,Tamil Nadu,Construction,1000,Highly-skilled,PM-Kisan,2025-08-20
MOCK-UAN-8791-9182,20,Jharkhand,Maharashtra,Domestic Worker,447,Semi-skilled,PM-SYM,2024-11-10
MOCK-UAN-7130-8195,22,Odisha,Odisha,Construction,718,Skilled,eShram,2026-05-14
MOCK-UAN-3866-4929,37,Bihar,Maharashtra,Agriculture,416,Semi-skilled,Ayushman Bharat,2024-11-01
MOCK-UAN-7390-4331,24,Andhra Pradesh,Andhra Pradesh,Gig Worker,997,Highly-skilled,PM-Kisan,2025-07-12
MOCK-UAN-2085-9981,47,Karnataka,Karnataka,Domestic Worker,853,Highly-skilled,PM-SYM,2026-08-22
MOCK-UAN-8006-9736,46,Jharkhand,Karnataka,Gig Worker,400,Unskilled,Ayushman Bharat,2025-03-08
MOCK-UAN-9067-7012,63,West Bengal,West Bengal,Construction,276,Unskilled,Ayushman Bharat,2026-06-24
MOCK-UAN-3458-6637,55,Jharkhand,Karnataka,Agriculture,275,Unskilled,PM-SYM,2026-01-18
MOCK-UAN-3638-6324,25,Tamil Nadu,Tamil Nadu,Domestic Worker,228,Unskilled,PM-SYM,2025-07-29
MOCK-UAN-7824-1403,41,Uttar Pradesh,Andhra Pradesh,Agriculture,334,Unskilled,PM-Kisan,2025-07-19
MOCK-UAN-6475-2427,48,Andhra Pradesh,Andhra Pradesh,Gig Worker,435,Unskilled,Ayushman Bharat,2026-01-18
MOCK-UAN-1358-9580,46,West Bengal,Karnataka,Agriculture,363,Semi-skilled,None,2025-05-04
MOCK-UAN-4816-4780,61,Maharashtra,Andhra Pradesh,Gig Worker,466,Unskilled,PM-SYM,2025-04-23
MOCK-UAN-8808-1246,19,Jharkhand,Uttar Pradesh,Agriculture,574,Semi-skilled,eShram,2025-08-19
MOCK-UAN-1384-8153,29,Karnataka,Bihar,Agriculture,902,Highly-skilled,PM-SYM,2026-02-17
MOCK-UAN-9696-4304,28,West Bengal,West Bengal,Construction,617,Skilled,PM-SYM,2026-05-27
MOCK-UAN-5581-4601,63,Uttar Pradesh,Bihar,Domestic Worker,591,Semi-skilled,Ayushman Bharat,2025-09-04
MOCK-UAN-8415-5691,59,Gujarat,Gujarat,Gig Worker,484,Semi-skilled,eShram,2024-11-11
MOCK-UAN-1263-4555,20,Tamil Nadu,Bihar,Domestic Worker,301,Unskilled,Ayushman Bharat,2026-07-25
MOCK-UAN-6731-4869,39,Andhra Pradesh,Andhra Pradesh,Manufacturing,458,Semi-skilled,PM-Kisan,2025-02-17
MOCK-UAN-9771-1547,64,Odisha,Odisha,Agriculture,367,Unskilled,PM-Kisan,2026-07-17
MOCK-UAN-5120-4935,46,Maharashtra,Bihar,Gig Worker,567,Semi-skilled,PM-Kisan,2025-10-10
MOCK-UAN-6781-6509,43,West Bengal,Andhra Pradesh,Gig Worker,525,Semi-skilled,PM-SYM,2026-06-30
MOCK-UAN-7131-4112,52,Uttar Pradesh,Uttar Pradesh,Domestic Worker,402,Semi-skilled,None,2026-05-16
MOCK-UAN-4479-4017,65,Uttar Pradesh,Bihar,Domestic Worker,432,Semi-skilled,Ayushman Bharat,2025-04-21
MOCK-UAN-3740-1730,25,Uttar Pradesh,West Bengal,Domestic Worker,399,Semi-skilled,Ayushman Bharat,2025-04-26
MOCK-UAN-7900-1981,24,Andhra Pradesh,Uttar Pradesh,Construction,952,Highly-skilled,eShram,2025-07-28
MOCK-UAN-8051-4324,29,Bihar,Uttar Pradesh,Gig Worker,971,Highly-skilled,Ayushman Bharat,2025-04-27
MOCK-UAN-9950-7154,24,Jharkhand,Jharkhand,Gig Worker,625,Skilled,PM-SYM,2026-07-03
MOCK-UAN-1539-3207,38,Odisha,Tamil Nadu,Domestic Worker,362,Unskilled,PM-Kisan,2025-05-06
MOCK-UAN-1739-4031,27,West Bengal,Uttar Pradesh,Construction,925,Highly-skilled,Ayushman Bharat,2026-07-07
MOCK-UAN-9467-5279,26,Maharashtra,Odisha,Construction,436,Semi-skilled,None,2025-06-05
MOCK-UAN-9724-9364,37,Bihar,Uttar Pradesh,Agriculture,591,Skilled,None,2026-01-07
MOCK-UAN-4062-8944,59,Odisha,Maharashtra,Domestic Worker,453,Semi-skilled,PM-SYM,2025-09-04
MOCK-UAN-2319-7010,65,Karnataka,Uttar Pradesh,Agriculture,362,Semi-skilled,eShram,2024-09-26
MOCK-UAN-5098-5463,53,Bihar,Odisha,Domestic Worker,466,Semi-skilled,None,2026-02-25
MOCK-UAN-5769-4612,33,Karnataka,Karnataka,Gig Worker,347,Unskilled,Ayushman Bharat,2026-06-22
MOCK-UAN-3339-1345,32,Andhra Pradesh,Jharkhand,Construction,585,Semi-skilled,PM-Kisan,2025-04-16
MOCK-UAN-6641-7122,54,Karnataka,Gujarat,Gig Worker,426,Unskilled,None,2025-04-23
MOCK-UAN-6007-5717,32,Andhra Pradesh,Tamil Nadu,Agriculture,880,Highly-skilled,Ayushman Bharat,2026-04-18
MOCK-UAN-3383-9654,58,West Bengal,Gujarat,Construction,462,Semi-skilled,None,2025-06-17
MOCK-UAN-9771-1472,49,Maharashtra,Maharashtra,Gig Worker,994,Highly-skilled,PM-SYM,2025-07-26
MOCK-UAN-6712-6623,36,Jharkhand,Karnataka,Domestic Worker,930,Highly-skilled,eShram,2026-06-23
MOCK-UAN-9896-8272,29,Andhra Pradesh,Maharashtra,Gig Worker,548,Semi-skilled,eShram,2025-01-22
MOCK-UAN-6114-5285,33,Jharkhand,Tamil Nadu,Construction,489,Semi-skilled,None,2025-09-11
MOCK-UAN-6303-3958,34,Tamil Nadu,Andhra Pradesh,Gig Worker,552,Semi-skilled,eShram,2026-06-12
MOCK-UAN-5577-9787,64,Andhra Pradesh,Andhra Pradesh,Construction,619,Skilled,eShram,2026-07-22
MOCK-UAN-3880-8761,32,Karnataka,Karnataka,Agriculture,282,Unskilled,PM-Kisan,2026-04-24
MOCK-UAN-5588-9148,23,West Bengal,West Bengal,Construction,395,Semi-skilled,eShram,2025-07-15
MOCK-UAN-7659-3454,22,Uttar Pradesh,Uttar Pradesh,Construction,548,Semi-skilled,eShram,2025-09-09
MOCK-UAN-4098-5050,48,Andhra Pradesh,Gujarat,Agriculture,614,Skilled,None,2025-03-29
MOCK-UAN-2960-5344,25,Tamil Nadu,West Bengal,Construction,311,Unskilled,None,2025-05-30
MOCK-UAN-3359-4088,57,Gujarat,Jharkhand,Domestic Worker,694,Skilled,PM-SYM,2026-07-01
MOCK-UAN-1001-9396,29,Karnataka,West Bengal,Agriculture,604,Skilled,None,2025-09-07
MOCK-UAN-3460-7085,19,Karnataka,Maharashtra,Gig Worker,948,Highly-skilled,eShram,2025-11-14
MOCK-UAN-4296-7123,32,Karnataka,Bihar,Agriculture,942,Highly-skilled,eShram,2024-11-08
MOCK-UAN-1950-6384,51,Maharashtra,Maharashtra,Agriculture,469,Semi-skilled,PM-Kisan,2025-10-21
MOCK-UAN-4927-2085,21,Jharkhand,Gujarat,Manufacturing,619,Skilled,None,2025-06-12
MOCK-UAN-4278-7484,43,Karnataka,Jharkhand,Construction,928,Highly-skilled,PM-SYM,2026-03-01
MOCK-UAN-1756-3735,50,Odisha,Uttar Pradesh,Construction,522,Semi-skilled,PM-Kisan,2025-04-11
MOCK-UAN-7408-5581,48,Odisha,Odisha,Agriculture,436,Semi-skilled,PM-Kisan,2026-09-12
MOCK-UAN-6504-7382,28,Bihar,Bihar,Agriculture,477,Semi-skilled,None,2025-01-29
MOCK-UAN-8447-2328,51,West Bengal,West Bengal,Gig Worker,904,Highly-skilled,None,2025-04-19
MOCK-UAN-2511-7756,42,Karnataka,Jharkhand,Construction,928,Highly-skilled,None,2025-09-07
MOCK-UAN-2097-5890,34,Karnataka,Jharkhand,Construction,736,Skilled,Ayushman Bharat,2025-05-03
MOCK-UAN-8248-7345,55,Karnataka,Gujarat,Gig Worker,961,Highly-skilled,None,2025-02-15
MOCK-UAN-5476-5008,54,Gujarat,Gujarat,Construction,919,Highly-skilled,eShram,2025-06-17
MOCK-UAN-3832-4404,63,Maharashtra,Maharashtra,Domestic Worker,277,Unskilled,None,2026-02-09
MOCK-UAN-4351-6979,44,Maharashtra,Maharashtra,Construction,289,Unskilled,PM-Kisan,2025-12-23
MOCK-UAN-2695-7292,27,Gujarat,Gujarat,Domestic Worker,789,Highly-skilled,None,2025-04-28
MOCK-UAN-2919-1784,40,Odisha,Uttar Pradesh,Agriculture,888,Highly-skilled,PM-Kisan,2025-09-01
MOCK-UAN-1032-1603,57,Uttar Pradesh,Tamil Nadu,Manufacturing,456,Semi-skilled,PM-Kisan,2025-05-12
MOCK-UAN-7531-2624,42,Gujarat,Gujarat,Domestic Worker,297,Unskilled,PM-Kisan,2025-12-14
MOCK-UAN-3174-7450,52,Gujarat,Karnataka,Manufacturing,892,Highly-skilled,None,2025-05-09
MOCK-UAN-7319-4773,41,Jharkhand,Karnataka,Construction,352,Unskilled,None,2025-09-19
MOCK-UAN-5207-1148,59,West Bengal,Maharashtra,Domestic Worker,501,Semi-skilled,PM-Kisan,2026-05-11
MOCK-UAN-3444-9913,59,Jharkhand,West Bengal,Domestic Worker,290,Unskilled,None,2026-01-22
MOCK-UAN-9233-9798,61,Gujarat,Odisha,Gig Worker,671,Skilled,None,2025-05-02
MOCK-UAN-3803-1060,26,West Bengal,Jharkhand,Gig Worker,685,Skilled,Ayushman Bharat,2025-10-17
MOCK-UAN-7770-6337,23,Karnataka,Karnataka,Agriculture,928,Highly-skilled,None,2025-11-08
MOCK-UAN-7609-6814,49,Andhra Pradesh,Uttar Pradesh,Domestic Worker,520,Semi-skilled,eShram,2025-04-20
MOCK-UAN-2939-4067,43,Odisha,Gujarat,Agriculture,568,Skilled,None,2025-12-14
MOCK-UAN-5857-3744,18,Maharashtra,Maharashtra,Domestic Worker,2500,Highly-skilled,PM-SYM,2026-08-11
MOCK-UAN-8487-1423,64,Tamil Nadu,Jharkhand,Construction,516,Semi-skilled,None,2025-06-16
MOCK-UAN-7363-6363,27,Odisha,Odisha,Manufacturing,550,Skilled,None,2025-01-06
MOCK-UAN-2273-8035,44,West Bengal,Maharashtra,Construction,351,Unskilled,PM-SYM,2024-12-05
MOCK-UAN-8717-8698,43,Gujarat,Gujarat,Construction,276,Unskilled,eShram,2026-06-23
MOCK-UAN-8046-6045,26,Maharashtra,Jharkhand,Gig Worker,611,Skilled,Ayushman Bharat,2025-04-06
MOCK-UAN-5258-6508,59,Gujarat,Bihar,Gig Worker,418,Unskilled,eShram,2025-09-19
MOCK-UAN-1431-5138,24,Bihar,Bihar,Domestic Worker,880,Highly-skilled,Ayushman Bharat,2025-06-09
MOCK-UAN-6395-6130,24,Karnataka,Karnataka,Agriculture,910,Highly-skilled,PM-Kisan,2026-04-11
MOCK-UAN-5967-6301,19,Odisha,Odisha,Gig Worker,999,Highly-skilled,eShram,2026-02-20
MOCK-UAN-8898-7074,61,Karnataka,Maharashtra,Construction,601,Skilled,eShram,2024-09-25
MOCK-UAN-5905-4872,29,West Bengal,Tamil Nadu,Domestic Worker,597,Skilled,None,2024-10-25
MOCK-UAN-1349-7791,56,Odisha,Odisha,Domestic Worker,238,Unskilled,PM-Kisan,2025-04-02
MOCK-UAN-5224-5969,55,Andhra Pradesh,Jharkhand,Gig Worker,1069,Highly-skilled,Ayushman Bharat,2025-11-23
MOCK-UAN-1884-7307,63,West Bengal,West Bengal,Manufacturing,532,Skilled,PM-Kisan,2026-04-21
MOCK-UAN-8546-8928,57,Andhra Pradesh,Odisha,Manufacturing,590,Skilled,PM-SYM,2026-08-25
MOCK-UAN-6584-4477,64,Uttar Pradesh,Uttar Pradesh,Domestic Worker,847,Highly-skilled,PM-SYM,2025-05-08
MOCK-UAN-8578-9087,30,Maharashtra,Maharashtra,Construction,378,Unskilled,Ayushman Bharat,2024-12-16
MOCK-UAN-4173-3703,59,Gujarat,Gujarat,Domestic Worker,583,Skilled,Ayushman Bharat,2025-01-19
MOCK-UAN-5325-3184,31,Jharkhand,Jharkhand,Construction,924,Highly-skilled,Ayushman Bharat,2026-03-28
MOCK-UAN-4112-4656,34,West Bengal,Bihar,Domestic Worker,492,Semi-skilled,Ayushman Bharat,2025-03-05
MOCK-UAN-2042-5664,46,Uttar Pradesh,Gujarat,Manufacturing,451,Semi-skilled,eShram,2026-09-03
MOCK-UAN-5101-2785,39,Gujarat,Maharashtra,Construction,525,Semi-skilled,Ayushman Bharat,2025-06-05
MOCK-UAN-5140-8761,62,Gujarat,Gujarat,Manufacturing,550,Skilled,PM-SYM,2025-05-06
MOCK-UAN-4347-1613,20,Tamil Nadu,Tamil Nadu,Domestic Worker,529,Skilled,PM-SYM,2026-05-02
MOCK-UAN-7406-9034,39,Uttar Pradesh,Jharkhand,Manufacturing,455,Semi-skilled,PM-SYM,2026-07-31
MOCK-UAN-6241-1898,53,Odisha,West Bengal,Gig Worker,384,Unskilled,PM-Kisan,2026-04-15
MOCK-UAN-1500-5145,60,Tamil Nadu,Tamil Nadu,Construction,531,Semi-skilled,PM-Kisan,2025-11-08
MOCK-UAN-9130-3692,57,Uttar Pradesh,Karnataka,Gig Worker,996,Highly-skilled,eShram,2025-06-22
MOCK-UAN-3264-7048,25,Odisha,Jharkhand,Domestic Worker,610,Skilled,Ayushman Bharat,2026-03-24
MOCK-UAN-4965-2957,42,Andhra Pradesh,Andhra Pradesh,Gig Worker,918,Highly-skilled,PM-Kisan,2025-06-15
MOCK-UAN-7868-6924,64,Gujarat,Gujarat,Construction,594,Semi-skilled,PM-Kisan,2024-11-10
MOCK-UAN-7688-6711,38,Jharkhand,Jharkhand,Construction,341,Unskilled,PM-Kisan,2025-08-20
MOCK-UAN-7516-2800,39,Gujarat,Gujarat,Manufacturing,634,Skilled,PM-Kisan,2025-12-13
MOCK-UAN-4456-5393,22,Bihar,Bihar,Gig Worker,508,Semi-skilled,PM-Kisan,2026-08-17
MOCK-UAN-2099-1140,35,Jharkhand,Jharkhand,Domestic Worker,615,Skilled,eShram,2025-06-01
MOCK-UAN-7559-6235,62,Tamil Nadu,Gujarat,Construction,584,Skilled,Ayushman Bharat,2025-06-09
MOCK-UAN-6503-9425,58,Andhra Pradesh,Bihar,Agriculture,472,Semi-skilled,PM-Kisan,2026-03-30
MOCK-UAN-9652-9845,56,Odisha,West Bengal,Agriculture,582,Skilled,PM-SYM,2025-06-25
MOCK-UAN-1572-6993,56,Uttar Pradesh,Jharkhand,Construction,351,Unskilled,eShram,2024-09-15
MOCK-UAN-9143-8617,49,Maharashtra,Odisha,Construction,684,Skilled,eShram,2026-04-07
MOCK-UAN-7346-8617,46,Andhra Pradesh,West Bengal,Domestic Worker,388,Semi-skilled,Ayushman Bharat,2025-05-12
MOCK-UAN-2656-3362,62,Karnataka,Bihar,Gig Worker,515,Semi-skilled,Ayushman Bharat,2025-04-28
MOCK-UAN-3292-6857,51,West Bengal,Uttar Pradesh,Construction,672,Skilled,PM-SYM,2025-04-05
MOCK-UAN-2592-3108,60,Bihar,Gujarat,Agriculture,704,Skilled,Ayushman Bharat,2026-07-09
MOCK-UAN-6742-1252,27,Uttar Pradesh,Uttar Pradesh,Construction,343,Unskilled,PM-SYM,2025-10-18
MOCK-UAN-2533-1057,49,Bihar,West Bengal,Manufacturing,929,Highly-skilled,eShram,2024-09-30
MOCK-UAN-6486-2561,63,Uttar Pradesh,Uttar Pradesh,Manufacturing,294,Unskilled,None,2025-03-28
MOCK-UAN-3817-1934,37,Andhra Pradesh,Maharashtra,Agriculture,397,Unskilled,Ayushman Bharat,2025-07-22
MOCK-UAN-2680-3592,22,Karnataka,Gujarat,Gig Worker,612,Skilled,eShram,2025-05-27
MOCK-UAN-1534-2389,28,Odisha,Maharashtra,Construction,504,Semi-skilled,PM-Kisan,2025-12-04
MOCK-UAN-7960-8010,47,Karnataka,Uttar Pradesh,Manufacturing,368,Semi-skilled,None,2025-05-20
MOCK-UAN-3469-1569,54,Uttar Pradesh,Bihar,Manufacturing,474,Skilled,eShram,2024-12-11
MOCK-UAN-1027-9603,48,Andhra Pradesh,Tamil Nadu,Manufacturing,6,Unskilled,PM-Kisan,2026-01-08
MOCK-UAN-1931-3680,48,Maharashtra,Maharashtra,Gig Worker,706,Skilled,None,2025-12-31
MOCK-UAN-4788-2460,37,Gujarat,Tamil Nadu,Construction,485,Semi-skilled,eShram,2025-02-06
MOCK-UAN-4250-7732,54,Gujarat,Gujarat,Agriculture,894,Highly-skilled,None,2025-04-21
MOCK-UAN-5081-9062,28,Uttar Pradesh,Uttar Pradesh,Domestic Worker,604,Semi-skilled,PM-Kisan,2025-03-03
MOCK-UAN-5046-4776,26,Uttar Pradesh,Uttar Pradesh,Manufacturing,287,Unskilled,PM-Kisan,2025-11-01
MOCK-UAN-5728-7622,19,Tamil Nadu,Jharkhand,Manufacturing,625,Skilled,Ayushman Bharat,2024-10-12
MOCK-UAN-7662-6874,60,West Bengal,Bihar,Manufacturing,267,Unskilled,eShram,2025-06-25
MOCK-UAN-9557-2156,27,Tamil Nadu,Andhra Pradesh,Gig Worker,714,Skilled,None,2025-05-16
MOCK-UAN-8140-1778,37,Uttar Pradesh,Jharkhand,Agriculture,288,Unskilled,Ayushman Bharat,2025-02-11
MOCK-UAN-7823-6162,42,Jharkhand,Karnataka,Construction,629,Skilled,None,2025-07-16
MOCK-UAN-1443-8187,28,Uttar Pradesh,Karnataka,Manufacturing,390,Unskilled,Ayushman Bharat,2026-06-23
MOCK-UAN-8875-9665,31,Karnataka,Gujarat,Manufacturing,508,Semi-skilled,None,2026-01-11
MOCK-UAN-4038-5999,65,Jharkhand,Jharkhand,Gig Worker,1006,Highly-skilled,PM-Kisan,2025-07-31
MOCK-UAN-2181-3886,52,Karnataka,Karnataka,Construction,384,Semi-skilled,PM-Kisan,2025-02-10
MOCK-UAN-2730-3612,35,Odisha,Odisha,Domestic Worker,881,Highly-skilled,None,2026-05-31
MOCK-UAN-5695-9274,22,Odisha,Andhra Pradesh,Manufacturing,435,Unskilled,eShram,2025-12-28
MOCK-UAN-2478-1175,36,Andhra Pradesh,West Bengal,Gig Worker,538,Semi-skilled,Ayushman Bharat,2026-03-02
MOCK-UAN-9246-5360,51,Bihar,Maharashtra,Agriculture,955,Highly-skilled,PM-SYM,2025-10-16
MOCK-UAN-7416-4182,58,West Bengal,West Bengal,Agriculture,372,Unskilled,eShram,2024-10-11
MOCK-UAN-2816-6813,26,West Bengal,Karnataka,Domestic Worker,910,Highly-skilled,Ayushman Bharat,2026-01-03
MOCK-UAN-1127-2860,44,Odisha,Jharkhand,Construction,457,Semi-skilled,eShram,2025-03-31
MOCK-UAN-9054-1496,43,Tamil Nadu,Tamil Nadu,Domestic Worker,178,Unskilled,eShram,2026-01-11
MOCK-UAN-6423-7342,62,Jharkhand,Jharkhand,Agriculture,634,Skilled,eShram,2025-09-24
MOCK-UAN-2111-3665,55,Andhra Pradesh,Odisha,Domestic Worker,859,Highly-skilled,eShram,2026-09-09
MOCK-UAN-6961-3260,36,Andhra Pradesh,Bihar,Construction,658,Skilled,Ayushman Bharat,2024-12-13
MOCK-UAN-1359-7539,59,Gujarat,Gujarat,Construction,587,Skilled,PM-Kisan,2025-06-06
MOCK-UAN-5276-4459,55,West Bengal,Odisha,Domestic Worker,436,Semi-skilled,eShram,2025-02-20
MOCK-UAN-9013-1918,28,Bihar,Odisha,Manufacturing,901,Highly-skilled,PM-SYM,2025-02-26
MOCK-UAN-3980-9596,23,Uttar Pradesh,Uttar Pradesh,Domestic Worker,913,Highly-skilled,Ayushman Bharat,2025-12-03
MOCK-UAN-2548-8900,53,Bihar,Bihar,Agriculture,544,Skilled,PM-Kisan,2025-04-24
MOCK-UAN-2129-6176,33,West Bengal,Gujarat,Manufacturing,659,Skilled,Ayushman Bharat,2025-06-10
MOCK-UAN-4747-1859,32,Uttar Pradesh,Uttar Pradesh,Manufacturing,870,Highly-skilled,PM-Kisan,2025-06-16
MOCK-UAN-7483-8114,64,Bihar,Gujarat,Agriculture,816,Highly-skilled,PM-Kisan,2025-04-20
MOCK-UAN-7273-6035,60,Andhra Pradesh,Odisha,Manufacturing,894,Highly-skilled,None,2024-10-13
MOCK-UAN-2247-8716,52,Jharkhand,Jharkhand,Domestic Worker,901,Highly-skilled,PM-SYM,2025-07-03
MOCK-UAN-8718-4727,19,Karnataka,Odisha,Construction,508,Semi-skilled,None,2026-05-20
MOCK-UAN-3192-9130,30,Andhra Pradesh,Karnataka,Domestic Worker,668,Skilled,None,2025-10-01
MOCK-UAN-3498-2731,48,Uttar Pradesh,Uttar Pradesh,Manufacturing,588,Skilled,PM-Kisan,2026-05-03
MOCK-UAN-9947-9775,35,Maharashtra,Maharashtra,Manufacturing,594,Skilled,Ayushman Bharat,2025-05-04
MOCK-UAN-1369-7418,51,Uttar Pradesh,Tamil Nadu,Agriculture,844,Highly-skilled,PM-Kisan,2025-09-12
MOCK-UAN-8446-4227,53,Bihar,Karnataka,Manufacturing,941,Highly-skilled,eShram,2025-04-07
MOCK-UAN-1349-3049,58,Maharashtra,Maharashtra,Manufacturing,909,Highly-skilled,eShram,2026-05-17
MOCK-UAN-7460-5654,16,Karnataka,West Bengal,Manufacturing,2500,Highly-skilled,None,2025-09-25
MOCK-UAN-7693-5841,49,Bihar,Jharkhand,Manufacturing,504,Skilled,eShram,2025-04-21
MOCK-UAN-8228-6639,25,Bihar,Bihar,Agriculture,972,Highly-skilled,eShram,2025-07-01
MOCK-UAN-1957-7757,21,Jharkhand,Bihar,Manufacturing,388,Semi-skilled,None,2026-06-06
MOCK-UAN-7876-8871,28,Karnataka,Karnataka,Domestic Worker,420,Semi-skilled,eShram,2025-03-13
MOCK-UAN-3912-7214,31,Karnataka,Gujarat,Domestic Worker,467,Semi-skilled,Ayushman Bharat,2025-04-01
MOCK-UAN-9194-2168,26,Andhra Pradesh,West Bengal,Domestic Worker,840,Highly-skilled,eShram,2025-11-21
MOCK-UAN-7069-7913,55,Bihar,Bihar,Manufacturing,225,Unskilled,PM-SYM,2025-02-23
MOCK-UAN-9896-4463,61,Odisha,Odisha,Agriculture,493,Skilled,Ayushman Bharat,2024-12-04
MOCK-UAN-7256-5516,42,Andhra Pradesh,Jharkhand,Agriculture,336,Unskilled,PM-SYM,2025-11-30
MOCK-UAN-7444-6689,28,West Bengal,Maharashtra,Construction,322,Unskilled,Ayushman Bharat,2025-08-16
MOCK-UAN-9342-7554,52,Tamil Nadu,Tamil Nadu,Gig Worker,696,Semi-skilled,eShram,2025-05-24
MOCK-UAN-8836-8401,37,Bihar,Maharashtra,Construction,300,Unskilled,PM-Kisan,2026-07-21
MOCK-UAN-4455-5673,27,Andhra Pradesh,Andhra Pradesh,Domestic Worker,853,Highly-skilled,eShram,2024-11-23
MOCK-UAN-1449-5597,64,Gujarat,West Bengal,Construction,321,Unskilled,None,2026-06-02
MOCK-UAN-3037-2320,45,Karnataka,Maharashtra,Construction,662,Skilled,None,2026-08-29
MOCK-UAN-4702-7508,41,Odisha,Odisha,Construction,326,Unskilled,None,2026-08-02
MOCK-UAN-9942-2667,32,Gujarat,Gujarat,Gig Worker,580,Semi-skilled,eShram,2024-10-24
MOCK-UAN-2031-1451,26,Bihar,Andhra Pradesh,Agriculture,251,Unskilled,PM-Kisan,2025-10-10
MOCK-UAN-5263-8944,53,Maharashtra,Maharashtra,Domestic Worker,230,Unskilled,Ayushman Bharat,2026-05-23
MOCK-UAN-8273-5947,18,Karnataka,Uttar Pradesh,Gig Worker,610,Skilled,Ayushman Bharat,2025-07-03
MOCK-UAN-8652-7045,42,Gujarat,Gujarat,Construction,838,Highly-skilled,eShram,2024-12-13
MOCK-UAN-4863-3958,57,Tamil Nadu,West Bengal,Manufacturing,274,Unskilled,PM-SYM,2026-05-11
MOCK-UAN-9229-1075,53,Karnataka,West Bengal,Construction,634,Skilled,PM-SYM,2025-01-10
MOCK-UAN-9587-9768,31,Andhra Pradesh,Andhra Pradesh,Agriculture,568,Skilled,PM-Kisan,2024-12-13
MOCK-UAN-8702-4057,56,Bihar,Bihar,Gig Worker,462,Unskilled,Ayushman Bharat,2025-01-25
MOCK-UAN-1542-2434,53,Tamil Nadu,Gujarat,Gig Worker,1061,Highly-skilled,eShram,2025-05-12
MOCK-UAN-7735-9049,29,Jharkhand,Maharashtra,Domestic Worker,883,Highly-skilled,Ayushman Bharat,2024-10-09
MOCK-UAN-9459-6115,25,Andhra Pradesh,Gujarat,Domestic Worker,360,Semi-skilled,eShram,2025-03-19
MOCK-UAN-3918-5445,34,Uttar Pradesh,Karnataka,Manufacturing,271,Unskilled,Ayushman Bharat,2026-04-25
MOCK-UAN-3096-3199,21,Odisha,Gujarat,Agriculture,870,Highly-skilled,PM-SYM,2026-05-26
MOCK-UAN-6528-2946,36,Maharashtra,Bihar,Construction,917,Highly-skilled,eShram,2025-06-28
MOCK-UAN-1993-6637,22,West Bengal,Odisha,Construction,915,Highly-skilled,PM-SYM,2025-12-21
MOCK-UAN-1034-9622,49,Bihar,Uttar Pradesh,Domestic Worker,567,Skilled,None,2025-04-02
MOCK-UAN-6865-8606,21,Maharashtra,Gujarat,Domestic Worker,430,Semi-skilled,Ayushman Bharat,2026-05-27
MOCK-UAN-3574-1030,62,Uttar Pradesh,Uttar Pradesh,Domestic Worker,268,Unskilled,PM-SYM,2026-06-08
MOCK-UAN-8866-1838,29,Gujarat,Gujarat,Manufacturing,910,Highly-skilled,PM-SYM,2025-10-15
MOCK-UAN-8783-3963,49,Andhra Pradesh,Tamil Nadu,Construction,368,Unskilled,eShram,2026-06-07
MOCK-UAN-1217-4383,29,Andhra Pradesh,Andhra Pradesh,Domestic Worker,254,Unskilled,Ayushman Bharat,2026-09-11
MOCK-UAN-3000-4895,52,Uttar Pradesh,Uttar Pradesh,Agriculture,513,Semi-skilled,PM-SYM,2026-04-02
MOCK-UAN-8893-4788,23,Maharashtra,Jharkhand,Domestic Worker,850,Highly-skilled,eShram,2026-03-10
MOCK-UAN-8558-2193,31,Andhra Pradesh,Uttar Pradesh,Domestic Worker,819,Highly-skilled,None,2026-02-13
MOCK-UAN-1112-1230,65,Karnataka,Karnataka,Manufacturing,919,Highly-skilled,Ayushman Bharat,2025-02-23
MOCK-UAN-8483-1564,56,Karnataka,Tamil Nadu,Gig Worker,659,Skilled,eShram,2026-05-09
MOCK-UAN-2075-4083,51,Tamil Nadu,Tamil Nadu,Construction,516,Semi-skilled,PM-SYM,2025-12-30
MOCK-UAN-5278-5100,52,Tamil Nadu,Tamil Nadu,Construction,529,Skilled,Ayushman Bharat,2025-06-29
MOCK-UAN-4652-4361,34,Uttar Pradesh,Gujarat,Domestic Worker,669,Skilled,Ayushman Bharat,2026-06-27
MOCK-UAN-2694-8269,16,Andhra Pradesh,Andhra Pradesh,Manufacturing,2500,Highly-skilled,PM-Kisan,2025-08-13
MOCK-UAN-6563-8100,36,Gujarat,Gujarat,Domestic Worker,824,Highly-skilled,eShram,2025-08-27
MOCK-UAN-9124-9166,39,Maharashtra,Maharashtra,Domestic Worker,226,Unskilled,None,2025-12-04
MOCK-UAN-7038-4110,26,Uttar Pradesh,Bihar,Construction,433,Unskilled,PM-SYM,2025-05-25
MOCK-UAN-5668-7904,55,Maharashtra,Odisha,Construction,613,Skilled,PM-SYM,2025-10-17
MOCK-UAN-2882-1309,49,Andhra Pradesh,Andhra Pradesh,Agriculture,558,Skilled,PM-SYM,2026-05-21
MOCK-UAN-5728-3962,33,Andhra Pradesh,Karnataka,Construction,236,Unskilled,PM-SYM,2026-01-18
MOCK-UAN-9480-5806,28,Tamil Nadu,Karnataka,Manufacturing,282,Unskilled,PM-Kisan,2025-05-07
MOCK-UAN-1400-9667,48,Tamil Nadu,Odisha,Domestic Worker,438,Semi-skilled,eShram,2025-06-21
MOCK-UAN-6397-6919,25,Maharashtra,Bihar,Manufacturing,635,Skilled,Ayushman Bharat,2026-05-14
MOCK-UAN-4594-6746,40,Bihar,West Bengal,Domestic Worker,380,Semi-skilled,None,2026-01-12
MOCK-UAN-3586-1877,37,Maharashtra,Maharashtra,Manufacturing,223,Unskilled,PM-Kisan,2026-02-22
MOCK-UAN-5472-3321,47,Bihar,Bihar,Domestic Worker,922,Highly-skilled,Ayushman Bharat,2025-11-15
MOCK-UAN-6820-6888,64,Maharashtra,Maharashtra,Gig Worker,750,Skilled,PM-SYM,2025-04-11
MOCK-UAN-8978-8087,56,Gujarat,Tamil Nadu,Agriculture,521,Skilled,PM-SYM,2025-11-16
MOCK-UAN-5912-3449,39,Maharashtra,Uttar Pradesh,Manufacturing,504,Semi-skilled,PM-SYM,2026-06-17
MOCK-UAN-1493-2203,24,West Bengal,Bihar,Gig Worker,551,Semi-skilled,PM-SYM,2026-05-14
MOCK-UAN-6594-8330,28,Maharashtra,Bihar,Manufacturing,354,Unskilled,PM-SYM,2026-03-27
MOCK-UAN-2144-2770,33,Gujarat,Gujarat,Construction,946,Highly-skilled,PM-Kisan,2025-08-21
MOCK-UAN-1525-6918,65,Bihar,Tamil Nadu,Construction,523,Skilled,None,2026-01-27
MOCK-UAN-1586-4859,25,West Bengal,West Bengal,Agriculture,892,Highly-skilled,Ayushman Bharat,2024-11-19
MOCK-UAN-3990-3703,51,Tamil Nadu,Maharashtra,Gig Worker,1053,Highly-skilled,None,2026-04-11
MOCK-UAN-3405-2519,49,Odisha,Odisha,Construction,305,Unskilled,PM-Kisan,2025-03-12
MOCK-UAN-2137-5061,19,Tamil Nadu,Jharkhand,Manufacturing,280,Unskilled,PM-Kisan,2024-10-03
MOCK-UAN-9535-2434,34,Karnataka,Karnataka,Domestic Worker,891,Highly-skilled,PM-SYM,2026-09-10
MOCK-UAN-3303-4984,31,Andhra Pradesh,West Bengal,Domestic Worker,755,Highly-skilled,None,2026-02-24
MOCK-UAN-5356-4235,34,Gujarat,Gujarat,Agriculture,683,Skilled,PM-Kisan,2025-02-21
MOCK-UAN-5238-7601,31,Karnataka,Maharashtra,Construction,304,Unskilled,eShram,2024-09-22
MOCK-UAN-2623-7244,60,Gujarat,Gujarat,Gig Worker,575,Semi-skilled,Ayushman Bharat,2026-06-21
MOCK-UAN-1765-2980,26,West Bengal,West Bengal,Construction,645,Skilled,PM-SYM,2026-06-12
MOCK-UAN-3198-1844,49,West Bengal,Karnataka,Agriculture,362,Unskilled,Ayushman Bharat,2025-10-15
MOCK-UAN-7842-4873,46,Andhra Pradesh,Tamil Nadu,Gig Worker,1,Highly-skilled,eShram,2025-12-25
MOCK-UAN-2328-5181,33,Tamil Nadu,Tamil Nadu,Agriculture,588,Skilled,Ayushman Bharat,2025-11-27
MOCK-UAN-3064-3496,61,West Bengal,West Bengal,Agriculture,855,Highly-skilled,None,2025-05-26
MOCK-UAN-1023-2494,18,Jharkhand,Uttar Pradesh,Agriculture,2500,Highly-skilled,Ayushman Bharat,2024-12-27
MOCK-UAN-9914-7075,57,Uttar Pradesh,Tamil Nadu,Domestic Worker,806,Highly-skilled,Ayushman Bharat,2025-05-19
MOCK-UAN-7044-5437,60,Uttar Pradesh,Gujarat,Manufacturing,932,Highly-skilled,None,2025-09-19
MOCK-UAN-2089-3628,33,Uttar Pradesh,Bihar,Agriculture,395,Semi-skilled,eShram,2025-04-21
MOCK-UAN-2466-6854,19,Karnataka,Uttar Pradesh,Gig Worker,462,Unskilled,PM-SYM,2025-02-13
MOCK-UAN-8520-3239,-1,Andhra Pradesh,Uttar Pradesh,Agriculture,458,Semi-skilled,eShram,2024-10-10
MOCK-UAN-3251-5867,23,Odisha,Tamil Nadu,Manufacturing,932,Highly-skilled,PM-Kisan,2026-01-14
MOCK-UAN-2808-4923,46,Jharkhand,West Bengal,Gig Worker,704,Skilled,None,2024-12-25
MOCK-UAN-7392-2125,50,Karnataka,West Bengal,Domestic Worker,512,Skilled,eShram,2026-08-15
MOCK-UAN-3671-6258,52,Tamil Nadu,Tamil Nadu,Agriculture,556,Skilled,PM-Kisan,2026-04-22
MOCK-UAN-6159-5427,24,Uttar Pradesh,Andhra Pradesh,Agriculture,483,Semi-skilled,PM-Kisan,2025-04-01
MOCK-UAN-9856-9399,36,West Bengal,West Bengal,Construction,958,Highly-skilled,Ayushman Bharat,2025-05-24
MOCK-UAN-3526-6943,65,Andhra Pradesh,Karnataka,Domestic Worker,509,Semi-skilled,eShram,2026-02-05
MOCK-UAN-8959-1798,24,Tamil Nadu,Tamil Nadu,Construction,370,Unskilled,None,2025-04-09
MOCK-UAN-9529-5723,39,Uttar Pradesh,Gujarat,Gig Worker,951,Highly-skilled,Ayushman Bharat,2025-05-17
MOCK-UAN-5165-8767,44,West Bengal,West Bengal,Domestic Worker,560,Skilled,None,2026-03-30
MOCK-UAN-6125-1888,40,Bihar,Bihar,Gig Worker,705,Skilled,Ayushman Bharat,2025-05-09
MOCK-UAN-9034-1866,25,Uttar Pradesh,Gujarat,Construction,384,Semi-skilled,eShram,2025-11-27
MOCK-UAN-7239-9911,32,Uttar Pradesh,Bihar,Construction,433,Unskilled,Ayushman Bharat,2025-09-04
MOCK-UAN-9512-1674,58,Uttar Pradesh,Karnataka,Agriculture,472,Semi-skilled,Ayushman Bharat,2026-06-26
MOCK-UAN-1337-7930,44,Gujarat,Gujarat,Gig Worker,761,Skilled,PM-Kisan,2025-01-20
MOCK-UAN-1882-7124,65,Tamil Nadu,Maharashtra,Domestic Worker,220,Unskilled,Ayushman Bharat,2025-09-17
MOCK-UAN-5845-4146,44,Jharkhand,Jharkhand,Gig Worker,462,Unskilled,PM-Kisan,2026-06-18
MOCK-UAN-4467-2209,62,Jharkhand,Jharkhand,Construction,461,Unskilled,PM-SYM,2026-08-14
MOCK-UAN-1666-4553,52,Karnataka,Odisha,Construction,283,Unskilled,None,2026-02-08
MOCK-UAN-9462-2541,54,Gujarat,West Bengal,Construction,988,Highly-skilled,None,2025-11-29
MOCK-UAN-9307-5888,30,Maharashtra,Maharashtra,Manufacturing,600,Skilled,PM-SYM,2026-05-19
MOCK-UAN-4688-9723,22,Jharkhand,Tamil Nadu,Domestic Worker,222,Unskilled,PM-SYM,2025-04-20
MOCK-UAN-4771-5577,42,Odisha,West Bengal,Agriculture,924,Highly-skilled,eShram,2026-02-24
MOCK-UAN-5065-6186,31,Karnataka,Tamil Nadu,Domestic Worker,341,Unskilled,PM-SYM,2025-08-25
MOCK-UAN-7041-9539,36,Odisha,Andhra Pradesh,Construction,469,Semi-skilled,eShram,2026-04-24
MOCK-UAN-3223-7219,60,West Bengal,West Bengal,Manufacturing,358,Unskilled,PM-SYM,2026-01-30
MOCK-UAN-6813-6296,62,Tamil Nadu,Andhra Pradesh,Agriculture,216,Unskilled,PM-Kisan,2024-12-18
MOCK-UAN-8642-7175,23,Uttar Pradesh,Karnataka,Gig Worker,625,Skilled,Ayushman Bharat,2025-05-05
MOCK-UAN-8822-1050,34,Bihar,Odisha,Construction,356,Unskilled,eShram,2026-07-06
MOCK-UAN-5514-2689,30,Tamil Nadu,Tamil Nadu,Manufacturing,601,Skilled,PM-Kisan,2026-05-14
MOCK-UAN-7628-5356,15,Tamil Nadu,Gujarat,Gig Worker,2500,Highly-skilled,None,2026-01-28
MOCK-UAN-2149-1109,41,Maharashtra,Gujarat,Manufacturing,640,Skilled,None,2025-05-02
MOCK-UAN-9137-4242,34,Maharashtra,Maharashtra,Domestic Worker,326,Unskilled,PM-Kisan,2026-04-06
MOCK-UAN-5108-3899,19,Bihar,Bihar,Manufacturing,942,Highly-skilled,None,2024-10-13
MOCK-UAN-7518-3176,41,Odisha,Karnataka,Domestic Worker,893,Highly-skilled,Ayushman Bharat,2026-06-17
MOCK-UAN-6089-9212,36,Jharkhand,Maharashtra,Manufacturing,630,Skilled,eShram,2024-12-03
MOCK-UAN-5197-1900,60,Uttar Pradesh,Uttar Pradesh,Manufacturing,277,Unskilled,eShram,2025-12-01
MOCK-UAN-8154-2148,58,Gujarat,Uttar Pradesh,Domestic Worker,402,Unskilled,eShram,2025-10-13
MOCK-UAN-9701-3079,46,Odisha,Uttar Pradesh,Agriculture,559,Skilled,PM-SYM,2026-05-12
MOCK-UAN-4457-4206,20,Odisha,Odisha,Manufacturing,405,Unskilled,eShram,2025-04-19
MOCK-UAN-9956-6902,65,Jharkhand,Tamil Nadu,Domestic Worker,901,Highly-skilled,eShram,2025-06-26
MOCK-UAN-6010-7387,31,Uttar Pradesh,West Bengal,Agriculture,831,Highly-skilled,Ayushman Bharat,2026-04-01
MOCK-UAN-2152-7100,26,Jharkhand,Jharkhand,Domestic Worker,368,Unskilled,Ayushman Bharat,2026-05-06
MOCK-UAN-9856-9725,22,Jharkhand,Odisha,Domestic Worker,906,Highly-skilled,None,2024-10-18
MOCK-UAN-3835-4804,27,Maharashtra,Maharashtra,Construction,392,Unskilled,eShram,2026-07-19
MOCK-UAN-3704-3828,38,Uttar Pradesh,Tamil Nadu,Agriculture,961,Highly-skilled,PM-SYM,2025-06-22
MOCK-UAN-2682-1916,23,Maharashtra,Maharashtra,Agriculture,916,Highly-skilled,PM-SYM,2026-05-03
MOCK-UAN-5544-3957,16,Karnataka,Uttar Pradesh,Agriculture,2500,Highly-skilled,Ayushman Bharat,2025-04-25
MOCK-UAN-4174-1082,22,Gujarat,Uttar Pradesh,Domestic Worker,948,Highly-skilled,None,2025-09-27
MOCK-UAN-2480-7087,65,Odisha,Gujarat,Agriculture,600,Skilled,PM-SYM,2025-05-05
MOCK-UAN-2254-4550,45,Andhra Pradesh,Andhra Pradesh,Manufacturing,334,Unskilled,Ayushman Bharat,2026-01-23
MOCK-UAN-3623-3843,61,Jharkhand,Jharkhand,Agriculture,492,Skilled,eShram,2024-12-25
MOCK-UAN-6199-2332,42,Uttar Pradesh,Uttar Pradesh,Construction,372,Unskilled,Ayushman Bharat,2025-06-16
MOCK-UAN-1457-9503,38,Maharashtra,Andhra Pradesh,Domestic Worker,568,Skilled,eShram,2024-10-04
MOCK-UAN-8638-7518,62,Bihar,Bihar,Domestic Worker,382,Unskilled,PM-Kisan,2026-01-02
MOCK-UAN-7978-6392,65,Odisha,Odisha,Gig Worker,431,Unskilled,PM-SYM,2026-04-07
MOCK-UAN-1361-9575,47,West Bengal,West Bengal,Agriculture,911,Highly-skilled,Ayushman Bharat,2026-08-26
MOCK-UAN-2972-7918,49,Bihar,Gujarat,Manufacturing,924,Highly-skilled,PM-SYM,2026-08-07
MOCK-UAN-8047-8051,49,West Bengal,Bihar,Manufacturing,400,Semi-skilled,PM-SYM,2025-04-09
MOCK-UAN-7023-3391,59,West Bengal,Uttar Pradesh,Construction,431,Unskilled,Ayushman Bharat,2025-07-07
MOCK-UAN-2366-7024,19,Gujarat,Odisha,Agriculture,399,Unskilled,PM-SYM,2026-03-25
MOCK-UAN-2493-2318,42,Karnataka,Karnataka,Domestic Worker,919,Highly-skilled,eShram,2025-06-20
MOCK-UAN-1911-6249,25,Uttar Pradesh,Uttar Pradesh,Manufacturing,979,Highly-skilled,None,2025-10-03
MOCK-UAN-2640-7236,54,Tamil Nadu,Jharkhand,Gig Worker,371,Unskilled,eShram,2025-07-06
MOCK-UAN-7307-4217,57,Gujarat,Tamil Nadu,Manufacturing,260,Unskilled,eShram,2026-06-27
MOCK-UAN-6786-8601,19,Andhra Pradesh,Odisha,Agriculture,602,Skilled,PM-SYM,2025-06-02
MOCK-UAN-3853-4623,51,Karnataka,Karnataka,Domestic Worker,471,Semi-skilled,PM-SYM,2025-04-10
MOCK-UAN-5841-8625,43,Andhra Pradesh,Karnataka,Gig Worker,980,Highly-skilled,eShram,2026-04-14
MOCK-UAN-3467-6726,54,Tamil Nadu,Karnataka,Gig Worker,426,Unskilled,PM-SYM,2026-04-16
MOCK-UAN-6892-4265,29,Karnataka,Jharkhand,Construction,965,Highly-skilled,None,2026-01-02
MOCK-UAN-5492-1244,41,Odisha,Andhra Pradesh,Gig Worker,950,Highly-skilled,Ayushman Bharat,2026-07-29
MOCK-UAN-5184-7135,62,Andhra Pradesh,Andhra Pradesh,Domestic Worker,475,Semi-skilled,PM-SYM,2025-10-30
MOCK-UAN-3273-5265,51,Bihar,Bihar,Construction,693,Skilled,PM-Kisan,2026-08-21
MOCK-UAN-3440-5891,26,Karnataka,Karnataka,Construction,358,Unskilled,None,2025-04-20
MOCK-UAN-9569-1479,20,Uttar Pradesh,Uttar Pradesh,Manufacturing,507,Semi-skilled,PM-SYM,2025-03-04
MOCK-UAN-9694-9808,53,Jharkhand,Jharkhand,Domestic Worker,839,Highly-skilled,PM-Kisan,2025-05-02
MOCK-UAN-2132-6177,60,Jharkhand,Jharkhand,Agriculture,473,Semi-skilled,Ayushman Bharat,2025-07-02
MOCK-UAN-1727-3069,57,Odisha,Jharkhand,Construction,291,Unskilled,eShram,2025-11-02
MOCK-UAN-5325-1577,20,Odisha,Tamil Nadu,Agriculture,394,Semi-skilled,None,2024-10-09
MOCK-UAN-9436-4526,24,West Bengal,West Bengal,Domestic Worker,268,Unskilled,eShram,2025-04-10
MOCK-UAN-9867-4559,20,Tamil Nadu,Tamil Nadu,Agriculture,552,Skilled,PM-SYM,2025-06-12
MOCK-UAN-9922-7497,51,Tamil Nadu,Tamil Nadu,Construction,922,Highly-skilled,Ayushman Bharat,2026-02-15
MOCK-UAN-5896-7820,59,Karnataka,Jharkhand,Gig Worker,539,Semi-skilled,eShram,2026-03-19
MOCK-UAN-5161-3704,39,Andhra Pradesh,Tamil Nadu,Manufacturing,341,Unskilled,None,2025-06-18
MOCK-UAN-5889-1875,44,Gujarat,Gujarat,Gig Worker,683,Skilled,Ayushman Bharat,2025-06-02
MOCK-UAN-2646-3571,58,Uttar Pradesh,Uttar Pradesh,Construction,270,Unskilled,PM-SYM,2026-08-23
MOCK-UAN-8476-7508,29,Bihar,Karnataka,Domestic Worker,507,Semi-skilled,None,2025-05-06
MOCK-UAN-1304-3563,21,Gujarat,Uttar Pradesh,Construction,308,Unskilled,PM-Kisan,2025-01-26
MOCK-UAN-4512-3982,55,Tamil Nadu,Tamil Nadu,Agriculture,297,Unskilled,Ayushman Bharat,2025-12-05
MOCK-UAN-7399-5675,27,Odisha,Odisha,Construction,972,Highly-skilled,eShram,2025-06-25
MOCK-UAN-8502-3252,49,Maharashtra,Odisha,Domestic Worker,909,Highly-skilled,PM-SYM,2025-12-03
MOCK-UAN-6057-5378,42,Jharkhand,West Bengal,Agriculture,654,Skilled,Ayushman Bharat,2026-06-14
MOCK-UAN-8813-4276,36,Jharkhand,Jharkhand,Construction,673,Skilled,eShram,2026-05-21
MOCK-UAN-2271-4784,45,Gujarat,Gujarat,Domestic Worker,406,Semi-skilled,PM-Kisan,2024-09-25
MOCK-UAN-4140-9480,32,Odisha,Karnataka,Construction,608,Semi-skilled,Ayushman Bharat,2025-02-08
MOCK-UAN-1929-7817,60,Uttar Pradesh,Uttar Pradesh,Domestic Worker,459,Semi-skilled,eShram,2025-01-23
MOCK-UAN-8292-2593,44,Uttar Pradesh,Andhra Pradesh,Agriculture,592,Skilled,eShram,2026-06-09
MOCK-UAN-6959-8027,37,Gujarat,Gujarat,Gig Worker,1048,Highly-skilled,PM-SYM,2026-04-24
MOCK-UAN-1731-7318,31,Maharashtra,West Bengal,Agriculture,912,Highly-skilled,PM-Kisan,2025-06-21
MOCK-UAN-6168-7631,47,Tamil Nadu,Karnataka,Manufacturing,919,Highly-skilled,None,2025-10-26
MOCK-UAN-5187-2520,18,Uttar Pradesh,Uttar Pradesh,Construction,2500,Highly-skilled,PM-Kisan,2025-06-27
MOCK-UAN-4481-3720,37,Jharkhand,Karnataka,Agriculture,586,Skilled,eShram,2025-06-10
MOCK-UAN-3182-2965,37,Gujarat,Andhra Pradesh,Agriculture,434,Semi-skilled,Ayushman Bharat,2026-05-27
MOCK-UAN-9228-2642,57,West Bengal,Tamil Nadu,Construction,655,Skilled,None,2026-06-08
MOCK-UAN-8885-7762,40,Maharashtra,Maharashtra,Domestic Worker,353,Unskilled,PM-SYM,2025-08-09
MOCK-UAN-9829-4549,34,Bihar,Andhra Pradesh,Manufacturing,524,Skilled,PM-SYM,2026-05-12
MOCK-UAN-4467-6299,35,Tamil Nadu,Karnataka,Agriculture,201,Unskilled,eShram,2026-08-31
MOCK-UAN-5887-3871,64,Jharkhand,Jharkhand,Construction,620,Skilled,PM-Kisan,2026-04-05
MOCK-UAN-2585-6896,39,Odisha,Tamil Nadu,Domestic Worker,368,Semi-skilled,Ayushman Bharat,2024-11-25
MOCK-UAN-8199-2822,45,Gujarat,Maharashtra,Manufacturing,278,Unskilled,PM-SYM,2025-04-07
MOCK-UAN-3127-9977,20,Maharashtra,Gujarat,Gig Worker,575,Semi-skilled,None,2024-11-26
MOCK-UAN-5382-2984,48,Odisha,Bihar,Manufacturing,555,Skilled,PM-SYM,2025-07-31
MOCK-UAN-9936-2976,22,Bihar,Bihar,Agriculture,828,Highly-skilled,PM-Kisan,2026-02-07
MOCK-UAN-7215-2892,25,Karnataka,Andhra Pradesh,Gig Worker,403,Unskilled,Ayushman Bharat,2025-04-16
MOCK-UAN-5217-6735,20,Maharashtra,Karnataka,Manufacturing,493,Semi-skilled,PM-SYM,2025-04-06
MOCK-UAN-3487-2920,30,Bihar,Bihar,Gig Worker,615,Skilled,eShram,2025-06-03
MOCK-UAN-7245-7218,62,Gujarat,Bihar,Gig Worker,1041,Highly-skilled,eShram,2024-12-04
MOCK-UAN-5521-5224,18,Gujarat,Uttar Pradesh,Manufacturing,340,Unskilled,eShram,2024-09-24
MOCK-UAN-5509-5610,34,Karnataka,Maharashtra,Manufacturing,347,Unskilled,PM-SYM,2026-01-19
MOCK-UAN-2786-4310,61,Maharashtra,Uttar Pradesh,Gig Worker,1060,Highly-skilled,PM-Kisan,2025-05-04
MOCK-UAN-9215-1481,61,Andhra Pradesh,Gujarat,Manufacturing,710,Skilled,PM-Kisan,2025-02-07
MOCK-UAN-6372-5274,50,Maharashtra,Odisha,Manufacturing,282,Unskilled,eShram,2025-04-06
MOCK-UAN-6576-9539,49,Odisha,Tamil Nadu,Construction,955,Highly-skilled,eShram,2024-10-27
MOCK-UAN-2013-8884,26,Odisha,West Bengal,Agriculture,879,Highly-skilled,eShram,2025-10-16
MOCK-UAN-8241-4174,-2,Maharashtra,Maharashtra,Manufacturing,450,Semi-skilled,PM-Kisan,2025-10-26
MOCK-UAN-9926-8518,39,Uttar Pradesh,Bihar,Construction,576,Semi-skilled,PM-SYM,2025-06-27
MOCK-UAN-4126-4724,54,Uttar Pradesh,West Bengal,Gig Worker,482,Semi-skilled,PM-Kisan,2025-05-12
MOCK-UAN-7257-1225,36,Andhra Pradesh,West Bengal,Agriculture,556,Skilled,None,2026-01-03
MOCK-UAN-7301-5597,52,Bihar,Gujarat,Manufacturing,518,Semi-skilled,PM-Kisan,2026-05-11
MOCK-UAN-5393-5652,26,Maharashtra,Maharashtra,Construction,1001,Highly-skilled,PM-Kisan,2026-02-26
MOCK-UAN-5059-4652,60,Odisha,Gujarat,Gig Worker,981,Highly-skilled,eShram,2026-03-24
MOCK-UAN-4770-2796,56,Jharkhand,West Bengal,Domestic Worker,942,Highly-skilled,Ayushman Bharat,2025-09-13
MOCK-UAN-6896-7875,63,Andhra Pradesh,Andhra Pradesh,Construction,967,Highly-skilled,PM-Kisan,2025-10-14
MOCK-UAN-3997-8779,56,Odisha,Odisha,Domestic Worker,375,Unskilled,eShram,2026-05-28
MOCK-UAN-5830-6278,36,West Bengal,West Bengal,Gig Worker,1003,Highly-skilled,None,2025-01-20
MOCK-UAN-6695-2321,58,Bihar,Bihar,Domestic Worker,651,Skilled,PM-SYM,2025-05-05
MOCK-UAN-6082-8297,48,Jharkhand,Bihar,Domestic Worker,732,Skilled,Ayushman Bharat,2024-10-29
MOCK-UAN-2904-5190,46,Andhra Pradesh,Uttar Pradesh,Construction,979,Highly-skilled,PM-SYM,2026-01-11
MOCK-UAN-6781-9388,52,Jharkhand,Jharkhand,Domestic Worker,602,Skilled,Ayushman Bharat,2025-03-08
MOCK-UAN-2921-9307,19,Uttar Pradesh,Bihar,Gig Worker,736,Skilled,PM-SYM,2025-05-25
MOCK-UAN-6051-8267,41,Gujarat,Gujarat,Gig Worker,981,Highly-skilled,Ayushman Bharat,2025-01-20
MOCK-UAN-4566-8688,19,Uttar Pradesh,Jharkhand,Gig Worker,1119,Highly-skilled,PM-SYM,2026-07-18
MOCK-UAN-6943-1370,42,West Bengal,Jharkhand,Construction,509,Semi-skilled,Ayushman Bharat,2026-06-21
MOCK-UAN-8283-6423,23,Odisha,Odisha,Manufacturing,436,Semi-skilled,Ayushman Bharat,2026-05-12
MOCK-UAN-9297-8633,29,Maharashtra,Maharashtra,Agriculture,258,Unskilled,PM-Kisan,2026-07-29
MOCK-UAN-9477-6150,40,Jharkhand,Jharkhand,Domestic Worker,504,Semi-skilled,PM-Kisan,2025-12-08
MOCK-UAN-1545-3982,41,Odisha,Odisha,Agriculture,643,Skilled,PM-Kisan,2025-08-08
MOCK-UAN-5667-3229,28,Andhra Pradesh,Odisha,Manufacturing,425,Semi-skilled,PM-Kisan,2025-05-08
MOCK-UAN-5070-6997,61,Maharashtra,Karnataka,Gig Worker,578,Semi-skilled,eShram,2026-05-03
MOCK-UAN-6797-6833,48,Gujarat,Tamil Nadu,Construction,874,Highly-skilled,None,2025-06-14
MOCK-UAN-8745-5422,53,Gujarat,Uttar Pradesh,Manufacturing,309,Unskilled,eShram,2025-05-08
MOCK-UAN-9462-8003,60,Andhra Pradesh,Odisha,Manufacturing,322,Unskilled,None,2025-08-22
MOCK-UAN-5224-1325,39,Maharashtra,Maharashtra,Construction,1035,Highly-skilled,Ayushman Bharat,2026-03-28
MOCK-UAN-4053-9304,50,Karnataka,Bihar,Manufacturing,411,Semi-skilled,None,2025-06-21
MOCK-UAN-1949-1171,33,Uttar Pradesh,Gujarat,Domestic Worker,386,Semi-skilled,PM-Kisan,2026-05-03
MOCK-UAN-8811-2415,55,Odisha,Karnataka,Agriculture,555,Skilled,PM-SYM,2024-10-05
MOCK-UAN-1814-7999,35,Uttar Pradesh,West Bengal,Construction,433,Semi-skilled,Ayushman Bharat,2025-05-07
MOCK-UAN-7848-2742,24,Tamil Nadu,Tamil Nadu,Agriculture,666,Skilled,eShram,2025-06-08
MOCK-UAN-3252-8196,53,Jharkhand,Gujarat,Domestic Worker,377,Unskilled,PM-SYM,2025-05-07
MOCK-UAN-9420-4741,56,Tamil Nadu,Bihar,Manufacturing,616,Skilled,PM-SYM,2025-09-10
MOCK-UAN-3406-4360,34,Tamil Nadu,Tamil Nadu,Construction,1011,Highly-skilled,PM-SYM,2026-08-19
MOCK-UAN-8868-2228,65,Maharashtra,Karnataka,Manufacturing,906,Highly-skilled,PM-SYM,2026-07-20
MOCK-UAN-2008-7292,18,Gujarat,Tamil Nadu,Construction,945,Highly-skilled,Ayushman Bharat,2024-10-13
MOCK-UAN-2443-9853,32,Jharkhand,Tamil Nadu,Construction,333,Unskilled,Ayushman Bharat,2026-05-07
MOCK-UAN-9456-4143,38,Maharashtra,Uttar Pradesh,Gig Worker,684,Skilled,None,2025-01-04
MOCK-UAN-6870-3560,27,Uttar Pradesh,Uttar Pradesh,Construction,272,Unskilled,eShram,2026-04-14
MOCK-UAN-9997-3183,42,Tamil Nadu,Maharashtra,Agriculture,463,Semi-skilled,None,2025-05-18
MOCK-UAN-7717-9201,52,Tamil Nadu,Karnataka,Domestic Worker,597,Skilled,Ayushman Bharat,2025-11-04
MOCK-UAN-5486-8193,21,Odisha,Odisha,Construction,687,Skilled,None,2026-04-19
MOCK-UAN-8027-6413,54,Bihar,Uttar Pradesh,Domestic Worker,604,Skilled,Ayushman Bharat,2026-07-10
MOCK-UAN-5177-4566,18,Karnataka,Karnataka,Domestic Worker,591,Skilled,Ayushman Bharat,2025-12-24
MOCK-UAN-9228-5296,34,Odisha,Odisha,Construction,456,Semi-skilled,eShram,2024-11-13
MOCK-UAN-8770-2876,37,Gujarat,Gujarat,Construction,503,Semi-skilled,PM-Kisan,2026-04-17
MOCK-UAN-5094-8283,44,Odisha,Odisha,Construction,386,Unskilled,PM-Kisan,2026-09-13
MOCK-UAN-2594-4588,18,West Bengal,Bihar,Construction,2500,Highly-skilled,None,2024-09-18
MOCK-UAN-5385-5540,62,Uttar Pradesh,Maharashtra,Gig Worker,704,Skilled,None,2026-06-22
MOCK-UAN-6436-2242,23,Andhra Pradesh,Gujarat,Gig Worker,1011,Highly-skilled,Ayushman Bharat,2026-03-06
MOCK-UAN-3175-2160,44,Tamil Nadu,Uttar Pradesh,Manufacturing,414,Semi-skilled,PM-SYM,2025-06-14
MOCK-UAN-5888-2749,37,Maharashtra,West Bengal,Gig Worker,520,Semi-skilled,eShram,2026-02-16
MOCK-UAN-8038-4111,23,Uttar Pradesh,Gujarat,Agriculture,311,Unskilled,PM-SYM,2026-02-01
MOCK-UAN-8592-7818,63,Bihar,Andhra Pradesh,Gig Worker,943,Highly-skilled,None,2025-12-21
MOCK-UAN-2595-1153,28,Tamil Nadu,Tamil Nadu,Gig Worker,1017,Highly-skilled,Ayushman Bharat,2026-05-02
MOCK-UAN-6409-9909,38,Bihar,Bihar,Agriculture,255,Unskilled,Ayushman Bharat,2026-04-26
MOCK-UAN-1327-9108,34,Gujarat,Gujarat,Manufacturing,503,Semi-skilled,eShram,2026-05-09
MOCK-UAN-9548-9788,23,Bihar,Odisha,Gig Worker,516,Unskilled,PM-SYM,2025-12-08
MOCK-UAN-1526-6311,60,Odisha,Odisha,Agriculture,856,Highly-skilled,PM-SYM,2026-06-15
MOCK-UAN-8675-7656,55,Gujarat,Maharashtra,Gig Worker,726,Skilled,Ayushman Bharat,2026-05-09
MOCK-UAN-1493-8960,18,Jharkhand,West Bengal,Gig Worker,963,Highly-skilled,eShram,2025-04-17
MOCK-UAN-6910-8466,25,Jharkhand,Karnataka,Gig Worker,1052,Highly-skilled,None,2026-03-03
MOCK-UAN-3970-8824,32,Uttar Pradesh,Andhra Pradesh,Agriculture,386,Semi-skilled,None,2026-03-24
MOCK-UAN-5771-5761,43,Andhra Pradesh,Andhra Pradesh,Manufacturing,624,Skilled,PM-Kisan,2026-05-27
MOCK-UAN-4919-3384,22,Odisha,Maharashtra,Gig Worker,356,Unskilled,Ayushman Bharat,2025-06-11
MOCK-UAN-4444-5909,62,West Bengal,West Bengal,Manufacturing,589,Skilled,Ayushman Bharat,2024-09-29
MOCK-UAN-7794-3758,34,Andhra Pradesh,Andhra Pradesh,Agriculture,548,Skilled,PM-SYM,2025-11-03
MOCK-UAN-2502-7959,64,Gujarat,Gujarat,Agriculture,341,Unskilled,None,2026-04-15
MOCK-UAN-1260-5214,46,Uttar Pradesh,Uttar Pradesh,Construction,458,Semi-skilled,PM-SYM,2025-11-24
MOCK-UAN-7466-1351,41,West Bengal,Odisha,Agriculture,927,Highly-skilled,PM-Kisan,2024-09-21
MOCK-UAN-2585-9157,21,West Bengal,West Bengal,Domestic Worker,282,Unskilled,None,2025-02-06
MOCK-UAN-2016-8821,39,Maharashtra,Odisha,Manufacturing,894,Highly-skilled,eShram,2025-02-17
MOCK-UAN-7941-7414,46,Maharashtra,Gujarat,Domestic Worker,907,Highly-skilled,PM-SYM,2024-12-15
MOCK-UAN-1586-1734,51,Tamil Nadu,Tamil Nadu,Agriculture,561,Skilled,PM-Kisan,2024-11-23
MOCK-UAN-7371-6736,22,Gujarat,Gujarat,Domestic Worker,460,Semi-skilled,PM-SYM,2025-02-08
MOCK-UAN-6245-3322,43,Bihar,Odisha,Manufacturing,976,Highly-skilled,PM-SYM,2026-07-28
MOCK-UAN-9276-4937,62,Karnataka,Andhra Pradesh,Construction,911,Highly-skilled,Ayushman Bharat,2026-03-23
MOCK-UAN-6160-5253,47,Bihar,Maharashtra,Agriculture,358,Unskilled,PM-Kisan,2026-09-06
MOCK-UAN-5155-2475,32,Andhra Pradesh,Andhra Pradesh,Agriculture,524,Semi-skilled,None,2025-02-09
MOCK-UAN-7405-2885,60,Tamil Nadu,Maharashtra,Construction,609,Skilled,PM-Kisan,2024-12-06
MOCK-UAN-9186-7224,28,Uttar Pradesh,Karnataka,Manufacturing,227,Unskilled,PM-SYM,2026-06-12
MOCK-UAN-9312-2115,42,Bihar,Uttar Pradesh,Gig Worker,1015,Highly-skilled,Ayushman Bharat,2025-03-31
MOCK-UAN-7306-2848,37,Tamil Nadu,Bihar,Domestic Worker,272,Unskilled,PM-Kisan,2026-01-19
MOCK-UAN-1932-4722,47,Uttar Pradesh,Uttar Pradesh,Gig Worker,1093,Highly-skilled,PM-SYM,2025-03-15
MOCK-UAN-5667-3720,60,Gujarat,Gujarat,Domestic Worker,301,Unskilled,eShram,2026-04-05
MOCK-UAN-2322-4934,31,West Bengal,Andhra Pradesh,Construction,909,Highly-skilled,PM-SYM,2025-05-13
MOCK-UAN-9284-8272,56,Tamil Nadu,Tamil Nadu,Gig Worker,942,Highly-skilled,None,2025-09-26
MOCK-UAN-5862-2685,19,West Bengal,Uttar Pradesh,Agriculture,504,Semi-skilled,PM-SYM,2025-06-09
MOCK-UAN-1101-4162,49,Gujarat,Uttar Pradesh,Construction,471,Semi-skilled,eShram,2024-10-08
MOCK-UAN-9397-5168,64,Tamil Nadu,Jharkhand,Agriculture,602,Skilled,Ayushman Bharat,2026-06-13
MOCK-UAN-3052-3770,50,Tamil Nadu,Tamil Nadu,Construction,697,Skilled,PM-SYM,2025-05-13
MOCK-UAN-4320-3423,40,Tamil Nadu,Karnataka,Construction,475,Semi-skilled,eShram,2025-03-28
MOCK-UAN-4498-1176,40,Gujarat,Maharashtra,Construction,347,Unskilled,PM-SYM,2026-08-03
MOCK-UAN-4999-9071,26,Maharashtra,Maharashtra,Manufacturing,899,Highly-skilled,PM-Kisan,2024-11-09
MOCK-UAN-3043-4461,65,Tamil Nadu,Tamil Nadu,Gig Worker,584,Semi-skilled,PM-SYM,2026-06-18
MOCK-UAN-4539-1800,50,Karnataka,Maharashtra,Gig Worker,579,Semi-skilled,PM-SYM,2026-05-23
MOCK-UAN-2035-4084,51,Odisha,West Bengal,Manufacturing,288,Unskilled,eShram,2024-10-03
MOCK-UAN-9358-3510,53,Odisha,West Bengal,Construction,353,Unskilled,Ayushman Bharat,2025-05-14
MOCK-UAN-6206-9508,44,Jharkhand,Jharkhand,Gig Worker,681,Skilled,PM-Kisan,2025-05-22
MOCK-UAN-8137-9196,20,Karnataka,West Bengal,Domestic Worker,226,Unskilled,eShram,2025-06-28
MOCK-UAN-5280-5479,28,Maharashtra,Maharashtra,Domestic Worker,912,Highly-skilled,Ayushman Bharat,2026-02-23
MOCK-UAN-4043-8729,19,Jharkhand,West Bengal,Agriculture,694,Skilled,eShram,2025-02-18
MOCK-UAN-5319-1605,23,Uttar Pradesh,Odisha,Domestic Worker,405,Semi-skilled,None,2025-03-28
MOCK-UAN-2765-6502,57,Gujarat,Odisha,Manufacturing,861,Highly-skilled,PM-Kisan,2025-01-02
MOCK-UAN-5038-5442,52,Uttar Pradesh,Uttar Pradesh,Agriculture,556,Skilled,eShram,2025-11-20
MOCK-UAN-4084-3823,44,Maharashtra,Gujarat,Manufacturing,336,Unskilled,PM-Kisan,2025-05-27
MOCK-UAN-7189-7684,23,Uttar Pradesh,Karnataka,Manufacturing,622,Skilled,PM-Kisan,2026-07-30
MOCK-UAN-1960-9595,62,Odisha,Odisha,Agriculture,892,Highly-skilled,PM-SYM,2024-11-04
MOCK-UAN-7293-2906,24,Uttar Pradesh,Uttar Pradesh,Gig Worker,504,Semi-skilled,eShram,2026-07-02
MOCK-UAN-7845-1188,42,Tamil Nadu,Gujarat,Gig Worker,554,Semi-skilled,PM-Kisan,2025-05-07
MOCK-UAN-8125-1304,65,Uttar Pradesh,Tamil Nadu,Domestic Worker,821,Highly-skilled,PM-SYM,2025-05-15
MOCK-UAN-6180-8228,43,West Bengal,West Bengal,Manufacturing,457,Semi-skilled,None,2026-05-20
MOCK-UAN-1194-1594,50,Odisha,Odisha,Gig Worker,443,Unskilled,eShram,2025-11-23
MOCK-UAN-1574-8621,47,Uttar Pradesh,Tamil Nadu,Gig Worker,487,Semi-skilled,Ayushman Bharat,2024-09-21
MOCK-UAN-8479-1879,38,Tamil Nadu,Andhra Pradesh,Construction,423,Semi-skilled,eShram,2025-04-02
MOCK-UAN-5767-4724,65,Bihar,Bihar,Manufacturing,528,Semi-skilled,None,2026-09-01
MOCK-UAN-7920-4671,24,West Bengal,West Bengal,Agriculture,419,Semi-skilled,Ayushman Bharat,2024-10-05
MOCK-UAN-7409-3035,61,Andhra Pradesh,Odisha,Agriculture,506,Semi-skilled,None,2025-04-15
MOCK-UAN-4408-2372,20,Karnataka,Karnataka,Domestic Worker,592,Skilled,None,2026-01-13
MOCK-UAN-9978-5609,44,Jharkhand,Jharkhand,Agriculture,591,Skilled,eShram,2024-10-03
MOCK-UAN-2436-2479,51,Gujarat,Odisha,Gig Worker,1021,Highly-skilled,eShram,2025-10-28
MOCK-UAN-5971-1757,23,West Bengal,Uttar Pradesh,Domestic Worker,855,Highly-skilled,None,2026-06-23
MOCK-UAN-3069-8588,23,Tamil Nadu,Tamil Nadu,Construction,506,Semi-skilled,PM-SYM,2026-05-12
MOCK-UAN-3777-9820,53,Jharkhand,Uttar Pradesh,Agriculture,430,Semi-skilled,PM-Kisan,2025-06-11
MOCK-UAN-7080-8318,64,Bihar,Odisha,Manufacturing,383,Semi-skilled,Ayushman Bharat,2025-06-28
MOCK-UAN-4782-8645,36,Tamil Nadu,Uttar Pradesh,Manufacturing,466,Semi-skilled,None,2025-06-12
MOCK-UAN-8459-4311,25,Odisha,Karnataka,Construction,486,Semi-skilled,eShram,2025-03-28
MOCK-UAN-9401-2689,61,Jharkhand,Jharkhand,Agriculture,592,Skilled,Ayushman Bharat,2025-02-25
MOCK-UAN-8191-5017,55,Odisha,Andhra Pradesh,Agriculture,239,Unskilled,Ayushman Bharat,2026-09-02
MOCK-UAN-9855-9738,44,Bihar,Tamil Nadu,Gig Worker,629,Semi-skilled,eShram,2025-09-26
MOCK-UAN-1535-7528,33,Jharkhand,Jharkhand,Manufacturing,943,Highly-skilled,Ayushman Bharat,2025-08-28
MOCK-UAN-9208-5685,20,Andhra Pradesh,Jharkhand,Construction,998,Highly-skilled,PM-Kisan,2026-08-28
MOCK-UAN-6468-8522,44,Andhra Pradesh,Karnataka,Manufacturing,884,Highly-skilled,None,2026-04-24
MOCK-UAN-4068-9084,52,Maharashtra,Andhra Pradesh,Manufacturing,213,Unskilled,PM-Kisan,2026-01-26
MOCK-UAN-9741-3997,19,Karnataka,Karnataka,Domestic Worker,547,Semi-skilled,eShram,2026-04-25
MOCK-UAN-4100-7616,26,Uttar Pradesh,Maharashtra,Construction,646,Skilled,eShram,2026-09-08
MOCK-UAN-7475-8893,36,Uttar Pradesh,Uttar Pradesh,Manufacturing,412,Semi-skilled,eShram,2025-02-10
MOCK-UAN-6389-1368,41,Uttar Pradesh,Uttar Pradesh,Manufacturing,620,Skilled,PM-Kisan,2026-04-07
MOCK-UAN-1188-7133,54,Tamil Nadu,Uttar Pradesh,Gig Worker,458,Unskilled,PM-SYM,2025-01-23
MOCK-UAN-3444-4677,37,Maharashtra,Maharashtra,Construction,648,Skilled,eShram,2026-09-09
MOCK-UAN-9246-9417,21,Bihar,West Bengal,Gig Worker,763,Skilled,PM-Kisan,2025-02-22
MOCK-UAN-5854-1521,65,Odisha,Gujarat,Agriculture,954,Highly-skilled,eShram,2026-03-10
MOCK-UAN-6515-4828,58,Karnataka,Bihar,Gig Worker,496,Semi-skilled,PM-SYM,2025-06-22
MOCK-UAN-9904-1781,39,Gujarat,Jharkhand,Gig Worker,666,Skilled,None,2026-06-23
MOCK-UAN-2377-4879,64,Maharashtra,Andhra Pradesh,Construction,997,Highly-skilled,PM-Kisan,2025-05-05
MOCK-UAN-4781-6932,38,Tamil Nadu,Maharashtra,Gig Worker,264,Unskilled,PM-SYM,2026-08-21
MOCK-UAN-9687-3185,60,Jharkhand,Jharkhand,Agriculture,592,Skilled,PM-Kisan,2025-01-17
MOCK-UAN-7283-2655,18,West Bengal,Karnataka,Construction,578,Skilled,PM-SYM,2025-04-26
MOCK-UAN-7260-5491,24,Tamil Nadu,Tamil Nadu,Construction,476,Semi-skilled,eShram,2025-03-08
MOCK-UAN-4675-3704,65,Odisha,Bihar,Construction,485,Semi-skilled,eShram,2026-06-25
MOCK-UAN-2983-4560,-2,Odisha,Odisha,Gig Worker,682,Skilled,PM-Kisan,2025-01-16
MOCK-UAN-4057-9108,32,Tamil Nadu,Jharkhand,Construction,622,Skilled,PM-Kisan,2024-12-10
MOCK-UAN-2525-1858,62,Bihar,Gujarat,Gig Worker,495,Semi-skilled,PM-SYM,2024-09-15
MOCK-UAN-8854-9231,59,Uttar Pradesh,Uttar Pradesh,Gig Worker,514,Unskilled,Ayushman Bharat,2026-07-15
MOCK-UAN-6303-2975,63,Odisha,Odisha,Construction,1043,Highly-skilled,PM-Kisan,2026-03-19
MOCK-UAN-8954-7661,33,Andhra Pradesh,Andhra Pradesh,Domestic Worker,241,Unskilled,PM-SYM,2025-09-06
MOCK-UAN-4424-2867,45,Karnataka,Karnataka,Construction,729,Skilled,PM-SYM,2024-09-16
MOCK-UAN-5942-9549,26,Andhra Pradesh,Gujarat,Manufacturing,430,Semi-skilled,PM-SYM,2026-06-06
MOCK-UAN-9106-4120,45,Tamil Nadu,Maharashtra,Domestic Worker,906,Highly-skilled,eShram,2025-10-02
MOCK-UAN-3068-1841,65,Tamil Nadu,Karnataka,Manufacturing,296,Unskilled,None,2025-12-14
MOCK-UAN-2175-3332,47,Odisha,Uttar Pradesh,Construction,317,Unskilled,eShram,2024-10-07
MOCK-UAN-8381-3139,38,Maharashtra,Jharkhand,Agriculture,949,Highly-skilled,PM-SYM,2025-12-28
MOCK-UAN-1267-7488,53,Gujarat,Gujarat,Domestic Worker,906,Highly-skilled,PM-Kisan,2025-12-06
MOCK-UAN-3997-1995,63,Jharkhand,Jharkhand,Gig Worker,676,Skilled,Ayushman Bharat,2024-10-31
MOCK-UAN-3318-7608,23,Gujarat,Gujarat,Domestic Worker,534,Skilled,Ayushman Bharat,2025-05-24
MOCK-UAN-3129-3719,39,West Bengal,Bihar,Domestic Worker,255,Unskilled,None,2024-09-28
MOCK-UAN-9903-4044,63,Karnataka,Uttar Pradesh,Manufacturing,217,Unskilled,Ayushman Bharat,2026-07-26
MOCK-UAN-5933-8553,61,Bihar,Bihar,Gig Worker,400,Unskilled,eShram,2025-10-29
MOCK-UAN-2560-6138,33,Maharashtra,Gujarat,Gig Worker,490,Semi-skilled,PM-Kisan,2025-07-16
MOCK-UAN-1342-3266,44,Odisha,West Bengal,Gig Worker,536,Semi-skilled,PM-SYM,2024-11-05
MOCK-UAN-3888-1818,50,Tamil Nadu,Tamil Nadu,Construction,718,Skilled,None,2025-06-06
MOCK-UAN-9578-1159,30,Uttar Pradesh,Gujarat,Domestic Worker,659,Skilled,None,2025-09-15
MOCK-UAN-6973-2293,55,Karnataka,Karnataka,Gig Worker,698,Skilled,PM-SYM,2025-05-30
MOCK-UAN-5860-5928,63,Odisha,Odisha,Gig Worker,395,Unskilled,PM-Kisan,2025-09-30
MOCK-UAN-6984-5429,56,Bihar,Odisha,Gig Worker,493,Unskilled,PM-SYM,2025-12-22
MOCK-UAN-5667-5815,35,Jharkhand,Odisha,Gig Worker,576,Semi-skilled,PM-Kisan,2026-06-27
MOCK-UAN-9207-8521,36,Jharkhand,Karnataka,Gig Worker,383,Unskilled,Ayushman Bharat,2026-06-06
MOCK-UAN-6588-1380,18,Uttar Pradesh,Uttar Pradesh,Domestic Worker,2500,Highly-skilled,Ayushman Bharat,2024-11-22
MOCK-UAN-4231-9951,53,Jharkhand,Bihar,Construction,669,Skilled,PM-Kisan,2025-02-26
MOCK-UAN-3689-2715,25,West Bengal,Uttar Pradesh,Manufacturing,491,Semi-skilled,eShram,2024-12-31
MOCK-UAN-8111-7160,41,Tamil Nadu,Karnataka,Gig Worker,368,Unskilled,PM-SYM,2026-08-12
MOCK-UAN-4167-4317,38,Odisha,Odisha,Construction,364,Unskilled,Ayushman Bharat,2025-10-25
MOCK-UAN-1208-8511,60,Tamil Nadu,Tamil Nadu,Agriculture,881,Highly-skilled,PM-Kisan,2025-07-04
MOCK-UAN-5335-7388,64,Karnataka,Karnataka,Agriculture,440,Semi-skilled,PM-Kisan,2025-04-02
MOCK-UAN-7276-3435,41,Karnataka,Karnataka,Agriculture,175,Unskilled,None,2025-01-18
MOCK-UAN-7936-6963,44,Gujarat,Gujarat,Manufacturing,888,Highly-skilled,Ayushman Bharat,2024-09-28
MOCK-UAN-4991-7272,40,Tamil Nadu,Bihar,Manufacturing,348,Unskilled,PM-SYM,2024-11-11
MOCK-UAN-7697-8529,54,Gujarat,Jharkhand,Agriculture,868,Highly-skilled,eShram,2025-05-05
MOCK-UAN-4290-7931,-5,Jharkhand,Gujarat,Construction,652,Skilled,None,2025-03-24
MOCK-UAN-4378-9136,56,Uttar Pradesh,Tamil Nadu,Construction,912,Highly-skilled,eShram,2025-05-01
MOCK-UAN-7794-1914,25,Andhra Pradesh,Andhra Pradesh,Domestic Worker,918,Highly-skilled,None,2025-10-12
MOCK-UAN-1739-7024,31,Uttar Pradesh,Uttar Pradesh,Agriculture,289,Unskilled,eShram,2025-08-17
MOCK-UAN-2635-8015,61,Tamil Nadu,Tamil Nadu,Domestic Worker,253,Unskilled,None,2025-01-04
MOCK-UAN-6107-7259,37,West Bengal,West Bengal,Manufacturing,966,Highly-skilled,PM-SYM,2026-03-04
MOCK-UAN-7077-8402,43,Uttar Pradesh,Andhra Pradesh,Gig Worker,1046,Highly-skilled,eShram,2025-04-18
MOCK-UAN-8062-7631,29,Jharkhand,Maharashtra,Construction,919,Highly-skilled,eShram,2025-11-08
MOCK-UAN-6515-8131,44,Karnataka,Andhra Pradesh,Manufacturing,324,Unskilled,None,2025-02-24
MOCK-UAN-9107-3672,60,Maharashtra,West Bengal,Manufacturing,326,Unskilled,Ayushman Bharat,2025-12-29
MOCK-UAN-7737-6777,62,Karnataka,Karnataka,Manufacturing,632,Skilled,PM-SYM,2026-06-22
MOCK-UAN-3083-4207,34,Odisha,Odisha,Agriculture,815,Highly-skilled,eShram,2025-06-15
MOCK-UAN-2431-8461,45,Uttar Pradesh,Jharkhand,Manufacturing,350,Unskilled,Ayushman Bharat,2026-03-06
MOCK-UAN-1422-6573,59,Karnataka,Bihar,Domestic Worker,421,Semi-skilled,eShram,2026-02-28
MOCK-UAN-1277-9046,18,Maharashtra,Maharashtra,Construction,632,Skilled,None,2025-11-16
MOCK-UAN-1155-6573,30,Maharashtra,Maharashtra,Construction,781,Skilled,PM-SYM,2026-05-21
MOCK-UAN-9897-7315,21,Gujarat,Jharkhand,Agriculture,615,Skilled,None,2026-04-01
MOCK-UAN-9888-8223,40,West Bengal,Odisha,Construction,630,Skilled,PM-SYM,2025-07-15
MOCK-UAN-2600-7368,-1,Gujarat,Bihar,Gig Worker,289,Unskilled,None,2025-04-08
MOCK-UAN-9620-6725,30,Odisha,Odisha,Construction,419,Unskilled,Ayushman Bharat,2026-02-24
MOCK-UAN-9437-1099,38,Karnataka,Karnataka,Domestic Worker,832,Highly-skilled,Ayushman Bharat,2026-03-11
MOCK-UAN-5146-1876,28,Uttar Pradesh,Uttar Pradesh,Gig Worker,10562,Highly-skilled,PM-SYM,2025-04-23
MOCK-UAN-3331-8511,54,Maharashtra,Tamil Nadu,Agriculture,583,Skilled,Ayushman Bharat,2026-03-23
MOCK-UAN-1381-6602,65,Karnataka,Karnataka,Gig Worker,470,Unskilled,PM-SYM,2026-05-13
MOCK-UAN-6281-3166,43,Bihar,Bihar,Agriculture,938,Highly-skilled,PM-Kisan,2025-03-08
MOCK-UAN-7025-7583,45,Maharashtra,Andhra Pradesh,Agriculture,292,Unskilled,eShram,2026-02-26
MOCK-UAN-7737-4201,46,Odisha,Maharashtra,Construction,965,Highly-skilled,eShram,2025-04-04
MOCK-UAN-4254-6768,43,West Bengal,West Bengal,Manufacturing,569,Skilled,None,2024-10-25
MOCK-UAN-1982-2875,39,Andhra Pradesh,Andhra Pradesh,Gig Worker,706,Skilled,eShram,2025-01-15
MOCK-UAN-8019-3515,57,Jharkhand,Gujarat,Manufacturing,453,Semi-skilled,PM-SYM,2025-05-17
MOCK-UAN-4184-4920,41,Karnataka,Jharkhand,Construction,698,Skilled,None,2025-07-29
MOCK-UAN-2128-4591,58,West Bengal,Gujarat,Domestic Worker,498,Semi-skilled,PM-Kisan,2026-06-03
MOCK-UAN-3180-9374,46,Andhra Pradesh,Tamil Nadu,Agriculture,924,Highly-skilled,Ayushman Bharat,2026-08-20
MOCK-UAN-4821-2952,61,Andhra Pradesh,Bihar,Manufacturing,281,Unskilled,PM-SYM,2026-08-05
MOCK-UAN-1666-9997,54,Gujarat,Uttar Pradesh,Gig Worker,737,Skilled,PM-Kisan,2025-05-04
MOCK-UAN-9074-2163,44,Bihar,Bihar,Agriculture,895,Highly-skilled,eShram,2025-05-24
MOCK-UAN-7681-2328,19,Bihar,Bihar,Gig Worker,495,Semi-skilled,PM-SYM,2026-05-16
MOCK-UAN-3613-8000,50,Uttar Pradesh,Andhra Pradesh,Domestic Worker,279,Unskilled,None,2026-05-16
MOCK-UAN-4239-6613,19,Maharashtra,Maharashtra,Agriculture,454,Semi-skilled,PM-SYM,2025-06-17
MOCK-UAN-1144-5498,26,Uttar Pradesh,Uttar Pradesh,Domestic Worker,645,Skilled,PM-SYM,2025-06-24
MOCK-UAN-4650-3621,22,Bihar,Bihar,Gig Worker,990,Highly-skilled,None,2026-04-01
MOCK-UAN-8398-4829,30,Uttar Pradesh,West Bengal,Manufacturing,839,Highly-skilled,PM-Kisan,2025-01-24
MOCK-UAN-1892-1431,65,Karnataka,Andhra Pradesh,Gig Worker,1002,Highly-skilled,None,2025-07-09
MOCK-UAN-5403-4804,14,Tamil Nadu,Odisha,Gig Worker,2500,Highly-skilled,None,2024-10-16
MOCK-UAN-6522-6707,34,Jharkhand,Gujarat,Domestic Worker,909,Highly-skilled,Ayushman Bharat,2025-04-28
MOCK-UAN-9911-1733,40,Uttar Pradesh,Uttar Pradesh,Manufacturing,645,Skilled,PM-Kisan,2026-05-12
MOCK-UAN-1108-2965,51,Gujarat,Gujarat,Domestic Worker,350,Unskilled,None,2025-09-26
MOCK-UAN-4606-4757,60,Odisha,Tamil Nadu,Manufacturing,870,Highly-skilled,None,2024-09-24
MOCK-UAN-5130-3971,48,Andhra Pradesh,Uttar Pradesh,Domestic Worker,869,Highly-skilled,Ayushman Bharat,2025-07-10
MOCK-UAN-9610-5912,58,Maharashtra,Maharashtra,Gig Worker,347,Unskilled,Ayushman Bharat,2025-04-25
MOCK-UAN-7733-4789,34,Karnataka,Karnataka,Construction,984,Highly-skilled,None,2025-06-22
MOCK-UAN-2012-6647,58,Uttar Pradesh,Jharkhand,Domestic Worker,522,Semi-skilled,Ayushman Bharat,2025-06-04
MOCK-UAN-5702-9951,18,West Bengal,Tamil Nadu,Domestic Worker,434,Semi-skilled,PM-SYM,2026-07-13
MOCK-UAN-4316-2601,63,Andhra Pradesh,West Bengal,Manufacturing,887,Highly-skilled,PM-Kisan,2025-06-05
MOCK-UAN-2073-5580,23,Gujarat,West Bengal,Construction,723,Skilled,PM-SYM,2026-07-24
MOCK-UAN-8414-6115,60,Bihar,Karnataka,Manufacturing,475,Semi-skilled,eShram,2025-11-10
MOCK-UAN-5531-7928,31,Andhra Pradesh,Gujarat,Manufacturing,921,Highly-skilled,Ayushman Bharat,2025-05-11
MOCK-UAN-7284-7866,43,Karnataka,Karnataka,Manufacturing,240,Unskilled,eShram,2025-02-10
MOCK-UAN-2822-3726,35,Tamil Nadu,Bihar,Agriculture,633,Skilled,None,2026-06-02
MOCK-UAN-9309-5889,34,Bihar,Gujarat,Construction,903,Highly-skilled,PM-Kisan,2025-04-11
MOCK-UAN-8878-7864,27,West Bengal,Andhra Pradesh,Domestic Worker,393,Semi-skilled,eShram,2025-06-14
MOCK-UAN-1184-3693,30,Maharashtra,Maharashtra,Domestic Worker,282,Unskilled,Ayushman Bharat,2025-12-15
MOCK-UAN-5022-3495,49,Jharkhand,Uttar Pradesh,Manufacturing,570,Skilled,PM-Kisan,2026-09-15
MOCK-UAN-2681-7979,26,Tamil Nadu,West Bengal,Construction,638,Skilled,PM-SYM,2025-01-14
MOCK-UAN-8237-8234,47,Bihar,Jharkhand,Agriculture,377,Semi-skilled,PM-Kisan,2024-11-05
MOCK-UAN-7579-3331,59,Karnataka,Gujarat,Construction,397,Unskilled,PM-Kisan,2026-06-08
MOCK-UAN-5595-5398,20,Jharkhand,Andhra Pradesh,Domestic Worker,506,Semi-skilled,Ayushman Bharat,2026-07-24
MOCK-UAN-9883-8611,36,Maharashtra,Tamil Nadu,Construction,552,Skilled,PM-Kisan,2026-05-20
MOCK-UAN-6937-5113,57,Jharkhand,Karnataka,Manufacturing,648,Skilled,None,2025-12-21
MOCK-UAN-9531-7706,44,West Bengal,Uttar Pradesh,Agriculture,409,Semi-skilled,PM-Kisan,2025-01-26
MOCK-UAN-2427-4275,65,Maharashtra,Uttar Pradesh,Gig Worker,1042,Highly-skilled,Ayushman Bharat,2024-11-07
MOCK-UAN-5902-6081,36,West Bengal,Andhra Pradesh,Gig Worker,396,Unskilled,PM-Kisan,2025-04-12
MOCK-UAN-2788-3093,23,Tamil Nadu,Odisha,Manufacturing,601,Skilled,Ayushman Bharat,2026-09-13
MOCK-UAN-3673-8097,23,Jharkhand,Gujarat,Gig Worker,990,Highly-skilled,PM-SYM,2026-05-06
MOCK-UAN-5685-7991,41,Jharkhand,Jharkhand,Construction,560,Semi-skilled,eShram,2025-09-11
MOCK-UAN-5135-5758,32,Karnataka,Jharkhand,Domestic Worker,388,Semi-skilled,PM-SYM,2025-11-23
MOCK-UAN-6739-5266,41,Gujarat,Gujarat,Manufacturing,930,Highly-skilled,PM-SYM,2025-03-28
MOCK-UAN-1786-8206,21,Bihar,Bihar,Domestic Worker,655,Skilled,Ayushman Bharat,2026-01-23
MOCK-UAN-6788-4827,50,West Bengal,West Bengal,Gig Worker,735,Skilled,None,2026-04-06
MOCK-UAN-4372-8519,23,Bihar,Jharkhand,Domestic Worker,716,Skilled,None,2026-06-24
MOCK-UAN-8740-9953,23,West Bengal,Tamil Nadu,Domestic Worker,273,Unskilled,Ayushman Bharat,2026-04-01
MOCK-UAN-2959-9658,-4,Gujarat,Maharashtra,Manufacturing,647,Skilled,PM-SYM,2026-02-12
MOCK-UAN-2108-6964,48,Bihar,Karnataka,Gig Worker,394,Unskilled,PM-SYM,2024-11-04
MOCK-UAN-5232-8981,63,Bihar,Bihar,Agriculture,361,Unskilled,None,2026-07-18
MOCK-UAN-8099-9452,39,Odisha,Andhra Pradesh,Gig Worker,999,Highly-skilled,PM-SYM,2026-03-23
MOCK-UAN-2036-5957,45,Maharashtra,Andhra Pradesh,Gig Worker,980,Highly-skilled,Ayushman Bharat,2025-03-11
MOCK-UAN-9295-4180,46,Gujarat,Maharashtra,Construction,715,Skilled,None,2024-09-19
MOCK-UAN-3385-7451,61,Andhra Pradesh,Andhra Pradesh,Manufacturing,425,Semi-skilled,PM-Kisan,2025-01-24
MOCK-UAN-3660-4830,42,Jharkhand,Bihar,Gig Worker,629,Skilled,eShram,2024-12-28
MOCK-UAN-9346-9180,45,Maharashtra,Odisha,Manufacturing,424,Semi-skilled,PM-Kisan,2026-04-04
MOCK-UAN-7400-9531,52,Tamil Nadu,Bihar,Gig Worker,730,Skilled,PM-Kisan,2025-03-25
MOCK-UAN-5089-9157,64,Uttar Pradesh,Odisha,Domestic Worker,519,Semi-skilled,Ayushman Bharat,2025-08-20
MOCK-UAN-3040-9531,-1,West Bengal,Maharashtra,Gig Worker,405,Unskilled,None,2026-06-17
MOCK-UAN-3584-4687,57,Jharkhand,Jharkhand,Manufacturing,665,Skilled,Ayushman Bharat,2024-12-18
MOCK-UAN-9681-8737,21,Tamil Nadu,Tamil Nadu,Agriculture,532,Skilled,PM-SYM,2025-08-24
MOCK-UAN-8967-6291,40,Maharashtra,Bihar,Gig Worker,977,Highly-skilled,PM-Kisan,2024-10-26
MOCK-UAN-1560-3591,64,Uttar Pradesh,Bihar,Agriculture,285,Unskilled,PM-SYM,2026-08-22
MOCK-UAN-2606-8732,53,Karnataka,Gujarat,Manufacturing,594,Skilled,eShram,2026-08-20
MOCK-UAN-1168-1008,35,Tamil Nadu,Tamil Nadu,Agriculture,604,Skilled,None,2026-05-29
MOCK-UAN-9130-7057,-1,Karnataka,Maharashtra,Gig Worker,1034,Highly-skilled,PM-Kisan,2025-09-03
MOCK-UAN-3412-5189,37,Uttar Pradesh,West Bengal,Construction,477,Semi-skilled,eShram,2025-10-06
MOCK-UAN-6152-2197,36,Maharashtra,Jharkhand,Construction,356,Unskilled,PM-Kisan,2024-12-22
MOCK-UAN-6667-9371,41,Maharashtra,Maharashtra,Construction,497,Semi-skilled,PM-Kisan,2026-01-24
MOCK-UAN-9323-6810,18,West Bengal,West Bengal,Domestic Worker,2500,Highly-skilled,PM-SYM,2025-12-04
MOCK-UAN-1575-2255,31,Karnataka,Gujarat,Manufacturing,444,Semi-skilled,None,2025-04-30
MOCK-UAN-7229-3070,34,Gujarat,Tamil Nadu,Domestic Worker,442,Semi-skilled,PM-SYM,2026-03-27
MOCK-UAN-5825-5917,49,Odisha,Andhra Pradesh,Agriculture,291,Unskilled,Ayushman Bharat,2024-12-29
MOCK-UAN-5476-1209,44,Andhra Pradesh,Gujarat,Manufacturing,451,Semi-skilled,None,2024-09-25
MOCK-UAN-2235-1290,60,Tamil Nadu,Bihar,Manufacturing,303,Unskilled,PM-Kisan,2026-06-20
MOCK-UAN-8222-3445,53,Bihar,Tamil Nadu,Construction,628,Skilled,None,2026-04-29
MOCK-UAN-4476-2227,61,Bihar,Tamil Nadu,Agriculture,363,Unskilled,None,2025-07-18
MOCK-UAN-4997-9662,26,West Bengal,Gujarat,Manufacturing,241,Unskilled,PM-SYM,2026-05-15
MOCK-UAN-2721-9981,44,West Bengal,West Bengal,Domestic Worker,863,Highly-skilled,Ayushman Bharat,2026-01-29
MOCK-UAN-9878-9959,47,Jharkhand,Jharkhand,Gig Worker,538,Unskilled,None,2025-08-30
MOCK-UAN-6685-8755,53,Gujarat,Gujarat,Construction,898,Highly-skilled,Ayushman Bharat,2026-04-05
MOCK-UAN-4220-1107,20,Odisha,Jharkhand,Gig Worker,16516,Unskilled,None,2025-07-11
MOCK-UAN-1352-7882,59,Gujarat,Odisha,Gig Worker,1036,Highly-skilled,PM-SYM,2026-05-14
MOCK-UAN-2349-1474,29,West Bengal,West Bengal,Gig Worker,896,Highly-skilled,eShram,2026-02-20
MOCK-UAN-3894-8136,37,Odisha,Odisha,Gig Worker,388,Unskilled,eShram,2024-11-30
MOCK-UAN-3640-3781,65,Gujarat,Odisha,Construction,1057,Highly-skilled,None,2025-03-12
MOCK-UAN-4023-6651,47,West Bengal,Maharashtra,Manufacturing,222,Unskilled,eShram,2026-04-27
MOCK-UAN-6362-3267,45,Andhra Pradesh,Jharkhand,Domestic Worker,200,Unskilled,eShram,2025-05-23
MOCK-UAN-8866-4480,51,West Bengal,West Bengal,Domestic Worker,225,Unskilled,PM-SYM,2026-04-09
MOCK-UAN-4257-7804,40,Jharkhand,Jharkhand,Construction,394,Unskilled,PM-SYM,2024-10-17
MOCK-UAN-5468-6449,29,Andhra Pradesh,Andhra Pradesh,Construction,406,Unskilled,PM-Kisan,2025-04-11
MOCK-UAN-9264-1460,50,Tamil Nadu,Tamil Nadu,Construction,324,Unskilled,Ayushman Bharat,2024-10-08
MOCK-UAN-5960-2757,28,Jharkhand,Jharkhand,Agriculture,334,Unskilled,PM-SYM,2025-01-09
MOCK-UAN-9252-8464,39,Andhra Pradesh,Andhra Pradesh,Gig Worker,1069,Highly-skilled,None,2026-06-16
MOCK-UAN-5035-1135,46,Odisha,Uttar Pradesh,Domestic Worker,539,Semi-skilled,None,2025-01-03
MOCK-UAN-1516-5519,41,Bihar,Tamil Nadu,Manufacturing,287,Unskilled,None,2025-08-06
MOCK-UAN-2052-1690,54,Tamil Nadu,Uttar Pradesh,Domestic Worker,334,Semi-skilled,Ayushman Bharat,2026-05-11
MOCK-UAN-4732-7832,65,Jharkhand,West Bengal,Domestic Worker,258,Unskilled,Ayushman Bharat,2025-03-21
MOCK-UAN-4160-6044,48,Tamil Nadu,Bihar,Manufacturing,428,Semi-skilled,Ayushman Bharat,2025-05-27
MOCK-UAN-1574-7047,51,Tamil Nadu,Bihar,Construction,637,Skilled,Ayushman Bharat,2025-12-20
MOCK-UAN-8715-1383,46,Karnataka,Gujarat,Manufacturing,440,Semi-skilled,None,2025-04-02
MOCK-UAN-5670-3826,20,Maharashtra,Uttar Pradesh,Agriculture,505,Semi-skilled,PM-Kisan,2025-10-19
MOCK-UAN-9201-2073,38,Odisha,Odisha,Manufacturing,363,Unskilled,PM-SYM,2026-01-06
MOCK-UAN-7293-2907,45,Odisha,West Bengal,Agriculture,441,Semi-skilled,Ayushman Bharat,2026-01-05
MOCK-UAN-1995-8188,37,West Bengal,Uttar Pradesh,Agriculture,504,Semi-skilled,PM-Kisan,2025-06-10
MOCK-UAN-3754-7551,43,Jharkhand,Uttar Pradesh,Domestic Worker,617,Skilled,PM-SYM,2026-05-07
MOCK-UAN-9557-2761,63,Maharashtra,Uttar Pradesh,Gig Worker,703,Skilled,PM-Kisan,2026-07-07
MOCK-UAN-2301-6224,39,Jharkhand,Maharashtra,Manufacturing,945,Highly-skilled,None,2026-08-10
MOCK-UAN-4116-7054,52,Odisha,Odisha,Manufacturing,303,Unskilled,None,2026-04-04
MOCK-UAN-4973-9070,50,Karnataka,Odisha,Manufacturing,1002,Highly-skilled,PM-Kisan,2026-07-03
MOCK-UAN-3714-4956,21,Odisha,Karnataka,Manufacturing,378,Semi-skilled,Ayushman Bharat,2026-04-05
MOCK-UAN-1848-1087,44,Jharkhand,Jharkhand,Construction,624,Skilled,None,2026-09-06
MOCK-UAN-7468-1061,39,Andhra Pradesh,Bihar,Gig Worker,693,Skilled,Ayushman Bharat,2025-02-22
MOCK-UAN-9534-8457,30,Karnataka,Karnataka,Agriculture,321,Unskilled,None,2026-06-01
MOCK-UAN-3840-5394,25,Gujarat,Gujarat,Construction,1013,Highly-skilled,None,2025-06-21
MOCK-UAN-8215-4753,20,Odisha,Odisha,Agriculture,448,Semi-skilled,eShram,2026-05-04
MOCK-UAN-9632-8004,-3,Karnataka,Odisha,Agriculture,528,Skilled,PM-SYM,2025-03-08
MOCK-UAN-5070-8369,64,Uttar Pradesh,Uttar Pradesh,Manufacturing,342,Unskilled,Ayushman Bharat,2025-10-07
MOCK-UAN-4575-8756,24,Tamil Nadu,Tamil Nadu,Construction,387,Unskilled,None,2025-06-04
MOCK-UAN-4630-9366,27,Gujarat,Andhra Pradesh,Construction,402,Semi-skilled,PM-SYM,2025-02-09
MOCK-UAN-2761-6221,27,Gujarat,Gujarat,Gig Worker,399,Unskilled,None,2026-07-22
MOCK-UAN-7972-8730,54,Tamil Nadu,Tamil Nadu,Manufacturing,520,Skilled,None,2024-12-30
MOCK-UAN-9283-8098,56,Karnataka,Andhra Pradesh,Construction,916,Highly-skilled,PM-Kisan,2026-01-05
MOCK-UAN-6615-9432,46,Odisha,Jharkhand,Gig Worker,354,Unskilled,Ayushman Bharat,2026-05-17
MOCK-UAN-4243-2283,32,Tamil Nadu,Tamil Nadu,Construction,390,Unskilled,PM-Kisan,2025-05-24
MOCK-UAN-2809-8929,44,Tamil Nadu,Odisha,Construction,505,Semi-skilled,None,2025-10-06
MOCK-UAN-7896-2109,59,Karnataka,Tamil Nadu,Agriculture,14273,Unskilled,None,2025-09-02
MOCK-UAN-4206-2911,60,Karnataka,Karnataka,Gig Worker,1044,Highly-skilled,Ayushman Bharat,2024-11-13
MOCK-UAN-4231-5419,60,Uttar Pradesh,Tamil Nadu,Construction,428,Semi-skilled,PM-Kisan,2026-03-03
MOCK-UAN-6124-2391,21,West Bengal,Bihar,Manufacturing,616,Skilled,None,2025-10-06
MOCK-UAN-5046-6135,49,Odisha,Maharashtra,Domestic Worker,259,Unskilled,PM-Kisan,2025-11-23
MOCK-UAN-4307-3646,21,Andhra Pradesh,Uttar Pradesh,Domestic Worker,881,Highly-skilled,Ayushman Bharat,2025-07-08
MOCK-UAN-1054-2729,25,Jharkhand,Jharkhand,Domestic Worker,3,Semi-skilled,PM-Kisan,2026-05-31
MOCK-UAN-3234-3185,34,Odisha,Odisha,Manufacturing,326,Unskilled,PM-Kisan,2026-08-11
MOCK-UAN-9764-9100,48,Gujarat,Maharashtra,Construction,416,Unskilled,PM-Kisan,2026-03-15
MOCK-UAN-3156-5277,41,Maharashtra,Bihar,Agriculture,895,Highly-skilled,PM-SYM,2026-03-27
MOCK-UAN-7398-6498,26,Jharkhand,Jharkhand,Construction,365,Unskilled,None,2026-03-11
MOCK-UAN-7933-8147,40,Gujarat,Uttar Pradesh,Construction,628,Skilled,eShram,2026-06-28
MOCK-UAN-2374-2018,31,Karnataka,West Bengal,Gig Worker,1009,Highly-skilled,Ayushman Bharat,2025-09-21
MOCK-UAN-2207-3614,23,Jharkhand,Odisha,Manufacturing,921,Highly-skilled,Ayushman Bharat,2024-11-30
MOCK-UAN-8769-3231,25,Maharashtra,Maharashtra,Construction,345,Unskilled,eShram,2026-05-04
MOCK-UAN-9609-4960,55,Andhra Pradesh,Odisha,Gig Worker,909,Highly-skilled,None,2026-01-25
MOCK-UAN-3927-1267,49,Bihar,Bihar,Construction,516,Semi-skilled,Ayushman Bharat,2024-10-13
MOCK-UAN-4727-4095,44,Gujarat,Uttar Pradesh,Domestic Worker,618,Skilled,PM-Kisan,2025-02-06
MOCK-UAN-4368-7985,48,Karnataka,West Bengal,Gig Worker,515,Semi-skilled,Ayushman Bharat,2025-08-20
MOCK-UAN-6410-6989,35,Odisha,Odisha,Manufacturing,535,Skilled,None,2025-02-23
MOCK-UAN-7584-1695,34,Bihar,Bihar,Gig Worker,473,Unskilled,None,2026-05-19
MOCK-UAN-5696-5451,37,Jharkhand,Jharkhand,Domestic Worker,474,Semi-skilled,PM-Kisan,2025-10-07
MOCK-UAN-3844-5457,49,Andhra Pradesh,Andhra Pradesh,Agriculture,438,Semi-skilled,PM-Kisan,2026-08-13
MOCK-UAN-7086-6279,64,Uttar Pradesh,Uttar Pradesh,Manufacturing,243,Unskilled,eShram,2026-04-13
MOCK-UAN-1698-9794,20,Gujarat,Gujarat,Gig Worker,658,Skilled,eShram,2025-05-24
MOCK-UAN-8765-8173,43,Karnataka,Karnataka,Gig Worker,615,Semi-skilled,PM-Kisan,2026-04-19
MOCK-UAN-4637-2656,53,Karnataka,Karnataka,Agriculture,306,Unskilled,Ayushman Bharat,2026-02-11
MOCK-UAN-2918-6076,50,Jharkhand,Tamil Nadu,Construction,322,Unskilled,PM-Kisan,2026-06-09
MOCK-UAN-7575-8402,20,Andhra Pradesh,Karnataka,Domestic Worker,475,Semi-skilled,PM-Kisan,2025-06-13
MOCK-UAN-9375-2195,19,Gujarat,Andhra Pradesh,Manufacturing,409,Semi-skilled,PM-SYM,2026-04-13
MOCK-UAN-3092-3242,43,Bihar,Tamil Nadu,Construction,725,Skilled,Ayushman Bharat,2025-10-19
MOCK-UAN-9312-6353,57,Andhra Pradesh,Andhra Pradesh,Manufacturing,667,Skilled,eShram,2026-04-15
MOCK-UAN-6998-6933,19,Uttar Pradesh,Maharashtra,Agriculture,876,Highly-skilled,PM-Kisan,2025-01-10
MOCK-UAN-3478-8729,49,Andhra Pradesh,Gujarat,Gig Worker,518,Semi-skilled,PM-Kisan,2026-02-03
MOCK-UAN-3214-9828,33,Odisha,Bihar,Gig Worker,419,Semi-skilled,PM-Kisan,2026-06-18
MOCK-UAN-9033-5554,59,Andhra Pradesh,West Bengal,Agriculture,375,Semi-skilled,eShram,2025-04-06
MOCK-UAN-4664-8968,42,Andhra Pradesh,Andhra Pradesh,Gig Worker,633,Skilled,None,2026-01-13
MOCK-UAN-5575-5480,27,Uttar Pradesh,Uttar Pradesh,Gig Worker,556,Semi-skilled,eShram,2025-11-22
MOCK-UAN-8845-3445,50,Maharashtra,Maharashtra,Gig Worker,683,Skilled,eShram,2025-02-24
MOCK-UAN-1720-4552,29,Jharkhand,West Bengal,Agriculture,832,Highly-skilled,PM-SYM,2026-02-07
MOCK-UAN-6798-9645,31,Uttar Pradesh,Uttar Pradesh,Construction,935,Highly-skilled,eShram,2024-10-10
MOCK-UAN-9310-2371,64,West Bengal,West Bengal,Domestic Worker,475,Semi-skilled,Ayushman Bharat,2026-04-20
MOCK-UAN-8165-4709,40,Odisha,Jharkhand,Gig Worker,576,Semi-skilled,eShram,2024-10-16
MOCK-UAN-4610-9029,34,Odisha,Andhra Pradesh,Domestic Worker,355,Semi-skilled,PM-Kisan,2025-05-09
MOCK-UAN-8189-9742,41,Bihar,Gujarat,Agriculture,593,Skilled,PM-Kisan,2025-07-31
MOCK-UAN-6012-3308,56,Karnataka,Karnataka,Manufacturing,380,Semi-skilled,None,2026-04-26
MOCK-UAN-5157-9732,31,Maharashtra,Gujarat,Agriculture,945,Highly-skilled,eShram,2026-02-01
MOCK-UAN-2513-4798,56,Maharashtra,Maharashtra,Construction,389,Unskilled,None,2025-08-18
MOCK-UAN-3377-7883,34,Tamil Nadu,Tamil Nadu,Domestic Worker,855,Highly-skilled,None,2025-09-10
MOCK-UAN-1572-6805,48,Bihar,Bihar,Manufacturing,261,Unskilled,Ayushman Bharat,2026-06-14
MOCK-UAN-9845-4655,32,Maharashtra,Karnataka,Gig Worker,676,Skilled,Ayushman Bharat,2025-06-10
MOCK-UAN-2855-1901,63,Maharashtra,Maharashtra,Construction,237,Unskilled,eShram,2026-04-22
MOCK-UAN-3098-3167,20,Bihar,Bihar,Manufacturing,466,Semi-skilled,PM-Kisan,2025-03-13
MOCK-UAN-8046-1644,43,West Bengal,Odisha,Manufacturing,886,Highly-skilled,eShram,2024-09-15
MOCK-UAN-1270-7769,36,West Bengal,West Bengal,Manufacturing,498,Semi-skilled,PM-Kisan,2026-06-02
MOCK-UAN-8422-6124,45,West Bengal,West Bengal,Domestic Worker,395,Semi-skilled,PM-Kisan,2026-04-20
MOCK-UAN-2325-2415,19,Jharkhand,Jharkhand,Domestic Worker,569,Skilled,PM-Kisan,2026-07-12
MOCK-UAN-4113-6240,18,Odisha,Karnataka,Agriculture,374,Semi-skilled,eShram,2026-06-09
MOCK-UAN-5749-9202,65,Gujarat,Jharkhand,Construction,299,Unskilled,eShram,2024-09-28
MOCK-UAN-6290-4230,30,Jharkhand,Karnataka,Domestic Worker,240,Unskilled,PM-SYM,2026-07-24
MOCK-UAN-7228-6064,18,Bihar,Bihar,Agriculture,2500,Highly-skilled,None,2025-07-12
MOCK-UAN-5130-7764,39,Odisha,Odisha,Gig Worker,965,Highly-skilled,Ayushman Bharat,2026-05-17
MOCK-UAN-3479-8086,55,Andhra Pradesh,Bihar,Construction,656,Skilled,None,2026-05-02
MOCK-UAN-1210-9654,-5,West Bengal,Maharashtra,Domestic Worker,280,Unskilled,eShram,2026-08-26
MOCK-UAN-8528-5016,25,Andhra Pradesh,Andhra Pradesh,Gig Worker,486,Semi-skilled,PM-SYM,2025-02-26
MOCK-UAN-1133-6095,-3,Uttar Pradesh,Jharkhand,Gig Worker,991,Highly-skilled,PM-SYM,2026-04-22
MOCK-UAN-9061-3429,65,West Bengal,West Bengal,Gig Worker,579,Semi-skilled,PM-SYM,2025-01-22
MOCK-UAN-2548-1642,24,Tamil Nadu,Tamil Nadu,Construction,889,Highly-skilled,PM-SYM,2026-05-21
MOCK-UAN-9433-5955,54,Karnataka,Karnataka,Agriculture,490,Semi-skilled,PM-SYM,2026-05-03
MOCK-UAN-8501-7641,45,Maharashtra,Andhra Pradesh,Construction,607,Skilled,Ayushman Bharat,2025-04-05
MOCK-UAN-4517-7285,38,Maharashtra,Bihar,Agriculture,875,Highly-skilled,eShram,2026-07-06
MOCK-UAN-1212-8894,42,Jharkhand,Maharashtra,Manufacturing,3,Skilled,PM-SYM,2026-05-03
MOCK-UAN-6056-5251,50,Maharashtra,Tamil Nadu,Domestic Worker,416,Semi-skilled,None,2024-09-24
MOCK-UAN-2204-7524,23,Gujarat,Gujarat,Manufacturing,901,Highly-skilled,eShram,2024-10-16
MOCK-UAN-4278-8620,28,Jharkhand,Jharkhand,Agriculture,884,Highly-skilled,Ayushman Bharat,2026-03-27
MOCK-UAN-4948-7600,31,Odisha,Andhra Pradesh,Construction,506,Semi-skilled,PM-Kisan,2026-06-06
MOCK-UAN-2669-1096,27,Odisha,Karnataka,Domestic Worker,330,Semi-skilled,eShram,2026-08-04
MOCK-UAN-4802-6516,51,Gujarat,Uttar Pradesh,Gig Worker,458,Semi-skilled,eShram,2025-07-10
MOCK-UAN-3148-3362,44,Uttar Pradesh,Bihar,Agriculture,630,Skilled,eShram,2025-03-30
MOCK-UAN-6951-7242,42,Tamil Nadu,Tamil Nadu,Manufacturing,951,Highly-skilled,PM-SYM,2026-05-04
MOCK-UAN-8962-5228,33,Uttar Pradesh,Andhra Pradesh,Domestic Worker,554,Skilled,eShram,2026-06-08
MOCK-UAN-9387-4275,62,Odisha,Bihar,Manufacturing,887,Highly-skilled,Ayushman Bharat,2025-10-19
MOCK-UAN-9471-1170,27,Gujarat,Gujarat,Domestic Worker,914,Highly-skilled,Ayushman Bharat,2026-04-10
MOCK-UAN-2683-8297,45,Gujarat,Uttar Pradesh,Manufacturing,934,Highly-skilled,PM-Kisan,2025-08-14
MOCK-UAN-8473-7193,45,Uttar Pradesh,Uttar Pradesh,Domestic Worker,348,Semi-skilled,None,2025-09-26
MOCK-UAN-1657-3997,53,Jharkhand,West Bengal,Agriculture,855,Highly-skilled,PM-Kisan,2025-06-26
MOCK-UAN-9925-4002,39,Uttar Pradesh,Uttar Pradesh,Manufacturing,883,Highly-skilled,eShram,2025-07-13
MOCK-UAN-8408-3807,20,Andhra Pradesh,West Bengal,Manufacturing,485,Semi-skilled,Ayushman Bharat,2025-02-25
MOCK-UAN-9556-2267,33,Karnataka,Uttar Pradesh,Gig Worker,524,Unskilled,Ayushman Bharat,2025-11-18
MOCK-UAN-4724-6129,28,Bihar,Bihar,Construction,638,Skilled,None,2025-01-30
MOCK-UAN-9109-8447,54,West Bengal,Andhra Pradesh,Construction,429,Semi-skilled,PM-SYM,2026-04-02
MOCK-UAN-8959-8596,54,Andhra Pradesh,Andhra Pradesh,Construction,520,Semi-skilled,PM-SYM,2025-09-19
MOCK-UAN-3957-5032,50,West Bengal,Tamil Nadu,Agriculture,666,Skilled,PM-SYM,2025-11-28
MOCK-UAN-8954-3011,53,Bihar,Uttar Pradesh,Construction,655,Skilled,Ayushman Bharat,2025-06-24
MOCK-UAN-1882-8076,42,Karnataka,Karnataka,Manufacturing,554,Skilled,None,2025-02-05
MOCK-UAN-1539-7911,38,Bihar,Jharkhand,Gig Worker,1047,Highly-skilled,Ayushman Bharat,2025-05-29
MOCK-UAN-4226-8904,20,Uttar Pradesh,Bihar,Agriculture,333,Unskilled,Ayushman Bharat,2025-02-09
MOCK-UAN-8370-8184,51,Karnataka,Karnataka,Construction,298,Unskilled,PM-Kisan,2026-03-11
MOCK-UAN-6667-1917,44,Odisha,Tamil Nadu,Manufacturing,919,Highly-skilled,eShram,2026-07-31
MOCK-UAN-2919-4050,30,Tamil Nadu,Tamil Nadu,Gig Worker,599,Semi-skilled,None,2024-11-01
MOCK-UAN-3532-1093,31,Karnataka,Karnataka,Construction,559,Semi-skilled,PM-SYM,2026-06-22
MOCK-UAN-8301-5038,48,Maharashtra,Maharashtra,Manufacturing,296,Unskilled,eShram,2024-12-16
MOCK-UAN-8245-8133,19,Karnataka,Karnataka,Construction,632,Skilled,None,2026-07-06
MOCK-UAN-1726-6515,39,Odisha,Odisha,Construction,711,Skilled,PM-Kisan,2025-03-26
MOCK-UAN-5395-2106,59,Gujarat,Andhra Pradesh,Gig Worker,939,Highly-skilled,PM-Kisan,2026-08-31
MOCK-UAN-3492-7824,59,Jharkhand,Gujarat,Agriculture,621,Skilled,None,2025-07-23
MOCK-UAN-2758-5274,64,Tamil Nadu,Tamil Nadu,Construction,281,Unskilled,None,2025-04-09
MOCK-UAN-1216-2443,63,Gujarat,Gujarat,Construction,1003,Highly-skilled,PM-Kisan,2026-04-13
MOCK-UAN-4288-5775,38,Jharkhand,Tamil Nadu,Gig Worker,537,Semi-skilled,eShram,2025-10-15
MOCK-UAN-5372-7135,50,Bihar,Tamil Nadu,Manufacturing,363,Unskilled,Ayushman Bharat,2025-02-23
MOCK-UAN-7719-2857,38,Odisha,Gujarat,Manufacturing,624,Skilled,PM-SYM,2026-06-22
MOCK-UAN-5133-2564,46,Odisha,Odisha,Construction,888,Highly-skilled,PM-SYM,2026-08-01
MOCK-UAN-9891-2624,26,Tamil Nadu,Andhra Pradesh,Manufacturing,371,Unskilled,eShram,2026-08-28
MOCK-UAN-3714-3423,34,West Bengal,Karnataka,Construction,727,Skilled,None,2024-11-06
MOCK-UAN-8998-6724,56,Gujarat,Gujarat,Construction,394,Unskilled,PM-SYM,2025-03-20
MOCK-UAN-8386-8303,62,Gujarat,West Bengal,Construction,611,Skilled,PM-Kisan,2025-11-08
MOCK-UAN-2344-7611,39,Gujarat,Uttar Pradesh,Manufacturing,884,Highly-skilled,eShram,2025-08-21
MOCK-UAN-6682-2052,27,Tamil Nadu,Jharkhand,Domestic Worker,307,Unskilled,eShram,2025-10-11
MOCK-UAN-5502-3933,27,West Bengal,West Bengal,Agriculture,864,Highly-skilled,Ayushman Bharat,2025-10-13
MOCK-UAN-9543-6633,25,Maharashtra,Odisha,Construction,734,Skilled,PM-Kisan,2024-10-07
MOCK-UAN-5367-7163,32,Tamil Nadu,Tamil Nadu,Construction,357,Unskilled,eShram,2025-12-19
MOCK-UAN-3245-2532,46,Bihar,Jharkhand,Gig Worker,264,Unskilled,eShram,2025-06-17
MOCK-UAN-9246-5773,22,Odisha,Odisha,Manufacturing,466,Semi-skilled,None,2026-06-22
MOCK-UAN-4447-2487,32,Uttar Pradesh,Karnataka,Construction,932,Highly-skilled,PM-Kisan,2024-11-24
MOCK-UAN-3623-6531,26,Bihar,Bihar,Gig Worker,696,Skilled,eShram,2026-04-03
MOCK-UAN-6097-4034,32,Bihar,Tamil Nadu,Manufacturing,881,Highly-skilled,PM-SYM,2025-06-05
MOCK-UAN-9739-9358,60,Maharashtra,Jharkhand,Construction,990,Highly-skilled,PM-SYM,2025-08-02
MOCK-UAN-6604-6078,33,Jharkhand,Jharkhand,Agriculture,655,Skilled,PM-SYM,2025-01-26
MOCK-UAN-4424-9777,47,West Bengal,West Bengal,Agriculture,464,Semi-skilled,PM-SYM,2024-09-18
MOCK-UAN-2313-5305,51,Karnataka,Uttar Pradesh,Gig Worker,983,Highly-skilled,eShram,2024-09-19
MOCK-UAN-3733-1854,-4,West Bengal,Karnataka,Construction,947,Highly-skilled,PM-Kisan,2026-06-18
MOCK-UAN-3421-3421,35,Andhra Pradesh,Karnataka,Gig Worker,400,Unskilled,PM-SYM,2025-11-14
MOCK-UAN-1564-8607,33,Jharkhand,Jharkhand,Construction,909,Highly-skilled,Ayushman Bharat,2026-06-17
MOCK-UAN-1524-8448,49,Jharkhand,Odisha,Domestic Worker,328,Unskilled,None,2025-11-18
MOCK-UAN-6737-1915,60,Tamil Nadu,Gujarat,Gig Worker,723,Skilled,PM-SYM,2024-11-05
MOCK-UAN-8134-9078,23,Gujarat,Jharkhand,Manufacturing,977,Highly-skilled,Ayushman Bharat,2025-05-12
MOCK-UAN-6423-5244,31,Bihar,Bihar,Manufacturing,362,Unskilled,PM-SYM,2026-03-21
MOCK-UAN-9473-2817,35,Jharkhand,Jharkhand,Construction,615,Skilled,PM-Kisan,2025-03-18
MOCK-UAN-4956-1844,19,Uttar Pradesh,Uttar Pradesh,Agriculture,491,Semi-skilled,eShram,2026-05-03
MOCK-UAN-8670-7570,58,Bihar,Karnataka,Construction,302,Unskilled,PM-Kisan,2025-10-01
MOCK-UAN-1810-2532,19,Odisha,Karnataka,Gig Worker,1034,Highly-skilled,PM-Kisan,2026-08-31
MOCK-UAN-6269-6882,60,Karnataka,Karnataka,Domestic Worker,574,Skilled,Ayushman Bharat,2026-04-09
MOCK-UAN-2133-4762,52,Gujarat,Gujarat,Construction,898,Highly-skilled,None,2026-02-05
MOCK-UAN-4769-8822,27,Karnataka,Andhra Pradesh,Manufacturing,464,Semi-skilled,Ayushman Bharat,2026-06-04
MOCK-UAN-2982-3563,25,Tamil Nadu,Andhra Pradesh,Construction,216,Unskilled,eShram,2026-06-16
MOCK-UAN-9635-3977,64,Uttar Pradesh,Karnataka,Construction,412,Semi-skilled,PM-SYM,2025-06-01
MOCK-UAN-8448-8621,62,Bihar,Jharkhand,Gig Worker,391,Unskilled,Ayushman Bharat,2025-08-30
MOCK-UAN-4761-9378,48,Odisha,Gujarat,Gig Worker,704,Skilled,Ayushman Bharat,2025-05-28
MOCK-UAN-5515-7405,52,Bihar,Bihar,Manufacturing,431,Semi-skilled,eShram,2026-05-08
MOCK-UAN-7405-4221,47,Tamil Nadu,Andhra Pradesh,Domestic Worker,221,Unskilled,Ayushman Bharat,2024-11-19
MOCK-UAN-1201-8461,49,West Bengal,Gujarat,Domestic Worker,409,Semi-skilled,None,2024-11-19
MOCK-UAN-5961-7496,34,Tamil Nadu,Tamil Nadu,Manufacturing,619,Skilled,eShram,2026-04-14
MOCK-UAN-8010-8265,37,Jharkhand,West Bengal,Construction,679,Skilled,PM-Kisan,2026-05-17
MOCK-UAN-3882-7109,40,Jharkhand,Jharkhand,Manufacturing,599,Skilled,eShram,2026-05-31
MOCK-UAN-5098-5515,46,Uttar Pradesh,Gujarat,Domestic Worker,957,Highly-skilled,None,2026-03-07
MOCK-UAN-5629-3813,46,Jharkhand,Gujarat,Gig Worker,569,Semi-skilled,eShram,2026-04-02
MOCK-UAN-9543-2196,26,Jharkhand,Jharkhand,Domestic Worker,562,Skilled,eShram,2026-06-07
MOCK-UAN-6127-1593,24,Andhra Pradesh,Uttar Pradesh,Domestic Worker,585,Skilled,PM-SYM,2025-07-28
MOCK-UAN-1919-2011,54,Uttar Pradesh,West Bengal,Manufacturing,529,Skilled,PM-Kisan,2026-06-26
MOCK-UAN-3866-9346,30,Jharkhand,Gujarat,Construction,344,Unskilled,PM-SYM,2026-05-12
MOCK-UAN-8396-1505,61,Jharkhand,Jharkhand,Domestic Worker,355,Unskilled,PM-SYM,2025-11-13
MOCK-UAN-4657-5891,64,Karnataka,Karnataka,Manufacturing,934,Highly-skilled,None,2025-02-08
MOCK-UAN-8734-5471,65,Gujarat,Maharashtra,Construction,1020,Highly-skilled,eShram,2025-01-13
MOCK-UAN-8956-3877,22,Odisha,Odisha,Gig Worker,984,Highly-skilled,PM-Kisan,2024-10-13
MOCK-UAN-1910-7625,65,West Bengal,West Bengal,Manufacturing,667,Skilled,eShram,2026-03-14
MOCK-UAN-5063-5932,41,Karnataka,Karnataka,Gig Worker,690,Skilled,PM-Kisan,2026-04-28
MOCK-UAN-4524-6993,36,Odisha,West Bengal,Manufacturing,973,Highly-skilled,Ayushman Bharat,2025-08-08
MOCK-UAN-5764-6116,32,Bihar,Odisha,Construction,648,Skilled,None,2024-12-03
MOCK-UAN-9193-4041,32,Maharashtra,Maharashtra,Gig Worker,435,Unskilled,Ayushman Bharat,2025-05-22
MOCK-UAN-8242-5872,20,Karnataka,Odisha,Construction,423,Unskilled,PM-Kisan,2026-01-17
MOCK-UAN-8917-2676,49,Odisha,Odisha,Domestic Worker,590,Skilled,PM-Kisan,2024-12-07
MOCK-UAN-3616-9031,46,Bihar,Maharashtra,Manufacturing,610,Skilled,PM-SYM,2026-01-04
MOCK-UAN-4349-7973,23,Maharashtra,Tamil Nadu,Construction,1014,Highly-skilled,eShram,2025-02-28
MOCK-UAN-4177-7345,29,West Bengal,West Bengal,Domestic Worker,893,Highly-skilled,PM-Kisan,2026-06-14
MOCK-UAN-2303-2710,23,Maharashtra,Uttar Pradesh,Manufacturing,833,Highly-skilled,PM-SYM,2026-05-21
MOCK-UAN-8496-2796,55,Karnataka,Gujarat,Domestic Worker,1007,Highly-skilled,PM-Kisan,2024-11-22
MOCK-UAN-7572-7220,49,Bihar,Bihar,Construction,926,Highly-skilled,PM-Kisan,2025-03-11
MOCK-UAN-6956-9077,20,Andhra Pradesh,Maharashtra,Construction,507,Semi-skilled,None,2024-11-28
MOCK-UAN-3303-2395,40,Bihar,Bihar,Manufacturing,357,Unskilled,PM-Kisan,2025-11-01
MOCK-UAN-8515-4587,24,Gujarat,Uttar Pradesh,Domestic Worker,419,Semi-skilled,PM-Kisan,2025-06-14
MOCK-UAN-2511-8331,50,Uttar Pradesh,Tamil Nadu,Domestic Worker,549,Skilled,PM-SYM,2026-04-24
MOCK-UAN-7185-9394,48,Maharashtra,Bihar,Agriculture,612,Skilled,PM-Kisan,2026-08-09
MOCK-UAN-9228-8474,48,Bihar,Bihar,Agriculture,360,Semi-skilled,None,2026-04-06
MOCK-UAN-3380-6856,56,West Bengal,Bihar,Domestic Worker,885,Highly-skilled,PM-Kisan,2025-04-22
MOCK-UAN-7890-5357,18,Bihar,Jharkhand,Gig Worker,2500,Highly-skilled,PM-SYM,2024-09-22
MOCK-UAN-2085-3212,51,Jharkhand,Gujarat,Manufacturing,586,Skilled,eShram,2026-05-29
MOCK-UAN-4487-9042,45,Karnataka,Jharkhand,Manufacturing,522,Skilled,eShram,2025-12-05
MOCK-UAN-8375-8251,31,Andhra Pradesh,Maharashtra,Gig Worker,779,Skilled,eShram,2026-01-25
MOCK-UAN-5386-4921,36,Andhra Pradesh,Andhra Pradesh,Manufacturing,305,Unskilled,None,2025-02-07
MOCK-UAN-8950-7567,45,Uttar Pradesh,Tamil Nadu,Domestic Worker,971,Highly-skilled,PM-SYM,2026-07-03
MOCK-UAN-5111-2928,32,Bihar,Bihar,Manufacturing,886,Highly-skilled,None,2024-10-30
MOCK-UAN-9126-3351,57,Uttar Pradesh,Maharashtra,Agriculture,855,Highly-skilled,PM-SYM,2026-05-23
MOCK-UAN-2247-5267,51,Andhra Pradesh,Jharkhand,Construction,963,Highly-skilled,Ayushman Bharat,2026-05-15
MOCK-UAN-6971-1020,31,Gujarat,Gujarat,Gig Worker,989,Highly-skilled,eShram,2025-05-05
MOCK-UAN-1354-6494,65,Uttar Pradesh,Jharkhand,Manufacturing,241,Unskilled,eShram,2026-01-21
MOCK-UAN-7374-3987,36,Andhra Pradesh,Odisha,Gig Worker,1073,Highly-skilled,Ayushman Bharat,2026-05-17
MOCK-UAN-5241-6841,51,Karnataka,Karnataka,Construction,468,Semi-skilled,eShram,2024-10-03
MOCK-UAN-2067-1705,65,Tamil Nadu,Andhra Pradesh,Construction,857,Highly-skilled,None,2025-05-20
MOCK-UAN-6213-3148,36,Andhra Pradesh,Andhra Pradesh,Manufacturing,666,Skilled,PM-SYM,2025-08-04
MOCK-UAN-7058-1277,47,Tamil Nadu,Karnataka,Agriculture,574,Skilled,PM-Kisan,2025-10-05
MOCK-UAN-3992-2570,37,West Bengal,West Bengal,Domestic Worker,869,Highly-skilled,Ayushman Bharat,2025-03-04
MOCK-UAN-2011-5631,30,Gujarat,Tamil Nadu,Construction,261,Unskilled,None,2026-06-05
MOCK-UAN-3486-7996,61,Tamil Nadu,Tamil Nadu,Manufacturing,987,Highly-skilled,PM-Kisan,2025-04-10
MOCK-UAN-4757-5555,63,Bihar,Bihar,Domestic Worker,235,Unskilled,Ayushman Bharat,2026-03-04
MOCK-UAN-1695-9801,57,Gujarat,Odisha,Manufacturing,302,Unskilled,Ayushman Bharat,2025-11-06
MOCK-UAN-2908-2260,55,Maharashtra,Maharashtra,Manufacturing,945,Highly-skilled,Ayushman Bharat,2026-01-18
MOCK-UAN-2477-3792,29,West Bengal,Karnataka,Construction,671,Skilled,Ayushman Bharat,2025-07-27
MOCK-UAN-2163-9827,42,Odisha,Bihar,Gig Worker,397,Unskilled,Ayushman Bharat,2024-10-22
MOCK-UAN-9314-7681,26,West Bengal,West Bengal,Gig Worker,614,Skilled,Ayushman Bharat,2026-06-26
MOCK-UAN-5615-4015,47,Andhra Pradesh,Jharkhand,Domestic Worker,259,Unskilled,eShram,2025-06-19
MOCK-UAN-6488-4754,39,Maharashtra,Maharashtra,Agriculture,309,Unskilled,eShram,2025-11-23
MOCK-UAN-3913-1742,45,West Bengal,West Bengal,Manufacturing,860,Highly-skilled,PM-SYM,2026-06-18
MOCK-UAN-6426-5976,22,Bihar,Bihar,Construction,510,Semi-skilled,PM-SYM,2024-12-16
MOCK-UAN-3534-7157,23,Tamil Nadu,Uttar Pradesh,Gig Worker,1034,Highly-skilled,None,2026-08-02
MOCK-UAN-5472-2058,21,Uttar Pradesh,Uttar Pradesh,Gig Worker,1048,Highly-skilled,None,2025-07-09
MOCK-UAN-9306-9370,19,Odisha,Uttar Pradesh,Domestic Worker,538,Skilled,eShram,2026-06-24
MOCK-UAN-9223-7045,36,Gujarat,Bihar,Gig Worker,1109,Highly-skilled,eShram,2026-04-07
MOCK-UAN-2272-5963,34,West Bengal,Maharashtra,Manufacturing,938,Highly-skilled,PM-Kisan,2025-05-09
MOCK-UAN-9923-6626,54,Odisha,Jharkhand,Manufacturing,599,Skilled,None,2024-10-23
MOCK-UAN-6674-7725,26,West Bengal,West Bengal,Agriculture,504,Semi-skilled,eShram,2026-06-13
MOCK-UAN-9866-2443,63,Bihar,Karnataka,Gig Worker,668,Semi-skilled,PM-Kisan,2025-08-15
MOCK-UAN-8104-2498,30,Gujarat,Bihar,Construction,278,Unskilled,eShram,2026-02-04
MOCK-UAN-3430-3032,27,Andhra Pradesh,Andhra Pradesh,Domestic Worker,888,Highly-skilled,PM-SYM,2024-11-04
MOCK-UAN-9128-8647,61,Tamil Nadu,Bihar,Agriculture,481,Skilled,Ayushman Bharat,2026-06-22
MOCK-UAN-5652-9138,44,Uttar Pradesh,Uttar Pradesh,Domestic Worker,309,Unskilled,Ayushman Bharat,2025-08-26
MOCK-UAN-7128-1112,55,Tamil Nadu,Odisha,Construction,668,Skilled,PM-Kisan,2026-06-10
MOCK-UAN-2001-6869,42,Andhra Pradesh,Andhra Pradesh,Gig Worker,998,Highly-skilled,None,2025-01-30
MOCK-UAN-6572-2592,21,Maharashtra,Uttar Pradesh,Construction,917,Highly-skilled,PM-SYM,2025-05-17
MOCK-UAN-3657-5527,44,Karnataka,Karnataka,Manufacturing,797,Highly-skilled,PM-Kisan,2026-07-15
MOCK-UAN-8303-1086,45,Uttar Pradesh,Odisha,Construction,368,Unskilled,PM-SYM,2026-01-09
MOCK-UAN-8108-9117,28,Jharkhand,Odisha,Agriculture,672,Skilled,PM-SYM,2025-08-30
MOCK-UAN-8340-1588,30,Uttar Pradesh,Tamil Nadu,Domestic Worker,270,Unskilled,None,2024-12-02
MOCK-UAN-1865-4821,59,Tamil Nadu,Tamil Nadu,Construction,672,Skilled,PM-Kisan,2025-05-05
MOCK-UAN-6047-5601,33,Karnataka,Tamil Nadu,Construction,871,Highly-skilled,eShram,2025-10-31
MOCK-UAN-6523-4418,54,Odisha,Odisha,Gig Worker,1022,Highly-skilled,eShram,2025-10-04
MOCK-UAN-4808-5125,61,Bihar,Bihar,Agriculture,430,Semi-skilled,Ayushman Bharat,2025-11-17
MOCK-UAN-2660-7542,40,Andhra Pradesh,Tamil Nadu,Gig Worker,511,Semi-skilled,PM-SYM,2025-09-03
MOCK-UAN-7620-7975,41,Bihar,Maharashtra,Manufacturing,411,Semi-skilled,None,2025-02-06
MOCK-UAN-5038-5058,20,Andhra Pradesh,Maharashtra,Gig Worker,680,Skilled,PM-SYM,2024-12-17
MOCK-UAN-2936-7023,40,Maharashtra,West Bengal,Gig Worker,419,Unskilled,None,2025-07-09
MOCK-UAN-2081-2707,39,Jharkhand,Maharashtra,Manufacturing,384,Semi-skilled,None,2024-09-22
MOCK-UAN-9114-1646,48,Maharashtra,Maharashtra,Domestic Worker,580,Skilled,Ayushman Bharat,2024-12-26
MOCK-UAN-1385-4941,58,Odisha,West Bengal,Domestic Worker,897,Highly-skilled,eShram,2025-08-21
MOCK-UAN-2645-3305,32,Andhra Pradesh,Andhra Pradesh,Manufacturing,545,Skilled,None,2025-12-19
MOCK-UAN-5083-8626,64,Karnataka,Gujarat,Agriculture,539,Semi-skilled,eShram,2025-09-25
MOCK-UAN-9327-6961,22,Gujarat,Maharashtra,Construction,457,Semi-skilled,PM-SYM,2026-06-10
MOCK-UAN-5913-5338,26,Maharashtra,Bihar,Agriculture,566,Skilled,Ayushman Bharat,2024-11-12
MOCK-UAN-8812-5453,24,Tamil Nadu,Uttar Pradesh,Gig Worker,501,Semi-skilled,Ayushman Bharat,2025-09-28
MOCK-UAN-3235-9181,22,Odisha,Andhra Pradesh,Manufacturing,689,Skilled,Ayushman Bharat,2024-12-04
MOCK-UAN-5810-9487,42,Jharkhand,Jharkhand,Manufacturing,12628,Semi-skilled,eShram,2026-06-29
MOCK-UAN-5680-6294,30,West Bengal,Jharkhand,Domestic Worker,253,Unskilled,None,2025-12-03
MOCK-UAN-5415-1195,62,Andhra Pradesh,Andhra Pradesh,Domestic Worker,505,Semi-skilled,None,2026-03-24
MOCK-UAN-1686-2085,48,Jharkhand,Gujarat,Construction,660,Skilled,None,2025-07-01
MOCK-UAN-1683-2017,21,Tamil Nadu,Maharashtra,Construction,512,Semi-skilled,eShram,2025-03-01
MOCK-UAN-7839-5901,55,Jharkhand,West Bengal,Gig Worker,682,Skilled,Ayushman Bharat,2026-08-18
MOCK-UAN-6881-1560,32,West Bengal,Maharashtra,Agriculture,862,Highly-skilled,None,2026-07-16
MOCK-UAN-6253-4003,63,Maharashtra,Gujarat,Gig Worker,1016,Highly-skilled,None,2026-07-08
MOCK-UAN-3959-3583,58,Gujarat,Gujarat,Construction,922,Highly-skilled,Ayushman Bharat,2026-03-30
MOCK-UAN-6635-2996,36,Tamil Nadu,Tamil Nadu,Manufacturing,540,Semi-skilled,None,2024-10-25
MOCK-UAN-4748-9245,41,Tamil Nadu,Odisha,Agriculture,236,Unskilled,PM-Kisan,2026-04-17
MOCK-UAN-2022-4600,35,Karnataka,Uttar Pradesh,Agriculture,676,Skilled,PM-Kisan,2025-08-23
MOCK-UAN-2718-3026,22,Maharashtra,Maharashtra,Domestic Worker,444,Semi-skilled,eShram,2024-12-07
MOCK-UAN-2715-7992,24,Karnataka,Tamil Nadu,Construction,964,Highly-skilled,eShram,2026-04-26
MOCK-UAN-9475-5071,31,Bihar,Gujarat,Gig Worker,441,Unskilled,PM-SYM,2024-11-10
MOCK-UAN-5643-9953,53,West Bengal,Andhra Pradesh,Agriculture,568,Skilled,PM-Kisan,2026-06-02
MOCK-UAN-1938-9876,42,Gujarat,Odisha,Construction,693,Skilled,eShram,2026-06-14
MOCK-UAN-7193-3550,27,Maharashtra,Maharashtra,Domestic Worker,314,Semi-skilled,None,2025-06-24
MOCK-UAN-6726-5382,54,Uttar Pradesh,Gujarat,Domestic Worker,414,Semi-skilled,PM-SYM,2025-09-21
MOCK-UAN-9585-6934,21,Karnataka,Karnataka,Gig Worker,653,Skilled,None,2026-06-21
MOCK-UAN-1932-8879,48,Jharkhand,Maharashtra,Agriculture,387,Semi-skilled,eShram,2025-05-05
MOCK-UAN-8407-3184,39,Andhra Pradesh,Jharkhand,Gig Worker,389,Unskilled,PM-SYM,2026-04-01
MOCK-UAN-8792-6985,51,West Bengal,Jharkhand,Manufacturing,469,Semi-skilled,Ayushman Bharat,2026-02-21
MOCK-UAN-4667-2037,49,West Bengal,West Bengal,Domestic Worker,935,Highly-skilled,PM-Kisan,2026-07-24
MOCK-UAN-4362-5474,21,Tamil Nadu,Karnataka,Manufacturing,912,Highly-skilled,None,2025-12-25
MOCK-UAN-4087-8877,58,Maharashtra,Karnataka,Manufacturing,416,Semi-skilled,PM-Kisan,2024-10-25
MOCK-UAN-8263-3007,63,Odisha,Odisha,Domestic Worker,618,Skilled,None,2025-09-28
MOCK-UAN-2445-4052,30,Tamil Nadu,Jharkhand,Gig Worker,556,Semi-skilled,PM-Kisan,2025-06-20
MOCK-UAN-8552-1599,52,Maharashtra,Karnataka,Gig Worker,1046,Highly-skilled,eShram,2026-06-16
MOCK-UAN-4794-7495,37,Uttar Pradesh,Odisha,Manufacturing,938,Highly-skilled,None,2026-06-25
MOCK-UAN-5515-2989,50,West Bengal,Odisha,Construction,351,Unskilled,PM-Kisan,2025-06-13
MOCK-UAN-5671-5790,64,West Bengal,West Bengal,Construction,905,Highly-skilled,Ayushman Bharat,2025-09-13
MOCK-UAN-6499-4770,56,Bihar,Bihar,Agriculture,567,Skilled,eShram,2026-04-02
MOCK-UAN-9914-8635,30,Karnataka,Karnataka,Construction,472,Semi-skilled,None,2026-02-27
MOCK-UAN-4259-5094,26,Bihar,Bihar,Agriculture,434,Semi-skilled,None,2026-06-27
MOCK-UAN-6650-9597,65,Gujarat,Uttar Pradesh,Gig Worker,1013,Highly-skilled,PM-SYM,2025-07-10
MOCK-UAN-9698-9530,33,Maharashtra,Odisha,Construction,985,Highly-skilled,Ayushman Bharat,2024-09-21
MOCK-UAN-1651-5809,63,Karnataka,Karnataka,Construction,347,Unskilled,None,2026-08-05
MOCK-UAN-6658-2179,32,Bihar,Tamil Nadu,Gig Worker,1000,Highly-skilled,None,2025-04-08
MOCK-UAN-8319-5143,-1,West Bengal,West Bengal,Gig Worker,1007,Highly-skilled,Ayushman Bharat,2025-10-18
MOCK-UAN-1996-8466,53,Bihar,West Bengal,Domestic Worker,574,Skilled,PM-Kisan,2025-01-18
MOCK-UAN-6331-6241,50,Odisha,Jharkhand,Gig Worker,353,Unskilled,None,2025-02-10
MOCK-UAN-5813-2650,36,Bihar,Gujarat,Manufacturing,362,Semi-skilled,eShram,2025-05-15
MOCK-UAN-9714-4877,25,Gujarat,Andhra Pradesh,Construction,465,Semi-skilled,None,2025-02-05
MOCK-UAN-6026-9049,21,Odisha,Odisha,Construction,673,Skilled,PM-SYM,2025-05-12
MOCK-UAN-3410-1566,58,Andhra Pradesh,Maharashtra,Construction,614,Skilled,None,2026-07-09
MOCK-UAN-1558-4218,55,Jharkhand,Jharkhand,Gig Worker,988,Highly-skilled,eShram,2024-09-17
MOCK-UAN-4371-1885,49,West Bengal,West Bengal,Gig Worker,1023,Highly-skilled,PM-SYM,2026-07-04
MOCK-UAN-5262-3417,64,Odisha,Gujarat,Construction,526,Semi-skilled,Ayushman Bharat,2026-07-08
MOCK-UAN-9772-3012,-5,Jharkhand,Bihar,Manufacturing,246,Unskilled,eShram,2024-11-06
MOCK-UAN-4030-7091,43,Maharashtra,Maharashtra,Construction,399,Unskilled,Ayushman Bharat,2024-10-07
MOCK-UAN-2544-6729,31,Andhra Pradesh,Andhra Pradesh,Construction,706,Skilled,PM-SYM,2025-02-26
MOCK-UAN-7762-2181,47,Karnataka,Bihar,Gig Worker,493,Semi-skilled,eShram,2025-01-28
MOCK-UAN-7112-5203,26,Jharkhand,Jharkhand,Gig Worker,358,Unskilled,None,2026-08-12
MOCK-UAN-2798-7361,29,Bihar,Bihar,Gig Worker,1059,Highly-skilled,None,2025-09-21
MOCK-UAN-6547-8175,19,Karnataka,Bihar,Agriculture,292,Unskilled,None,2025-04-26
MOCK-UAN-1901-3279,22,Uttar Pradesh,Andhra Pradesh,Manufacturing,189,Unskilled,PM-SYM,2025-06-11
MOCK-UAN-1764-7385,36,Tamil Nadu,Odisha,Gig Worker,330,Unskilled,PM-SYM,2026-08-15
MOCK-UAN-2053-3082,35,Uttar Pradesh,Karnataka,Construction,637,Skilled,None,2025-08-21
MOCK-UAN-8614-1040,57,Jharkhand,Odisha,Manufacturing,391,Semi-skilled,eShram,2026-06-17
MOCK-UAN-4995-7234,46,Karnataka,Karnataka,Domestic Worker,579,Skilled,eShram,2025-07-17
MOCK-UAN-6801-2087,49,Andhra Pradesh,Gujarat,Domestic Worker,301,Unskilled,eShram,2025-01-16
MOCK-UAN-6736-3207,34,West Bengal,Maharashtra,Construction,1023,Highly-skilled,PM-SYM,2026-05-03
MOCK-UAN-9565-1437,37,Bihar,Maharashtra,Construction,485,Semi-skilled,None,2026-05-23
MOCK-UAN-2939-1795,63,Jharkhand,Jharkhand,Manufacturing,16241,Highly-skilled,Ayushman Bharat,2025-11-17
MOCK-UAN-8694-8191,50,Andhra Pradesh,Uttar Pradesh,Construction,1021,Highly-skilled,eShram,2026-05-16
MOCK-UAN-5979-9909,-5,Tamil Nadu,Uttar Pradesh,Domestic Worker,371,Unskilled,PM-Kisan,2025-08-30
MOCK-UAN-8988-2366,49,Karnataka,Tamil Nadu,Manufacturing,614,Skilled,PM-Kisan,2026-04-27
MOCK-UAN-5140-4861,27,Jharkhand,Jharkhand,Manufacturing,801,Highly-skilled,eShram,2025-01-02
MOCK-UAN-2649-6329,52,Odisha,Odisha,Construction,523,Semi-skilled,eShram,2025-10-17
MOCK-UAN-4215-1852,56,Jharkhand,Andhra Pradesh,Agriculture,502,Semi-skilled,Ayushman Bharat,2025-04-03
MOCK-UAN-8380-4397,52,Bihar,Odisha,Domestic Worker,895,Highly-skilled,eShram,2025-04-13
MOCK-UAN-3994-5664,48,Bihar,Maharashtra,Agriculture,987,Highly-skilled,None,2025-05-12
MOCK-UAN-4111-2689,42,Odisha,Jharkhand,Domestic Worker,342,Unskilled,PM-Kisan,2026-02-19
MOCK-UAN-9751-5102,20,Karnataka,Uttar Pradesh,Gig Worker,428,Unskilled,PM-Kisan,2024-10-05
MOCK-UAN-9994-6810,58,Karnataka,Karnataka,Agriculture,954,Highly-skilled,PM-Kisan,2026-02-25
MOCK-UAN-8132-8557,39,West Bengal,West Bengal,Manufacturing,316,Unskilled,PM-SYM,2025-08-18
MOCK-UAN-5699-3488,60,Jharkhand,Jharkhand,Manufacturing,175,Unskilled,PM-Kisan,2025-09-26
MOCK-UAN-8458-3566,20,Andhra Pradesh,Andhra Pradesh,Gig Worker,975,Highly-skilled,PM-Kisan,2026-03-06
MOCK-UAN-1855-8080,35,Maharashtra,Uttar Pradesh,Domestic Worker,509,Semi-skilled,PM-SYM,2024-12-28
MOCK-UAN-9012-7767,46,Bihar,Tamil Nadu,Agriculture,259,Unskilled,PM-SYM,2025-09-29
MOCK-UAN-1034-2764,27,Karnataka,Karnataka,Manufacturing,438,Semi-skilled,None,2025-06-26
MOCK-UAN-3479-9137,26,Uttar Pradesh,Uttar Pradesh,Agriculture,847,Highly-skilled,PM-SYM,2026-04-18
MOCK-UAN-8027-8709,34,Tamil Nadu,Bihar,Manufacturing,539,Semi-skilled,eShram,2025-04-14
MOCK-UAN-6689-6972,39,Karnataka,Karnataka,Manufacturing,984,Highly-skilled,PM-Kisan,2026-04-28
MOCK-UAN-6860-7871,38,Tamil Nadu,Maharashtra,Construction,605,Skilled,PM-SYM,2026-01-21
MOCK-UAN-5557-4263,58,Odisha,Karnataka,Gig Worker,1007,Highly-skilled,PM-SYM,2026-01-14
MOCK-UAN-6922-4516,32,Tamil Nadu,Tamil Nadu,Gig Worker,665,Skilled,eShram,2025-04-02
MOCK-UAN-5106-3121,33,Jharkhand,Andhra Pradesh,Construction,980,Highly-skilled,PM-SYM,2024-10-22
MOCK-UAN-8975-9603,22,Bihar,Odisha,Domestic Worker,475,Semi-skilled,PM-Kisan,2025-04-19
MOCK-UAN-6628-5267,30,Uttar Pradesh,Uttar Pradesh,Manufacturing,340,Unskilled,eShram,2026-04-10
MOCK-UAN-4573-9310,34,Andhra Pradesh,Andhra Pradesh,Domestic Worker,916,Highly-skilled,PM-SYM,2025-05-30
MOCK-UAN-2517-4252,25,West Bengal,West Bengal,Gig Worker,696,Semi-skilled,eShram,2025-03-30
MOCK-UAN-6384-1849,57,Gujarat,Gujarat,Gig Worker,498,Semi-skilled,Ayushman Bharat,2025-06-24
MOCK-UAN-5003-9913,33,Maharashtra,Maharashtra,Gig Worker,18676,Highly-skilled,PM-Kisan,2026-01-26
MOCK-UAN-4764-6348,65,West Bengal,Odisha,Gig Worker,680,Skilled,PM-Kisan,2026-05-20
MOCK-UAN-6476-2095,40,Tamil Nadu,Uttar Pradesh,Manufacturing,521,Skilled,eShram,2025-03-21
MOCK-UAN-1857-1609,44,Maharashtra,West Bengal,Construction,575,Skilled,PM-Kisan,2026-06-21
MOCK-UAN-1734-5441,60,West Bengal,West Bengal,Domestic Worker,249,Unskilled,PM-Kisan,2025-02-06
MOCK-UAN-5425-8256,45,Maharashtra,West Bengal,Manufacturing,5,Semi-skilled,PM-Kisan,2024-10-04
MOCK-UAN-8346-1667,25,Maharashtra,Maharashtra,Gig Worker,952,Highly-skilled,None,2024-09-26
MOCK-UAN-2777-2607,65,Karnataka,West Bengal,Construction,675,Skilled,None,2026-05-01
MOCK-UAN-8336-4546,24,Andhra Pradesh,Maharashtra,Manufacturing,274,Unskilled,eShram,2026-05-12
MOCK-UAN-8965-9525,36,Bihar,Bihar,Construction,491,Semi-skilled,eShram,2026-04-27
MOCK-UAN-9304-9325,45,Odisha,Odisha,Construction,994,Highly-skilled,None,2024-10-15
MOCK-UAN-1237-6054,23,Odisha,Karnataka,Gig Worker,661,Skilled,PM-SYM,2025-11-09
MOCK-UAN-9316-5192,40,Maharashtra,Maharashtra,Domestic Worker,286,Unskilled,PM-SYM,2025-04-12
MOCK-UAN-4637-5815,49,Uttar Pradesh,Maharashtra,Construction,368,Unskilled,PM-SYM,2026-01-10
MOCK-UAN-4806-5428,40,Gujarat,Maharashtra,Domestic Worker,202,Unskilled,None,2025-05-28
MOCK-UAN-6281-5080,64,Maharashtra,Maharashtra,Gig Worker,580,Skilled,PM-Kisan,2026-05-15
MOCK-UAN-8220-1480,59,Jharkhand,Gujarat,Gig Worker,567,Semi-skilled,None,2025-05-13
MOCK-UAN-3642-3283,44,Maharashtra,Maharashtra,Domestic Worker,924,Highly-skilled,PM-SYM,2026-04-25
MOCK-UAN-9986-4104,39,West Bengal,Karnataka,Domestic Worker,403,Unskilled,PM-SYM,2025-04-07
MOCK-UAN-6145-8432,59,West Bengal,Uttar Pradesh,Gig Worker,407,Unskilled,PM-SYM,2026-09-06
MOCK-UAN-6539-8756,57,Gujarat,Uttar Pradesh,Agriculture,340,Unskilled,PM-SYM,2025-08-17
MOCK-UAN-8989-9988,37,Maharashtra,Gujarat,Gig Worker,540,Semi-skilled,None,2026-09-12
MOCK-UAN-2381-2805,18,Karnataka,Tamil Nadu,Agriculture,314,Unskilled,None,2025-09-28
MOCK-UAN-4877-1158,29,Andhra Pradesh,Odisha,Manufacturing,683,Skilled,eShram,2025-04-27
MOCK-UAN-1363-5735,28,Jharkhand,Jharkhand,Manufacturing,193,Unskilled,Ayushman Bharat,2025-02-22
MOCK-UAN-5851-9209,38,Andhra Pradesh,Andhra Pradesh,Gig Worker,1020,Highly-skilled,None,2025-02-03
MOCK-UAN-1327-4883,27,Andhra Pradesh,Andhra Pradesh,Domestic Worker,706,Skilled,PM-Kisan,2026-08-12
MOCK-UAN-8253-6292,27,Bihar,Bihar,Gig Worker,564,Semi-skilled,None,2026-05-28
MOCK-UAN-7144-6020,32,Bihar,Jharkhand,Gig Worker,482,Unskilled,PM-Kisan,2026-01-29
MOCK-UAN-6595-9513,31,Tamil Nadu,West Bengal,Domestic Worker,868,Highly-skilled,eShram,2024-09-28
MOCK-UAN-3817-8488,55,Odisha,Maharashtra,Agriculture,448,Semi-skilled,eShram,2026-04-21
MOCK-UAN-1270-9067,34,Jharkhand,Andhra Pradesh,Construction,951,Highly-skilled,Ayushman Bharat,2025-05-09
MOCK-UAN-8396-6698,20,Maharashtra,Maharashtra,Manufacturing,189,Unskilled,Ayushman Bharat,2025-05-24
MOCK-UAN-1229-7837,53,Andhra Pradesh,Bihar,Construction,441,Semi-skilled,PM-Kisan,2024-10-06
MOCK-UAN-9685-2999,62,Odisha,Andhra Pradesh,Agriculture,845,Highly-skilled,None,2025-08-27
MOCK-UAN-6443-5862,36,Andhra Pradesh,Odisha,Domestic Worker,641,Skilled,PM-SYM,2025-04-04
MOCK-UAN-3663-2105,54,Maharashtra,Bihar,Domestic Worker,343,Unskilled,PM-Kisan,2026-07-15
MOCK-UAN-3171-7680,19,Uttar Pradesh,Andhra Pradesh,Domestic Worker,916,Highly-skilled,eShram,2026-04-01
MOCK-UAN-3274-3751,24,Tamil Nadu,Tamil Nadu,Gig Worker,741,Skilled,eShram,2026-05-27
MOCK-UAN-8965-7892,50,Jharkhand,Jharkhand,Gig Worker,541,Semi-skilled,PM-Kisan,2024-12-21
MOCK-UAN-5614-8754,37,Maharashtra,Maharashtra,Domestic Worker,660,Skilled,Ayushman Bharat,2025-12-17
MOCK-UAN-4897-9670,32,Tamil Nadu,Gujarat,Agriculture,300,Unskilled,eShram,2026-04-26
MOCK-UAN-8724-5491,34,Maharashtra,West Bengal,Domestic Worker,452,Semi-skilled,PM-SYM,2025-03-24
MOCK-UAN-3240-4040,25,Jharkhand,West Bengal,Construction,486,Semi-skilled,eShram,2026-06-26
MOCK-UAN-3260-9606,50,West Bengal,West Bengal,Manufacturing,334,Unskilled,eShram,2026-08-07
MOCK-UAN-1497-1948,58,Tamil Nadu,Karnataka,Construction,328,Unskilled,PM-Kisan,2026-05-25
MOCK-UAN-9121-8764,61,Karnataka,Jharkhand,Gig Worker,1048,Highly-skilled,eShram,2026-07-27
MOCK-UAN-8709-4367,43,Uttar Pradesh,West Bengal,Domestic Worker,543,Skilled,None,2025-02-26
MOCK-UAN-9434-1316,64,Uttar Pradesh,Uttar Pradesh,Gig Worker,945,Highly-skilled,PM-Kisan,2024-12-15
MOCK-UAN-5829-4067,65,Maharashtra,Andhra Pradesh,Domestic Worker,934,Highly-skilled,PM-Kisan,2024-12-14
MOCK-UAN-2353-9560,21,Odisha,Odisha,Construction,945,Highly-skilled,Ayushman Bharat,2025-08-07
MOCK-UAN-3145-8364,38,Maharashtra,Andhra Pradesh,Construction,627,Skilled,PM-SYM,2026-04-28
MOCK-UAN-7334-3623,53,Gujarat,Bihar,Construction,994,Highly-skilled,PM-Kisan,2025-01-21
MOCK-UAN-1810-4997,53,Odisha,Bihar,Gig Worker,969,Highly-skilled,Ayushman Bharat,2026-05-23
MOCK-UAN-6363-8380,22,Gujarat,West Bengal,Gig Worker,539,Semi-skilled,PM-SYM,2026-04-18
MOCK-UAN-6712-6776,35,Andhra Pradesh,West Bengal,Agriculture,669,Skilled,PM-Kisan,2026-01-25
MOCK-UAN-4613-2406,62,Karnataka,Uttar Pradesh,Manufacturing,676,Skilled,PM-Kisan,2024-10-07
MOCK-UAN-8769-3991,33,Jharkhand,Uttar Pradesh,Gig Worker,1078,Highly-skilled,eShram,2026-06-11
MOCK-UAN-8285-7574,27,Andhra Pradesh,Andhra Pradesh,Manufacturing,435,Semi-skilled,None,2025-11-05
MOCK-UAN-4973-3001,52,Tamil Nadu,Tamil Nadu,Agriculture,511,Semi-skilled,PM-SYM,2026-03-02
MOCK-UAN-7053-4632,56,Tamil Nadu,Tamil Nadu,Gig Worker,652,Skilled,PM-Kisan,2026-01-31
MOCK-UAN-3191-5166,31,Uttar Pradesh,Maharashtra,Agriculture,404,Semi-skilled,None,2026-05-06
MOCK-UAN-7705-4631,37,Uttar Pradesh,Maharashtra,Construction,532,Skilled,PM-SYM,2024-10-03
MOCK-UAN-6050-6526,59,West Bengal,West Bengal,Construction,433,Unskilled,PM-Kisan,2025-05-03
MOCK-UAN-9033-3770,53,Gujarat,Gujarat,Agriculture,856,Highly-skilled,None,2026-03-19
MOCK-UAN-9050-4189,37,Tamil Nadu,Tamil Nadu,Manufacturing,293,Unskilled,PM-SYM,2026-05-12
MOCK-UAN-6303-1613,29,Gujarat,Jharkhand,Gig Worker,504,Semi-skilled,PM-SYM,2025-06-09
MOCK-UAN-5804-3527,20,Jharkhand,West Bengal,Manufacturing,634,Skilled,None,2026-04-25
MOCK-UAN-7466-8457,40,West Bengal,Maharashtra,Agriculture,431,Semi-skilled,Ayushman Bharat,2026-08-25
MOCK-UAN-8239-7228,65,Jharkhand,Karnataka,Manufacturing,384,Semi-skilled,None,2026-03-31
MOCK-UAN-8003-2961,29,Andhra Pradesh,Andhra Pradesh,Agriculture,922,Highly-skilled,None,2025-11-08
MOCK-UAN-5138-1934,34,Odisha,Andhra Pradesh,Manufacturing,378,Semi-skilled,Ayushman Bharat,2024-12-11
MOCK-UAN-3036-2422,40,Tamil Nadu,Jharkhand,Domestic Worker,408,Semi-skilled,None,2026-07-31
MOCK-UAN-4105-7639,27,Uttar Pradesh,Uttar Pradesh,Construction,544,Skilled,None,2026-01-20
MOCK-UAN-4584-4261,53,Maharashtra,Andhra Pradesh,Gig Worker,928,Highly-skilled,PM-Kisan,2025-10-15
MOCK-UAN-3569-7312,30,Bihar,Jharkhand,Gig Worker,708,Skilled,PM-SYM,2025-03-31
MOCK-UAN-8384-9583,38,Bihar,Jharkhand,Gig Worker,301,Unskilled,PM-SYM,2024-11-29
MOCK-UAN-1399-7305,49,Karnataka,Gujarat,Domestic Worker,525,Skilled,eShram,2026-08-08
MOCK-UAN-6080-8605,44,Bihar,Gujarat,Domestic Worker,599,Skilled,PM-Kisan,2026-07-30
MOCK-UAN-4127-9310,37,Andhra Pradesh,Jharkhand,Construction,3,Unskilled,Ayushman Bharat,2025-04-22
MOCK-UAN-8840-7932,64,Gujarat,Karnataka,Construction,1049,Highly-skilled,None,2025-07-08
MOCK-UAN-4989-9468,30,Karnataka,Bihar,Construction,1041,Highly-skilled,Ayushman Bharat,2025-12-07
MOCK-UAN-4163-2412,20,Karnataka,Maharashtra,Agriculture,406,Semi-skilled,eShram,2026-04-29
MOCK-UAN-2297-5425,37,Bihar,Gujarat,Manufacturing,327,Unskilled,eShram,2025-12-27
MOCK-UAN-1935-4231,39,Jharkhand,Jharkhand,Construction,537,Semi-skilled,PM-SYM,2026-06-09
MOCK-UAN-6870-6580,37,Gujarat,Andhra Pradesh,Construction,620,Skilled,None,2025-09-12
MOCK-UAN-8529-1709,24,Jharkhand,Jharkhand,Domestic Worker,225,Unskilled,PM-Kisan,2025-04-04
MOCK-UAN-7420-4213,52,Gujarat,Bihar,Construction,499,Semi-skilled,PM-SYM,2024-12-29
MOCK-UAN-6621-3261,46,West Bengal,Tamil Nadu,Manufacturing,291,Unskilled,PM-Kisan,2026-03-14
MOCK-UAN-5726-2401,56,Gujarat,Odisha,Agriculture,278,Unskilled,PM-Kisan,2025-06-09
MOCK-UAN-5613-7374,57,Andhra Pradesh,Andhra Pradesh,Manufacturing,472,Semi-skilled,eShram,2025-03-06
MOCK-UAN-2032-9885,30,Odisha,Gujarat,Domestic Worker,562,Skilled,eShram,2026-03-10
MOCK-UAN-4106-6361,42,Jharkhand,Jharkhand,Construction,592,Skilled,PM-SYM,2026-01-05
MOCK-UAN-7581-4846,24,West Bengal,West Bengal,Gig Worker,1005,Highly-skilled,PM-Kisan,2025-10-09
MOCK-UAN-6995-7756,50,Karnataka,Karnataka,Domestic Worker,919,Highly-skilled,None,2026-09-03
MOCK-UAN-6938-7275,52,West Bengal,West Bengal,Domestic Worker,541,Skilled,PM-Kisan,2026-07-21
MOCK-UAN-8151-6715,27,Bihar,Bihar,Gig Worker,746,Skilled,PM-Kisan,2026-01-15
MOCK-UAN-7203-5406,17,Andhra Pradesh,Gujarat,Construction,2500,Highly-skilled,PM-Kisan,2025-07-03
MOCK-UAN-3272-7146,37,Bihar,Bihar,Gig Worker,521,Semi-skilled,PM-SYM,2025-09-24
MOCK-UAN-6276-6293,58,Karnataka,Karnataka,Domestic Worker,287,Unskilled,PM-Kisan,2025-05-01
MOCK-UAN-7166-3835,64,Karnataka,Odisha,Gig Worker,968,Highly-skilled,None,2024-10-01
MOCK-UAN-8469-1590,43,Jharkhand,Andhra Pradesh,Domestic Worker,271,Unskilled,None,2026-07-16
MOCK-UAN-7609-2612,24,Odisha,Odisha,Domestic Worker,393,Unskilled,PM-Kisan,2025-08-14
MOCK-UAN-1984-7164,59,Odisha,Odisha,Gig Worker,507,Semi-skilled,eShram,2025-04-01
MOCK-UAN-4935-7549,62,Tamil Nadu,Tamil Nadu,Construction,472,Unskilled,PM-Kisan,2026-01-16
MOCK-UAN-2142-2470,28,Andhra Pradesh,Andhra Pradesh,Gig Worker,1021,Highly-skilled,eShram,2026-04-16
MOCK-UAN-5839-2565,57,Odisha,Odisha,Domestic Worker,454,Semi-skilled,None,2025-05-21
MOCK-UAN-5573-1257,56,Tamil Nadu,Maharashtra,Agriculture,623,Skilled,None,2026-05-25
MOCK-UAN-8034-3278,34,Jharkhand,Karnataka,Manufacturing,576,Semi-skilled,PM-Kisan,2024-10-02
MOCK-UAN-8347-5542,26,Gujarat,Maharashtra,Domestic Worker,250,Unskilled,eShram,2025-02-13
MOCK-UAN-1442-1152,29,Maharashtra,Maharashtra,Construction,13118,Highly-skilled,PM-SYM,2026-06-16
MOCK-UAN-4202-2168,36,Bihar,Uttar Pradesh,Gig Worker,962,Highly-skilled,PM-SYM,2025-02-25
MOCK-UAN-4564-4306,53,Bihar,Tamil Nadu,Agriculture,601,Skilled,PM-Kisan,2025-12-11
MOCK-UAN-2330-6514,-2,Maharashtra,Maharashtra,Agriculture,813,Highly-skilled,eShram,2025-05-23
MOCK-UAN-2241-4680,27,Jharkhand,Jharkhand,Gig Worker,1001,Highly-skilled,PM-SYM,2026-04-08
MOCK-UAN-6063-7414,37,Uttar Pradesh,Uttar Pradesh,Domestic Worker,384,Unskilled,PM-SYM,2025-08-17
MOCK-UAN-4716-4630,54,Tamil Nadu,Maharashtra,Gig Worker,1007,Highly-skilled,Ayushman Bharat,2024-10-25
MOCK-UAN-1213-2935,29,West Bengal,Uttar Pradesh,Domestic Worker,5074,Semi-skilled,None,2025-07-18
MOCK-UAN-2021-5044,61,Andhra Pradesh,Andhra Pradesh,Manufacturing,869,Highly-skilled,PM-Kisan,2026-05-14
MOCK-UAN-1646-7253,-4,Andhra Pradesh,Karnataka,Construction,544,Semi-skilled,PM-SYM,2026-08-04
MOCK-UAN-6096-8732,26,Gujarat,Maharashtra,Agriculture,258,Unskilled,None,2026-03-21
MOCK-UAN-8205-9128,27,Karnataka,Karnataka,Agriculture,542,Semi-skilled,PM-Kisan,2025-11-16
MOCK-UAN-8966-1906,46,Maharashtra,Maharashtra,Agriculture,546,Semi-skilled,PM-SYM,2026-03-19
MOCK-UAN-1265-9362,57,Maharashtra,Odisha,Gig Worker,562,Semi-skilled,None,2026-04-28
MOCK-UAN-7090-5004,-4,Uttar Pradesh,Andhra Pradesh,Agriculture,899,Highly-skilled,None,2025-04-12
MOCK-UAN-3815-7488,46,Tamil Nadu,Tamil Nadu,Agriculture,501,Semi-skilled,PM-Kisan,2026-08-10
MOCK-UAN-1122-7131,14,Andhra Pradesh,Andhra Pradesh,Manufacturing,2500,Highly-skilled,PM-SYM,2024-10-01
MOCK-UAN-8124-1331,64,Tamil Nadu,Andhra Pradesh,Construction,609,Skilled,PM-SYM,2024-11-01
MOCK-UAN-8689-3778,43,Uttar Pradesh,Uttar Pradesh,Gig Worker,973,Highly-skilled,PM-SYM,2025-11-16
MOCK-UAN-6750-3128,15,Tamil Nadu,Gujarat,Agriculture,2500,Highly-skilled,Ayushman Bharat,2026-02-06
MOCK-UAN-4849-9124,34,Jharkhand,West Bengal,Agriculture,470,Semi-skilled,Ayushman Bharat,2026-03-22
MOCK-UAN-6175-9056,37,Gujarat,Gujarat,Construction,683,Skilled,None,2026-08-13
MOCK-UAN-7204-4461,65,Bihar,Bihar,Construction,432,Semi-skilled,eShram,2026-07-05
MOCK-UAN-9379-5228,60,West Bengal,West Bengal,Manufacturing,577,Skilled,PM-SYM,2026-08-26
MOCK-UAN-9091-3070,45,Maharashtra,Maharashtra,Agriculture,382,Semi-skilled,PM-Kisan,2026-06-22
MOCK-UAN-9672-3632,31,Bihar,Andhra Pradesh,Gig Worker,655,Skilled,eShram,2026-06-25
MOCK-UAN-9465-1496,36,Jharkhand,Jharkhand,Domestic Worker,327,Unskilled,PM-Kisan,2026-01-17
MOCK-UAN-6176-4874,34,Gujarat,Andhra Pradesh,Domestic Worker,863,Highly-skilled,PM-Kisan,2025-08-18
MOCK-UAN-8134-2158,42,Bihar,Maharashtra,Construction,934,Highly-skilled,PM-Kisan,2026-03-15
MOCK-UAN-9762-9524,61,Bihar,Maharashtra,Manufacturing,818,Highly-skilled,None,2026-06-03
MOCK-UAN-5399-3293,28,Maharashtra,Maharashtra,Gig Worker,709,Skilled,Ayushman Bharat,2025-07-31
MOCK-UAN-2493-8544,54,Tamil Nadu,Gujarat,Manufacturing,297,Unskilled,PM-SYM,2025-12-10
MOCK-UAN-5825-5195,59,Uttar Pradesh,Uttar Pradesh,Construction,613,Skilled,eShram,2025-10-15
MOCK-UAN-5221-6487,22,West Bengal,West Bengal,Gig Worker,390,Unskilled,eShram,2026-06-13
MOCK-UAN-8753-1650,37,Odisha,Tamil Nadu,Manufacturing,309,Unskilled,PM-SYM,2024-11-13
MOCK-UAN-3095-8075,21,Karnataka,Karnataka,Domestic Worker,559,Skilled,PM-SYM,2025-11-20
MOCK-UAN-5769-1928,59,Gujarat,Andhra Pradesh,Agriculture,526,Skilled,Ayushman Bharat,2026-06-06
MOCK-UAN-8901-3295,57,Uttar Pradesh,Uttar Pradesh,Domestic Worker,390,Unskilled,PM-SYM,2025-11-21
MOCK-UAN-8086-5648,56,Karnataka,Uttar Pradesh,Domestic Worker,418,Semi-skilled,eShram,2025-08-04
MOCK-UAN-6269-9114,37,West Bengal,Bihar,Gig Worker,545,Semi-skilled,None,2025-09-10
MOCK-UAN-4248-4663,34,Tamil Nadu,Tamil Nadu,Gig Worker,600,Semi-skilled,PM-Kisan,2025-04-13
MOCK-UAN-5141-7278,65,Karnataka,Karnataka,Manufacturing,626,Semi-skilled,PM-Kisan,2026-06-20
MOCK-UAN-6078-8474,44,West Bengal,Jharkhand,Agriculture,16091,Highly-skilled,PM-Kisan,2025-12-12
MOCK-UAN-2192-4108,23,Tamil Nadu,Tamil Nadu,Manufacturing,472,Semi-skilled,None,2026-02-07
MOCK-UAN-3476-2702,31,Gujarat,Gujarat,Manufacturing,414,Semi-skilled,PM-Kisan,2025-07-03
MOCK-UAN-5515-5367,47,Jharkhand,Jharkhand,Gig Worker,673,Skilled,Ayushman Bharat,2025-08-11
MOCK-UAN-7386-9753,49,Tamil Nadu,Uttar Pradesh,Domestic Worker,413,Semi-skilled,eShram,2025-04-30
MOCK-UAN-4432-8071,19,Bihar,Tamil Nadu,Manufacturing,243,Unskilled,Ayushman Bharat,2026-08-17
MOCK-UAN-8510-9121,60,Bihar,Tamil Nadu,Agriculture,597,Skilled,PM-Kisan,2026-06-28
MOCK-UAN-8443-8433,-4,Bihar,Bihar,Agriculture,226,Unskilled,eShram,2025-10-09
MOCK-UAN-1472-6334,33,Tamil Nadu,Maharashtra,Gig Worker,597,Semi-skilled,None,2025-11-04
MOCK-UAN-8957-4120,62,Andhra Pradesh,West Bengal,Gig Worker,402,Unskilled,PM-Kisan,2025-11-30
MOCK-UAN-4624-3120,60,Gujarat,Karnataka,Domestic Worker,321,Unskilled,None,2025-06-05
MOCK-UAN-4637-5553,40,Jharkhand,Bihar,Domestic Worker,276,Unskilled,Ayushman Bharat,2025-08-02
MOCK-UAN-9050-1832,21,Gujarat,Gujarat,Domestic Worker,881,Highly-skilled,eShram,2024-09-19
MOCK-UAN-7837-3117,19,Tamil Nadu,Tamil Nadu,Gig Worker,564,Semi-skilled,None,2025-05-05
MOCK-UAN-9907-3637,46,Bihar,Bihar,Gig Worker,491,Semi-skilled,None,2025-06-15
MOCK-UAN-3824-7125,37,Andhra Pradesh,Tamil Nadu,Domestic Worker,282,Unskilled,None,2026-05-07
MOCK-UAN-3675-9501,23,Jharkhand,Jharkhand,Manufacturing,407,Semi-skilled,PM-SYM,2025-12-25
MOCK-UAN-5850-3757,61,Karnataka,Uttar Pradesh,Gig Worker,955,Highly-skilled,PM-Kisan,2026-08-13
MOCK-UAN-3622-5423,26,Karnataka,Bihar,Agriculture,194,Unskilled,None,2025-08-16
MOCK-UAN-6431-9946,18,Odisha,Odisha,Gig Worker,466,Unskilled,None,2025-07-16
MOCK-UAN-7124-5317,53,West Bengal,West Bengal,Manufacturing,565,Skilled,eShram,2026-09-03
MOCK-UAN-8912-4543,29,West Bengal,West Bengal,Agriculture,958,Highly-skilled,PM-Kisan,2026-02-20
MOCK-UAN-4853-3352,26,West Bengal,Karnataka,Construction,403,Unskilled,PM-Kisan,2026-06-09
MOCK-UAN-1919-4515,30,Uttar Pradesh,West Bengal,Manufacturing,535,Skilled,PM-Kisan,2025-05-26
MOCK-UAN-8253-9890,32,Tamil Nadu,Uttar Pradesh,Agriculture,545,Skilled,PM-Kisan,2024-10-18
MOCK-UAN-7719-8997,58,West Bengal,Odisha,Gig Worker,678,Semi-skilled,PM-SYM,2026-09-06
MOCK-UAN-7675-9186,63,Gujarat,Gujarat,Manufacturing,687,Skilled,PM-Kisan,2025-05-28
MOCK-UAN-6834-7190,42,Maharashtra,Jharkhand,Domestic Worker,448,Semi-skilled,eShram,2025-06-21
MOCK-UAN-8735-9177,47,Karnataka,Odisha,Agriculture,462,Semi-skilled,PM-Kisan,2026-02-14
MOCK-UAN-1990-8380,46,Andhra Pradesh,Andhra Pradesh,Gig Worker,968,Highly-skilled,PM-Kisan,2024-12-15
MOCK-UAN-5247-7926,32,Gujarat,Gujarat,Gig Worker,421,Unskilled,PM-SYM,2025-09-02
MOCK-UAN-7154-2167,26,Bihar,Jharkhand,Gig Worker,514,Semi-skilled,PM-Kisan,2026-07-15
MOCK-UAN-8314-4101,24,Odisha,Bihar,Domestic Worker,498,Skilled,PM-Kisan,2025-02-14
MOCK-UAN-6226-2697,25,West Bengal,Odisha,Construction,433,Semi-skilled,PM-SYM,2025-03-19
MOCK-UAN-2509-6310,58,Jharkhand,Odisha,Construction,951,Highly-skilled,PM-SYM,2025-02-21
MOCK-UAN-3528-2011,25,West Bengal,West Bengal,Agriculture,393,Semi-skilled,Ayushman Bharat,2026-05-16
MOCK-UAN-4679-1196,-2,West Bengal,Tamil Nadu,Manufacturing,446,Semi-skilled,None,2025-03-27
MOCK-UAN-2694-7819,62,Tamil Nadu,Gujarat,Manufacturing,396,Semi-skilled,eShram,2026-08-15
MOCK-UAN-6669-5721,65,Andhra Pradesh,Andhra Pradesh,Gig Worker,960,Highly-skilled,PM-SYM,2025-10-29
MOCK-UAN-9299-2642,38,Uttar Pradesh,Uttar Pradesh,Domestic Worker,642,Skilled,eShram,2024-12-22
MOCK-UAN-8740-3980,58,Odisha,Jharkhand,Domestic Worker,462,Semi-skilled,eShram,2026-08-09
MOCK-UAN-7752-8874,24,West Bengal,Gujarat,Construction,949,Highly-skilled,eShram,2025-02-05
MOCK-UAN-4984-1415,60,Karnataka,Gujarat,Manufacturing,643,Skilled,PM-SYM,2025-05-26
MOCK-UAN-7988-7318,55,Odisha,Odisha,Agriculture,474,Semi-skilled,Ayushman Bharat,2026-04-23
MOCK-UAN-8270-2433,27,Uttar Pradesh,Uttar Pradesh,Construction,722,Skilled,None,2025-10-11
MOCK-UAN-3532-1474,61,Tamil Nadu,Jharkhand,Agriculture,877,Highly-skilled,PM-SYM,2026-06-27
MOCK-UAN-5766-4920,47,Bihar,Tamil Nadu,Agriculture,428,Semi-skilled,None,2024-11-15
MOCK-UAN-1586-1428,16,Karnataka,West Bengal,Domestic Worker,2500,Highly-skilled,Ayushman Bharat,2026-05-17
MOCK-UAN-1146-7762,44,Karnataka,Uttar Pradesh,Domestic Worker,278,Unskilled,PM-Kisan,2026-04-30
MOCK-UAN-1185-2099,43,Maharashtra,Maharashtra,Manufacturing,648,Skilled,eShram,2025-11-23
MOCK-UAN-4955-4470,45,Bihar,Jharkhand,Gig Worker,764,Skilled,Ayushman Bharat,2026-05-18
MOCK-UAN-8135-6960,47,Jharkhand,Odisha,Manufacturing,348,Unskilled,PM-Kisan,2025-06-03
MOCK-UAN-5985-8601,42,Jharkhand,Jharkhand,Gig Worker,310,Unskilled,eShram,2025-10-22
MOCK-UAN-9000-1949,56,Uttar Pradesh,Odisha,Manufacturing,954,Highly-skilled,None,2024-12-13
MOCK-UAN-7669-5562,22,West Bengal,Gujarat,Construction,558,Skilled,PM-Kisan,2026-05-07
MOCK-UAN-3378-3410,51,Andhra Pradesh,Andhra Pradesh,Gig Worker,1044,Highly-skilled,PM-Kisan,2026-04-25
MOCK-UAN-5871-8958,27,Andhra Pradesh,Andhra Pradesh,Manufacturing,881,Highly-skilled,eShram,2026-03-20
MOCK-UAN-7913-7345,48,Tamil Nadu,Karnataka,Agriculture,485,Semi-skilled,None,2025-10-17
MOCK-UAN-1412-4970,57,Jharkhand,Bihar,Agriculture,383,Semi-skilled,PM-Kisan,2025-05-15
MOCK-UAN-8248-6230,18,Tamil Nadu,Tamil Nadu,Construction,9,Semi-skilled,eShram,2025-10-04
MOCK-UAN-1605-2685,36,Gujarat,Gujarat,Manufacturing,8,Unskilled,Ayushman Bharat,2026-05-02
MOCK-UAN-4945-3608,65,Jharkhand,Odisha,Domestic Worker,266,Unskilled,eShram,2026-05-09
MOCK-UAN-6641-7048,46,Gujarat,Maharashtra,Domestic Worker,550,Skilled,PM-SYM,2026-05-11
MOCK-UAN-9305-5490,63,West Bengal,West Bengal,Manufacturing,812,Highly-skilled,Ayushman Bharat,2026-05-15
MOCK-UAN-8401-4047,28,Karnataka,Karnataka,Construction,354,Unskilled,PM-Kisan,2025-02-16
MOCK-UAN-7150-8590,40,Odisha,Gujarat,Gig Worker,640,Semi-skilled,None,2025-01-15
MOCK-UAN-2169-4290,38,Bihar,Bihar,Construction,1083,Highly-skilled,PM-SYM,2025-11-15
MOCK-UAN-9655-2799,47,Andhra Pradesh,West Bengal,Manufacturing,304,Unskilled,eShram,2026-06-04
MOCK-UAN-8012-5508,39,Maharashtra,Maharashtra,Domestic Worker,655,Skilled,Ayushman Bharat,2025-09-01
MOCK-UAN-8609-3187,35,Uttar Pradesh,Uttar Pradesh,Manufacturing,611,Skilled,eShram,2026-06-11
MOCK-UAN-8335-3177,60,Andhra Pradesh,Odisha,Gig Worker,574,Semi-skilled,eShram,2026-01-22
MOCK-UAN-3949-7015,61,Odisha,Odisha,Domestic Worker,882,Highly-skilled,PM-Kisan,2025-11-09
MOCK-UAN-6270-1136,42,Gujarat,Bihar,Manufacturing,609,Skilled,Ayushman Bharat,2026-03-07
MOCK-UAN-7533-6797,24,Bihar,Andhra Pradesh,Gig Worker,726,Skilled,Ayushman Bharat,2025-09-28
MOCK-UAN-9910-1915,61,Andhra Pradesh,Bihar,Agriculture,871,Highly-skilled,None,2026-01-19
MOCK-UAN-4043-2719,30,Gujarat,Odisha,Agriculture,446,Semi-skilled,PM-Kisan,2024-10-20
MOCK-UAN-7964-5024,64,Odisha,Odisha,Gig Worker,997,Highly-skilled,PM-Kisan,2025-02-03
MOCK-UAN-4994-7912,55,Bihar,West Bengal,Domestic Worker,941,Highly-skilled,eShram,2024-11-20
MOCK-UAN-7281-4242,60,Andhra Pradesh,Andhra Pradesh,Domestic Worker,246,Unskilled,None,2026-04-09
MOCK-UAN-8888-4016,24,Tamil Nadu,West Bengal,Construction,347,Unskilled,PM-Kisan,2025-04-15
MOCK-UAN-8372-2317,49,Andhra Pradesh,Andhra Pradesh,Construction,445,Unskilled,Ayushman Bharat,2025-08-16
MOCK-UAN-6977-1232,59,Bihar,Bihar,Manufacturing,358,Unskilled,PM-SYM,2026-07-15
MOCK-UAN-4067-5317,27,Maharashtra,Gujarat,Agriculture,517,Semi-skilled,eShram,2025-06-05
MOCK-UAN-4451-3852,59,Bihar,Bihar,Agriculture,451,Semi-skilled,PM-SYM,2025-02-06
MOCK-UAN-4323-5032,62,Andhra Pradesh,Jharkhand,Gig Worker,566,Semi-skilled,eShram,2026-01-31
MOCK-UAN-1240-5182,59,Karnataka,Karnataka,Agriculture,650,Skilled,None,2026-07-17
MOCK-UAN-1195-9413,24,Bihar,Bihar,Manufacturing,378,Unskilled,PM-Kisan,2026-01-27
MOCK-UAN-7239-8872,51,Uttar Pradesh,Maharashtra,Agriculture,352,Semi-skilled,eShram,2025-09-09
MOCK-UAN-8536-9394,37,Maharashtra,Bihar,Construction,284,Unskilled,eShram,2025-04-05
MOCK-UAN-7532-2368,31,Gujarat,Tamil Nadu,Construction,1015,Highly-skilled,PM-SYM,2026-06-12
MOCK-UAN-2597-2845,43,Maharashtra,Maharashtra,Manufacturing,586,Skilled,Ayushman Bharat,2026-08-12
MOCK-UAN-4849-7758,28,Tamil Nadu,Tamil Nadu,Gig Worker,366,Unskilled,eShram,2025-06-15
MOCK-UAN-3058-8093,18,Jharkhand,Uttar Pradesh,Gig Worker,487,Semi-skilled,None,2026-06-08
MOCK-UAN-8377-3211,58,West Bengal,Jharkhand,Gig Worker,672,Skilled,PM-SYM,2024-10-01
MOCK-UAN-9015-6411,23,Bihar,Maharashtra,Domestic Worker,379,Semi-skilled,PM-Kisan,2026-06-22
MOCK-UAN-5333-1185,54,Odisha,Gujarat,Manufacturing,704,Skilled,None,2025-06-23
MOCK-UAN-6815-9584,60,Bihar,Bihar,Manufacturing,298,Unskilled,eShram,2024-10-23
MOCK-UAN-3376-5781,37,Jharkhand,Jharkhand,Construction,497,Semi-skilled,PM-Kisan,2025-07-11
MOCK-UAN-4564-3093,23,Maharashtra,Maharashtra,Gig Worker,429,Unskilled,PM-SYM,2026-06-11
MOCK-UAN-7150-1023,30,Andhra Pradesh,Andhra Pradesh,Domestic Worker,498,Semi-skilled,PM-SYM,2026-05-03
MOCK-UAN-9252-9034,59,Jharkhand,Andhra Pradesh,Manufacturing,647,Skilled,eShram,2026-05-12
MOCK-UAN-7436-4471,23,West Bengal,West Bengal,Construction,1003,Highly-skilled,eShram,2025-05-01
MOCK-UAN-2918-5352,33,West Bengal,Uttar Pradesh,Gig Worker,968,Highly-skilled,eShram,2024-09-22
MOCK-UAN-6769-7877,26,Karnataka,Andhra Pradesh,Construction,935,Highly-skilled,None,2025-05-07
MOCK-UAN-4055-6329,26,Karnataka,Karnataka,Domestic Worker,938,Highly-skilled,None,2026-01-25
MOCK-UAN-5239-9983,23,Maharashtra,Maharashtra,Construction,623,Skilled,eShram,2024-09-23
MOCK-UAN-9174-6938,43,Odisha,Odisha,Construction,649,Skilled,eShram,2024-11-25
MOCK-UAN-1475-2665,33,Odisha,Karnataka,Domestic Worker,619,Skilled,eShram,2026-06-03
MOCK-UAN-4311-8568,24,West Bengal,West Bengal,Agriculture,489,Semi-skilled,PM-Kisan,2025-05-22
MOCK-UAN-4633-9220,18,Jharkhand,Jharkhand,Agriculture,361,Semi-skilled,PM-SYM,2025-02-17
MOCK-UAN-1800-5699,59,Bihar,Odisha,Agriculture,335,Unskilled,Ayushman Bharat,2025-09-10
MOCK-UAN-7640-5287,52,Karnataka,Karnataka,Gig Worker,538,Semi-skilled,PM-SYM,2026-02-27
MOCK-UAN-4915-7014,64,Andhra Pradesh,Andhra Pradesh,Domestic Worker,635,Skilled,eShram,2025-05-10
MOCK-UAN-6943-5342,18,Jharkhand,Jharkhand,Construction,988,Highly-skilled,PM-Kisan,2026-03-22
MOCK-UAN-7972-2137,32,Tamil Nadu,Tamil Nadu,Gig Worker,1080,Highly-skilled,eShram,2025-02-08
MOCK-UAN-5704-8089,29,Gujarat,Karnataka,Construction,3,Skilled,None,2026-07-19
MOCK-UAN-4752-6537,60,Tamil Nadu,Tamil Nadu,Manufacturing,517,Semi-skilled,None,2025-06-29
MOCK-UAN-5858-8460,56,Jharkhand,Gujarat,Domestic Worker,672,Skilled,Ayushman Bharat,2026-05-08
MOCK-UAN-7577-1918,44,West Bengal,Uttar Pradesh,Manufacturing,314,Unskilled,None,2026-08-28
MOCK-UAN-1077-2039,61,Jharkhand,Maharashtra,Domestic Worker,901,Highly-skilled,PM-SYM,2024-10-08
MOCK-UAN-8331-2064,24,Andhra Pradesh,Tamil Nadu,Domestic Worker,343,Unskilled,eShram,2025-06-25
MOCK-UAN-9328-7502,54,Odisha,Odisha,Domestic Worker,336,Unskilled,PM-SYM,2026-03-24
MOCK-UAN-2617-5663,51,Uttar Pradesh,Tamil Nadu,Manufacturing,584,Skilled,Ayushman Bharat,2024-11-29
MOCK-UAN-3953-5543,63,Jharkhand,Jharkhand,Domestic Worker,920,Highly-skilled,PM-SYM,2025-11-23
MOCK-UAN-2349-5090,18,Jharkhand,Jharkhand,Construction,2500,Highly-skilled,eShram,2026-06-16
MOCK-UAN-3363-2268,53,Gujarat,Odisha,Gig Worker,507,Semi-skilled,PM-Kisan,2025-11-05
MOCK-UAN-8044-8440,44,Tamil Nadu,Odisha,Manufacturing,514,Semi-skilled,None,2026-04-08
MOCK-UAN-9673-6727,39,Odisha,Odisha,Construction,352,Unskilled,PM-Kisan,2026-06-12
MOCK-UAN-3145-5624,63,West Bengal,West Bengal,Domestic Worker,1002,Highly-skilled,PM-SYM,2025-06-18
MOCK-UAN-8467-5287,46,Jharkhand,Jharkhand,Manufacturing,368,Semi-skilled,eShram,2025-10-14
MOCK-UAN-2793-4839,44,Bihar,Uttar Pradesh,Manufacturing,572,Skilled,PM-SYM,2026-01-22
MOCK-UAN-3185-1752,62,Jharkhand,Jharkhand,Domestic Worker,451,Semi-skilled,PM-SYM,2026-01-21
MOCK-UAN-6274-7695,29,Uttar Pradesh,Maharashtra,Gig Worker,756,Skilled,Ayushman Bharat,2026-05-22
MOCK-UAN-2778-3113,33,Bihar,Jharkhand,Agriculture,469,Semi-skilled,PM-SYM,2025-09-09
MOCK-UAN-6614-5181,39,Bihar,Tamil Nadu,Gig Worker,565,Semi-skilled,Ayushman Bharat,2025-06-20
MOCK-UAN-3079-1584,40,Bihar,Tamil Nadu,Construction,593,Skilled,PM-Kisan,2025-07-22
MOCK-UAN-3243-9903,30,Uttar Pradesh,Jharkhand,Domestic Worker,392,Semi-skilled,Ayushman Bharat,2025-01-31
MOCK-UAN-7869-1177,46,Karnataka,Karnataka,Construction,666,Skilled,PM-Kisan,2026-01-18
MOCK-UAN-3339-4795,43,Odisha,Andhra Pradesh,Gig Worker,481,Semi-skilled,Ayushman Bharat,2025-04-15
MOCK-UAN-8488-3489,62,Bihar,Bihar,Construction,923,Highly-skilled,PM-SYM,2024-10-21
MOCK-UAN-5715-6148,57,Gujarat,Andhra Pradesh,Construction,525,Semi-skilled,None,2025-01-16
MOCK-UAN-1622-9815,36,Andhra Pradesh,Bihar,Domestic Worker,550,Skilled,eShram,2024-12-17
MOCK-UAN-2919-2515,56,Odisha,Odisha,Construction,7779,Highly-skilled,PM-Kisan,2025-11-15
MOCK-UAN-6652-7588,62,Bihar,Uttar Pradesh,Manufacturing,961,Highly-skilled,Ayushman Bharat,2026-08-01
MOCK-UAN-6539-1291,36,Tamil Nadu,Karnataka,Construction,871,Highly-skilled,eShram,2026-02-27
MOCK-UAN-7326-8992,37,Odisha,Bihar,Domestic Worker,853,Highly-skilled,PM-SYM,2024-11-29
MOCK-UAN-4304-7731,32,Tamil Nadu,Tamil Nadu,Gig Worker,285,Unskilled,eShram,2025-05-22
MOCK-UAN-2510-3316,61,Karnataka,Karnataka,Manufacturing,560,Skilled,Ayushman Bharat,2025-07-29
MOCK-UAN-9659-4355,54,Odisha,Odisha,Agriculture,938,Highly-skilled,PM-Kisan,2026-04-24
MOCK-UAN-4436-4697,48,Odisha,Odisha,Manufacturing,279,Unskilled,PM-Kisan,2025-08-23
MOCK-UAN-3634-8582,43,Karnataka,Gujarat,Agriculture,623,Skilled,PM-SYM,2026-05-19
MOCK-UAN-1487-6247,48,Karnataka,Bihar,Agriculture,223,Unskilled,None,2026-05-07
MOCK-UAN-7419-1363,20,Tamil Nadu,Odisha,Manufacturing,489,Semi-skilled,Ayushman Bharat,2026-01-28
MOCK-UAN-9250-6526,24,Karnataka,Uttar Pradesh,Agriculture,272,Unskilled,eShram,2026-03-08
MOCK-UAN-3126-6177,52,Jharkhand,Jharkhand,Agriculture,600,Skilled,eShram,2025-10-21
MOCK-UAN-4368-5019,52,Andhra Pradesh,Andhra Pradesh,Manufacturing,295,Unskilled,None,2026-01-18
MOCK-UAN-9396-1734,36,Maharashtra,Bihar,Construction,286,Unskilled,None,2025-06-21
MOCK-UAN-6765-1457,47,Gujarat,Andhra Pradesh,Agriculture,842,Highly-skilled,PM-Kisan,2025-06-02
MOCK-UAN-8884-4955,32,West Bengal,Bihar,Construction,548,Semi-skilled,PM-SYM,2024-11-01
MOCK-UAN-2909-5568,56,West Bengal,West Bengal,Construction,969,Highly-skilled,PM-Kisan,2025-09-07
MOCK-UAN-9382-5578,47,Odisha,West Bengal,Gig Worker,1052,Highly-skilled,Ayushman Bharat,2025-10-20
MOCK-UAN-7905-2850,18,Odisha,Maharashtra,Gig Worker,566,Semi-skilled,eShram,2026-08-15
MOCK-UAN-3716-3993,33,Tamil Nadu,Gujarat,Agriculture,907,Highly-skilled,eShram,2026-01-04
MOCK-UAN-6459-3163,58,Tamil Nadu,Bihar,Domestic Worker,813,Highly-skilled,eShram,2024-11-01
MOCK-UAN-7577-6897,46,Karnataka,West Bengal,Domestic Worker,886,Highly-skilled,PM-SYM,2025-03-28
MOCK-UAN-9394-5164,50,Maharashtra,Maharashtra,Gig Worker,398,Unskilled,PM-SYM,2025-10-21
MOCK-UAN-4485-3130,57,Tamil Nadu,Odisha,Manufacturing,697,Skilled,None,2025-07-29
MOCK-UAN-4971-7565,47,Andhra Pradesh,Jharkhand,Domestic Worker,934,Highly-skilled,Ayushman Bharat,2026-06-10
MOCK-UAN-1917-5216,31,West Bengal,Bihar,Agriculture,526,Semi-skilled,PM-SYM,2025-09-11
MOCK-UAN-1103-1170,41,West Bengal,Maharashtra,Agriculture,629,Skilled,PM-Kisan,2025-07-12
MOCK-UAN-6413-6379,43,Bihar,Jharkhand,Manufacturing,564,Skilled,eShram,2025-12-21
MOCK-UAN-2606-9547,65,Maharashtra,Gujarat,Manufacturing,305,Unskilled,None,2026-05-18
MOCK-UAN-4789-6998,27,Uttar Pradesh,Uttar Pradesh,Manufacturing,461,Semi-skilled,None,2024-11-06
MOCK-UAN-4010-6374,54,Odisha,Andhra Pradesh,Construction,453,Semi-skilled,PM-Kisan,2025-08-01
MOCK-UAN-9349-2305,63,West Bengal,West Bengal,Gig Worker,530,Semi-skilled,Ayushman Bharat,2025-07-26
MOCK-UAN-6931-9131,63,Uttar Pradesh,Uttar Pradesh,Agriculture,439,Semi-skilled,Ayushman Bharat,2026-05-13
MOCK-UAN-2236-3583,27,West Bengal,Tamil Nadu,Gig Worker,630,Semi-skilled,PM-Kisan,2026-05-05
MOCK-UAN-9824-7255,53,Tamil Nadu,Andhra Pradesh,Construction,845,Highly-skilled,eShram,2025-08-25
MOCK-UAN-2251-4314,29,Tamil Nadu,Tamil Nadu,Manufacturing,360,Unskilled,Ayushman Bharat,2025-07-05
MOCK-UAN-2385-5251,50,Jharkhand,Uttar Pradesh,Construction,453,Semi-skilled,Ayushman Bharat,2026-06-06
MOCK-UAN-9555-6970,38,Karnataka,Maharashtra,Domestic Worker,831,Highly-skilled,Ayushman Bharat,2025-03-06
MOCK-UAN-7531-1122,52,Tamil Nadu,Jharkhand,Manufacturing,508,Semi-skilled,Ayushman Bharat,2026-05-08
MOCK-UAN-5355-4892,38,Maharashtra,Maharashtra,Agriculture,636,Skilled,None,2026-05-24
MOCK-UAN-8617-3648,18,Karnataka,Gujarat,Manufacturing,512,Semi-skilled,None,2025-04-01
MOCK-UAN-1786-2576,40,Jharkhand,West Bengal,Gig Worker,1040,Highly-skilled,Ayushman Bharat,2026-03-24
MOCK-UAN-2524-3013,52,Uttar Pradesh,West Bengal,Domestic Worker,402,Unskilled,Ayushman Bharat,2025-02-15
MOCK-UAN-9891-5655,36,Andhra Pradesh,Bihar,Gig Worker,727,Skilled,Ayushman Bharat,2026-02-25
MOCK-UAN-3499-6308,47,Maharashtra,Maharashtra,Gig Worker,392,Unskilled,eShram,2025-02-22
MOCK-UAN-1510-4793,46,Maharashtra,Maharashtra,Agriculture,617,Skilled,PM-SYM,2025-09-24
MOCK-UAN-4293-5141,18,Bihar,West Bengal,Domestic Worker,662,Skilled,PM-SYM,2026-09-12
MOCK-UAN-1513-4748,30,Karnataka,Odisha,Manufacturing,561,Skilled,PM-Kisan,2026-06-23
MOCK-UAN-2140-5733,14,Tamil Nadu,Bihar,Domestic Worker,2500,Highly-skilled,eShram,2025-03-04
MOCK-UAN-1362-7412,22,Tamil Nadu,Gujarat,Construction,334,Unskilled,PM-Kisan,2024-12-04
MOCK-UAN-9359-8246,54,Tamil Nadu,Uttar Pradesh,Manufacturing,194,Unskilled,PM-SYM,2025-04-03
MOCK-UAN-8399-9084,39,Odisha,Uttar Pradesh,Domestic Worker,306,Unskilled,PM-Kisan,2026-05-01
MOCK-UAN-6049-5596,49,Andhra Pradesh,Bihar,Manufacturing,805,Highly-skilled,PM-SYM,2025-09-17
MOCK-UAN-7228-6262,26,Karnataka,Odisha,Gig Worker,402,Unskilled,PM-SYM,2025-02-25
MOCK-UAN-6329-9249,28,Jharkhand,Jharkhand,Construction,993,Highly-skilled,PM-SYM,2025-01-05
MOCK-UAN-3554-5769,61,Uttar Pradesh,Bihar,Manufacturing,876,Highly-skilled,PM-SYM,2025-04-23
MOCK-UAN-4992-5286,19,West Bengal,West Bengal,Domestic Worker,17603,Highly-skilled,PM-Kisan,2025-08-11
MOCK-UAN-6205-1727,26,Karnataka,Karnataka,Gig Worker,476,Semi-skilled,PM-Kisan,2025-01-11
MOCK-UAN-2658-7227,40,Uttar Pradesh,Tamil Nadu,Domestic Worker,359,Unskilled,None,2025-04-24
MOCK-UAN-9104-6478,50,Gujarat,Jharkhand,Agriculture,333,Unskilled,PM-Kisan,2026-04-05
MOCK-UAN-1822-7840,53,Jharkhand,Jharkhand,Construction,564,Skilled,eShram,2026-02-19
MOCK-UAN-3649-2826,-5,Uttar Pradesh,Odisha,Agriculture,1035,Highly-skilled,Ayushman Bharat,2025-02-15
MOCK-UAN-4660-3372,42,Gujarat,Andhra Pradesh,Gig Worker,546,Semi-skilled,PM-SYM,2025-01-14
MOCK-UAN-3836-1122,38,Andhra Pradesh,Andhra Pradesh,Agriculture,556,Skilled,PM-SYM,2025-04-20
MOCK-UAN-5868-3950,60,Gujarat,West Bengal,Manufacturing,229,Unskilled,None,2024-10-05
MOCK-UAN-6534-7190,29,Bihar,Gujarat,Gig Worker,988,Highly-skilled,Ayushman Bharat,2025-02-18
MOCK-UAN-2803-7543,54,Bihar,Gujarat,Manufacturing,593,Skilled,PM-Kisan,2026-05-11
MOCK-UAN-5328-1804,45,Tamil Nadu,West Bengal,Domestic Worker,455,Semi-skilled,PM-Kisan,2025-02-12
MOCK-UAN-9221-9568,42,Gujarat,Bihar,Domestic Worker,885,Highly-skilled,PM-SYM,2024-09-28
MOCK-UAN-1207-1219,44,Bihar,Maharashtra,Construction,531,Semi-skilled,PM-SYM,2025-10-02
MOCK-UAN-8612-8567,38,Jharkhand,Karnataka,Gig Worker,680,Skilled,PM-Kisan,2025-02-23
MOCK-UAN-5591-5934,40,Andhra Pradesh,Gujarat,Agriculture,803,Highly-skilled,PM-Kisan,2026-02-21
MOCK-UAN-6187-7085,57,Maharashtra,Maharashtra,Domestic Worker,892,Highly-skilled,None,2025-09-21
MOCK-UAN-2925-6036,26,Tamil Nadu,Tamil Nadu,Domestic Worker,181,Unskilled,None,2026-04-01
MOCK-UAN-4145-8684,65,Maharashtra,Maharashtra,Construction,367,Unskilled,PM-SYM,2025-07-21
MOCK-UAN-4964-3897,33,Jharkhand,Jharkhand,Construction,601,Skilled,eShram,2026-06-29
MOCK-UAN-5326-2647,49,Odisha,Tamil Nadu,Gig Worker,708,Skilled,eShram,2024-09-30
MOCK-UAN-2159-9365,37,Gujarat,Andhra Pradesh,Gig Worker,765,Skilled,PM-SYM,2026-07-11
MOCK-UAN-1832-4412,31,Maharashtra,Maharashtra,Gig Worker,502,Semi-skilled,None,2024-10-21
MOCK-UAN-6828-8753,27,Andhra Pradesh,Andhra Pradesh,Gig Worker,453,Unskilled,PM-SYM,2025-09-19
MOCK-UAN-7763-9021,44,Jharkhand,Jharkhand,Domestic Worker,878,Highly-skilled,Ayushman Bharat,2026-04-26
MOCK-UAN-2581-7170,22,West Bengal,Andhra Pradesh,Gig Worker,1087,Highly-skilled,PM-Kisan,2026-06-10
MOCK-UAN-1125-6805,36,Karnataka,Bihar,Agriculture,881,Highly-skilled,PM-Kisan,2026-03-01
MOCK-UAN-3565-4070,-3,Odisha,West Bengal,Construction,457,Semi-skilled,PM-Kisan,2026-06-03
MOCK-UAN-8673-8697,62,Andhra Pradesh,Odisha,Gig Worker,1034,Highly-skilled,None,2026-07-08
MOCK-UAN-2894-8480,55,Tamil Nadu,Odisha,Agriculture,878,Highly-skilled,None,2026-06-15
MOCK-UAN-9016-5634,64,Uttar Pradesh,Gujarat,Manufacturing,557,Skilled,None,2025-07-04
MOCK-UAN-8885-6503,56,West Bengal,Odisha,Construction,476,Semi-skilled,eShram,2026-03-20
MOCK-UAN-2907-9286,18,Bihar,Bihar,Domestic Worker,597,Skilled,Ayushman Bharat,2026-02-11
MOCK-UAN-5500-6191,46,Maharashtra,Karnataka,Agriculture,367,Unskilled,None,2025-01-03
MOCK-UAN-5990-2373,30,Bihar,Karnataka,Agriculture,353,Semi-skilled,None,2025-05-14
MOCK-UAN-5118-6258,35,Maharashtra,Jharkhand,Domestic Worker,301,Unskilled,eShram,2026-03-09
MOCK-UAN-7918-6228,24,Jharkhand,Jharkhand,Agriculture,931,Highly-skilled,eShram,2026-04-24
MOCK-UAN-7641-4671,30,Karnataka,Andhra Pradesh,Domestic Worker,609,Skilled,PM-SYM,2024-11-25
MOCK-UAN-2361-4022,27,Jharkhand,Karnataka,Construction,715,Skilled,PM-Kisan,2025-06-02
MOCK-UAN-6687-2382,23,West Bengal,West Bengal,Manufacturing,596,Skilled,eShram,2025-02-23
MOCK-UAN-6379-9311,31,Bihar,Bihar,Gig Worker,540,Semi-skilled,PM-Kisan,2026-01-22
MOCK-UAN-1430-4273,36,Andhra Pradesh,Andhra Pradesh,Construction,379,Unskilled,Ayushman Bharat,2026-03-16
MOCK-UAN-4749-7584,27,Karnataka,Karnataka,Agriculture,304,Unskilled,PM-Kisan,2025-06-18
MOCK-UAN-6149-3209,55,Karnataka,Jharkhand,Domestic Worker,580,Skilled,None,2026-04-01
MOCK-UAN-3507-7599,22,Karnataka,Karnataka,Agriculture,925,Highly-skilled,PM-Kisan,2025-02-14
MOCK-UAN-5642-3633,60,Odisha,Andhra Pradesh,Gig Worker,367,Unskilled,None,2026-04-04
MOCK-UAN-2662-9026,20,Uttar Pradesh,West Bengal,Domestic Worker,869,Highly-skilled,eShram,2026-01-15
MOCK-UAN-1807-7121,26,Bihar,Bihar,Manufacturing,273,Unskilled,eShram,2024-11-01
MOCK-UAN-4964-8914,21,Bihar,Uttar Pradesh,Construction,1017,Highly-skilled,eShram,2026-04-30
MOCK-UAN-2071-1848,18,Karnataka,Gujarat,Manufacturing,2500,Highly-skilled,None,2025-05-27
MOCK-UAN-1832-7637,35,West Bengal,Odisha,Domestic Worker,619,Skilled,Ayushman Bharat,2025-06-14
MOCK-UAN-5700-6590,21,Uttar Pradesh,Uttar Pradesh,Domestic Worker,901,Highly-skilled,Ayushman Bharat,2025-09-12
MOCK-UAN-7928-5799,38,Bihar,Gujarat,Gig Worker,915,Highly-skilled,None,2025-11-20
MOCK-UAN-8284-4889,24,Tamil Nadu,Gujarat,Agriculture,315,Unskilled,None,2026-03-21
MOCK-UAN-3990-2451,23,Jharkhand,Odisha,Construction,973,Highly-skilled,PM-Kisan,2025-04-10
MOCK-UAN-6338-9638,61,Tamil Nadu,West Bengal,Manufacturing,329,Unskilled,PM-SYM,2025-07-07
MOCK-UAN-7169-9271,65,West Bengal,Maharashtra,Agriculture,317,Semi-skilled,Ayushman Bharat,2025-03-21
MOCK-UAN-4027-9691,51,Karnataka,Andhra Pradesh,Agriculture,518,Semi-skilled,Ayushman Bharat,2024-12-08
MOCK-UAN-7460-3981,48,Jharkhand,Karnataka,Construction,463,Semi-skilled,PM-SYM,2024-11-20
MOCK-UAN-1170-9988,35,West Bengal,Jharkhand,Manufacturing,334,Unskilled,Ayushman Bharat,2026-06-24
MOCK-UAN-8662-2913,28,Bihar,Bihar,Manufacturing,487,Semi-skilled,None,2025-10-03
MOCK-UAN-4138-4950,63,Jharkhand,Jharkhand,Construction,906,Highly-skilled,PM-SYM,2025-01-08
MOCK-UAN-4656-8122,53,Odisha,Jharkhand,Domestic Worker,933,Highly-skilled,Ayushman Bharat,2026-04-21
MOCK-UAN-6877-3621,33,Tamil Nadu,Tamil Nadu,Agriculture,580,Skilled,PM-Kisan,2025-12-02
MOCK-UAN-4514-9455,37,Gujarat,Uttar Pradesh,Domestic Worker,196,Unskilled,None,2026-06-02
MOCK-UAN-3029-6190,38,Tamil Nadu,Maharashtra,Domestic Worker,958,Highly-skilled,PM-SYM,2026-08-03
MOCK-UAN-6297-2907,58,Andhra Pradesh,Tamil Nadu,Gig Worker,661,Skilled,PM-Kisan,2025-06-08
MOCK-UAN-9484-4427,30,Maharashtra,Maharashtra,Agriculture,857,Highly-skilled,PM-SYM,2025-12-17
MOCK-UAN-9961-6900,30,West Bengal,West Bengal,Agriculture,579,Skilled,PM-SYM,2026-03-04
MOCK-UAN-5425-8409,47,Jharkhand,West Bengal,Gig Worker,413,Unskilled,PM-Kisan,2025-02-04
MOCK-UAN-8488-2205,37,Andhra Pradesh,Andhra Pradesh,Agriculture,897,Highly-skilled,Ayushman Bharat,2024-11-07
MOCK-UAN-9877-2640,48,Maharashtra,Odisha,Domestic Worker,627,Skilled,None,2025-04-04
MOCK-UAN-7398-5791,28,Andhra Pradesh,Andhra Pradesh,Construction,283,Unskilled,PM-Kisan,2024-11-05
MOCK-UAN-6341-5128,-1,West Bengal,West Bengal,Agriculture,412,Semi-skilled,PM-SYM,2024-12-07
MOCK-UAN-2843-6974,54,Uttar Pradesh,Uttar Pradesh,Gig Worker,544,Semi-skilled,eShram,2025-06-22
MOCK-UAN-9768-5135,27,Karnataka,Karnataka,Domestic Worker,394,Unskilled,PM-SYM,2026-01-06
MOCK-UAN-7151-1849,62,Tamil Nadu,Tamil Nadu,Gig Worker,994,Highly-skilled,PM-SYM,2026-05-08
MOCK-UAN-9565-7660,65,Tamil Nadu,Tamil Nadu,Agriculture,504,Semi-skilled,None,2025-05-29
MOCK-UAN-7242-1910,40,Uttar Pradesh,Uttar Pradesh,Gig Worker,401,Unskilled,PM-Kisan,2024-10-26
MOCK-UAN-3725-7480,48,Bihar,Gujarat,Domestic Worker,575,Skilled,PM-SYM,2025-07-14
MOCK-UAN-7795-1954,50,Maharashtra,Maharashtra,Construction,937,Highly-skilled,eShram,2025-08-18
MOCK-UAN-7886-1784,18,Karnataka,Uttar Pradesh,Construction,941,Highly-skilled,None,2026-02-25
MOCK-UAN-7258-5419,34,Odisha,Odisha,Agriculture,630,Skilled,PM-Kisan,2025-05-09
MOCK-UAN-9723-9255,42,Odisha,Gujarat,Domestic Worker,368,Unskilled,PM-SYM,2026-06-20
MOCK-UAN-8262-7912,35,Gujarat,Bihar,Manufacturing,617,Skilled,PM-Kisan,2025-08-27
MOCK-UAN-3180-8759,34,Jharkhand,Jharkhand,Gig Worker,759,Skilled,PM-SYM,2025-02-18
MOCK-UAN-4941-5711,33,Karnataka,West Bengal,Agriculture,401,Semi-skilled,None,2026-06-04
MOCK-UAN-9399-7134,48,Tamil Nadu,Bihar,Manufacturing,279,Unskilled,eShram,2026-06-13
MOCK-UAN-4779-4852,26,Karnataka,Bihar,Manufacturing,413,Semi-skilled,PM-Kisan,2026-02-10
MOCK-UAN-2705-2973,47,Jharkhand,Jharkhand,Gig Worker,715,Skilled,PM-SYM,2025-03-12
MOCK-UAN-8879-5995,51,Bihar,Bihar,Gig Worker,532,Semi-skilled,Ayushman Bharat,2025-12-02
MOCK-UAN-7176-4717,56,West Bengal,Odisha,Construction,686,Skilled,Ayushman Bharat,2025-04-20
MOCK-UAN-5093-7468,21,Andhra Pradesh,Andhra Pradesh,Domestic Worker,553,Skilled,PM-Kisan,2025-04-22
MOCK-UAN-1107-7574,24,Karnataka,Maharashtra,Domestic Worker,452,Semi-skilled,PM-SYM,2025-12-25
MOCK-UAN-2853-4927,37,West Bengal,West Bengal,Agriculture,8,Highly-skilled,PM-Kisan,2025-11-17
MOCK-UAN-2842-1196,33,Jharkhand,Maharashtra,Agriculture,196,Unskilled,PM-SYM,2026-01-26
MOCK-UAN-3624-2357,15,Odisha,Odisha,Agriculture,2500,Highly-skilled,eShram,2025-05-09
MOCK-UAN-1154-1069,57,Uttar Pradesh,Tamil Nadu,Gig Worker,985,Highly-skilled,PM-Kisan,2024-12-27
MOCK-UAN-2147-2915,55,Tamil Nadu,Maharashtra,Manufacturing,198,Unskilled,None,2026-08-30
MOCK-UAN-4803-5331,20,Tamil Nadu,Tamil Nadu,Construction,507,Semi-skilled,PM-SYM,2024-11-01
MOCK-UAN-4049-4817,54,Tamil Nadu,West Bengal,Domestic Worker,6,Unskilled,PM-Kisan,2025-03-08
MOCK-UAN-3020-7700,49,Bihar,Maharashtra,Domestic Worker,895,Highly-skilled,PM-Kisan,2024-11-21
MOCK-UAN-6460-6042,53,Bihar,Maharashtra,Gig Worker,599,Semi-skilled,Ayushman Bharat,2025-02-21
MOCK-UAN-6163-7643,21,Jharkhand,Maharashtra,Agriculture,937,Highly-skilled,Ayushman Bharat,2025-10-25
MOCK-UAN-9633-8864,54,Jharkhand,Jharkhand,Construction,664,Skilled,Ayushman Bharat,2024-11-27
MOCK-UAN-1888-4418,62,Tamil Nadu,Tamil Nadu,Domestic Worker,922,Highly-skilled,PM-Kisan,2025-12-27
MOCK-UAN-9882-1264,53,Karnataka,Uttar Pradesh,Construction,944,Highly-skilled,PM-Kisan,2025-11-17
MOCK-UAN-8721-4667,14,Maharashtra,Uttar Pradesh,Domestic Worker,2500,Highly-skilled,PM-Kisan,2026-05-08
MOCK-UAN-9056-4033,19,Jharkhand,Gujarat,Gig Worker,326,Unskilled,PM-SYM,2025-07-21
MOCK-UAN-2576-2943,34,Gujarat,Bihar,Gig Worker,556,Semi-skilled,eShram,2024-11-29
MOCK-UAN-8053-4258,61,Uttar Pradesh,Maharashtra,Agriculture,453,Semi-skilled,Ayushman Bharat,2026-04-09
MOCK-UAN-2629-8615,43,Jharkhand,Jharkhand,Domestic Worker,640,Skilled,PM-SYM,2024-09-21
MOCK-UAN-1110-2157,44,Uttar Pradesh,Uttar Pradesh,Agriculture,257,Unskilled,eShram,2026-06-05
MOCK-UAN-7557-3120,25,Bihar,Odisha,Construction,862,Highly-skilled,PM-Kisan,2024-10-22
MOCK-UAN-9253-2309,24,Uttar Pradesh,Uttar Pradesh,Gig Worker,407,Unskilled,PM-Kisan,2026-04-28
MOCK-UAN-3778-1001,42,Jharkhand,Jharkhand,Agriculture,614,Skilled,PM-SYM,2026-03-09
MOCK-UAN-1342-2133,60,Gujarat,Gujarat,Agriculture,374,Unskilled,Ayushman Bharat,2024-10-03
MOCK-UAN-7028-9101,65,Tamil Nadu,Bihar,Construction,436,Semi-skilled,Ayushman Bharat,2026-04-20
MOCK-UAN-4640-2536,34,Odisha,Jharkhand,Domestic Worker,507,Semi-skilled,eShram,2025-04-15
MOCK-UAN-7577-4968,35,Karnataka,Karnataka,Gig Worker,1118,Highly-skilled,eShram,2025-06-18
MOCK-UAN-2706-4824,54,Bihar,Maharashtra,Manufacturing,881,Highly-skilled,eShram,2024-09-20
MOCK-UAN-3215-5128,18,Maharashtra,Odisha,Construction,285,Unskilled,eShram,2026-07-27
MOCK-UAN-5706-1150,45,Uttar Pradesh,Uttar Pradesh,Manufacturing,879,Highly-skilled,None,2025-09-24
MOCK-UAN-9060-3391,48,Karnataka,Karnataka,Agriculture,450,Semi-skilled,eShram,2026-04-21
MOCK-UAN-7282-6316,65,Tamil Nadu,Uttar Pradesh,Construction,678,Skilled,PM-Kisan,2026-06-27
MOCK-UAN-7030-1018,31,West Bengal,Andhra Pradesh,Gig Worker,370,Unskilled,PM-Kisan,2026-05-07
MOCK-UAN-7327-5453,37,Tamil Nadu,Maharashtra,Construction,427,Unskilled,None,2025-11-25
MOCK-UAN-1869-5700,57,Uttar Pradesh,Karnataka,Manufacturing,544,Skilled,Ayushman Bharat,2025-11-06
MOCK-UAN-2091-6430,47,Bihar,Maharashtra,Gig Worker,313,Unskilled,PM-SYM,2025-02-02
MOCK-UAN-4320-5551,54,Jharkhand,Jharkhand,Agriculture,655,Skilled,Ayushman Bharat,2025-08-16
MOCK-UAN-1676-8787,37,Jharkhand,Jharkhand,Domestic Worker,336,Semi-skilled,PM-Kisan,2025-06-22
MOCK-UAN-5486-5390,19,Andhra Pradesh,Bihar,Agriculture,889,Highly-skilled,PM-Kisan,2026-04-28
MOCK-UAN-8767-1825,32,Gujarat,Gujarat,Domestic Worker,1055,Highly-skilled,Ayushman Bharat,2026-04-27
MOCK-UAN-7599-7662,61,West Bengal,West Bengal,Gig Worker,999,Highly-skilled,PM-Kisan,2026-01-26
MOCK-UAN-8435-4833,36,West Bengal,West Bengal,Agriculture,843,Highly-skilled,eShram,2025-09-19
MOCK-UAN-3106-4270,14,Bihar,Karnataka,Construction,2500,Highly-skilled,None,2026-05-15
MOCK-UAN-2126-6128,47,Tamil Nadu,Andhra Pradesh,Construction,347,Unskilled,Ayushman Bharat,2025-07-26
MOCK-UAN-6894-2040,29,Uttar Pradesh,Uttar Pradesh,Manufacturing,458,Semi-skilled,None,2026-08-10
MOCK-UAN-9863-5394,50,Andhra Pradesh,Andhra Pradesh,Gig Worker,433,Unskilled,eShram,2025-03-06
MOCK-UAN-9495-9096,59,Andhra Pradesh,Odisha,Domestic Worker,848,Highly-skilled,PM-SYM,2026-01-18
MOCK-UAN-4843-3456,60,Jharkhand,Andhra Pradesh,Domestic Worker,384,Unskilled,Ayushman Bharat,2025-09-19
MOCK-UAN-3601-3912,27,Jharkhand,Maharashtra,Manufacturing,312,Unskilled,PM-SYM,2025-12-23
MOCK-UAN-5688-3357,43,Odisha,Odisha,Domestic Worker,486,Semi-skilled,eShram,2024-11-15
MOCK-UAN-2310-3228,35,Jharkhand,Odisha,Gig Worker,368,Unskilled,None,2024-12-04
MOCK-UAN-5435-6436,43,Karnataka,Odisha,Agriculture,964,Highly-skilled,eShram,2026-06-24
MOCK-UAN-5766-5772,48,Karnataka,Gujarat,Manufacturing,437,Semi-skilled,eShram,2026-07-07
MOCK-UAN-1795-3521,-3,Maharashtra,Maharashtra,Construction,363,Unskilled,PM-Kisan,2025-04-20
MOCK-UAN-8959-5296,18,Maharashtra,Maharashtra,Manufacturing,553,Skilled,None,2025-06-16
MOCK-UAN-2407-9817,51,Bihar,Bihar,Agriculture,850,Highly-skilled,None,2026-08-07
MOCK-UAN-7081-2360,41,Andhra Pradesh,Odisha,Manufacturing,634,Skilled,Ayushman Bharat,2026-05-30
MOCK-UAN-2408-5961,25,Tamil Nadu,Karnataka,Gig Worker,977,Highly-skilled,PM-SYM,2026-04-03
MOCK-UAN-1444-9989,40,Uttar Pradesh,Uttar Pradesh,Gig Worker,357,Unskilled,eShram,2025-02-08
MOCK-UAN-4636-7063,38,Tamil Nadu,Gujarat,Gig Worker,967,Highly-skilled,eShram,2024-09-26
MOCK-UAN-6316-7781,19,Andhra Pradesh,Andhra Pradesh,Agriculture,484,Semi-skilled,PM-SYM,2026-05-19
MOCK-UAN-9057-5043,57,Gujarat,Andhra Pradesh,Manufacturing,268,Unskilled,PM-SYM,2025-10-18
MOCK-UAN-1361-2633,65,Bihar,Bihar,Construction,494,Semi-skilled,eShram,2025-02-28
MOCK-UAN-3613-5092,40,Uttar Pradesh,West Bengal,Agriculture,600,Skilled,eShram,2025-11-29
MOCK-UAN-6488-7539,20,Jharkhand,Tamil Nadu,Construction,404,Semi-skilled,PM-SYM,2025-10-24
MOCK-UAN-9327-3708,34,Tamil Nadu,Karnataka,Gig Worker,476,Semi-skilled,eShram,2026-06-12
MOCK-UAN-3344-5560,62,West Bengal,West Bengal,Gig Worker,1016,Highly-skilled,PM-SYM,2026-05-19
MOCK-UAN-7224-1888,47,Odisha,Bihar,Construction,613,Skilled,PM-SYM,2025-09-11
MOCK-UAN-8532-2142,58,Andhra Pradesh,Andhra Pradesh,Domestic Worker,352,Unskilled,None,2025-09-29
MOCK-UAN-6593-9728,41,Bihar,Bihar,Gig Worker,598,Semi-skilled,PM-SYM,2026-06-12
MOCK-UAN-4892-5459,27,Uttar Pradesh,Uttar Pradesh,Agriculture,335,Unskilled,PM-SYM,2025-08-07
MOCK-UAN-3791-9723,18,Andhra Pradesh,Andhra Pradesh,Manufacturing,690,Skilled,PM-Kisan,2025-05-22
MOCK-UAN-8482-4468,61,Jharkhand,Karnataka,Agriculture,445,Semi-skilled,PM-Kisan,2026-05-11
MOCK-UAN-9653-7744,50,Andhra Pradesh,Karnataka,Manufacturing,482,Semi-skilled,PM-SYM,2024-10-19
MOCK-UAN-8308-7599,35,Jharkhand,Jharkhand,Domestic Worker,570,Skilled,Ayushman Bharat,2025-02-07
MOCK-UAN-3921-9849,23,West Bengal,West Bengal,Gig Worker,822,Skilled,Ayushman Bharat,2024-12-08
MOCK-UAN-7151-7476,64,Odisha,West Bengal,Gig Worker,1099,Highly-skilled,eShram,2026-05-28
MOCK-UAN-4034-2842,33,Gujarat,Gujarat,Construction,950,Highly-skilled,None,2026-06-13
MOCK-UAN-4749-2214,44,Tamil Nadu,Tamil Nadu,Construction,519,Semi-skilled,Ayushman Bharat,2024-11-15
MOCK-UAN-1162-4422,37,Bihar,Bihar,Manufacturing,367,Unskilled,PM-Kisan,2025-05-16
MOCK-UAN-4548-9515,-5,Uttar Pradesh,West Bengal,Construction,642,Skilled,eShram,2024-10-29
MOCK-UAN-7943-7623,64,Uttar Pradesh,Odisha,Manufacturing,417,Semi-skilled,Ayushman Bharat,2026-08-31
MOCK-UAN-5392-5083,18,Bihar,Bihar,Gig Worker,1043,Highly-skilled,PM-Kisan,2026-06-11
MOCK-UAN-5119-4247,25,West Bengal,Andhra Pradesh,Agriculture,303,Unskilled,PM-Kisan,2026-03-31
MOCK-UAN-3401-2069,44,Jharkhand,Jharkhand,Domestic Worker,459,Semi-skilled,eShram,2025-03-19
MOCK-UAN-9528-5828,58,Andhra Pradesh,Andhra Pradesh,Manufacturing,558,Skilled,PM-Kisan,2025-04-06
MOCK-UAN-5341-2310,44,Jharkhand,Jharkhand,Gig Worker,614,Skilled,eShram,2026-02-19
MOCK-UAN-6050-1421,26,Odisha,Maharashtra,Gig Worker,561,Semi-skilled,eShram,2026-01-18
MOCK-UAN-1335-4391,55,Jharkhand,Jharkhand,Domestic Worker,345,Unskilled,None,2025-08-15
MOCK-UAN-1619-7364,34,Maharashtra,Maharashtra,Domestic Worker,588,Skilled,Ayushman Bharat,2025-05-23
MOCK-UAN-4867-2843,51,Andhra Pradesh,Uttar Pradesh,Construction,1021,Highly-skilled,None,2025-05-07
MOCK-UAN-6177-1378,49,Karnataka,Bihar,Domestic Worker,564,Skilled,PM-Kisan,2025-05-14
MOCK-UAN-8527-6927,33,Maharashtra,Tamil Nadu,Construction,597,Skilled,eShram,2025-03-31
MOCK-UAN-5355-5059,30,Tamil Nadu,Tamil Nadu,Manufacturing,596,Skilled,Ayushman Bharat,2025-05-22
MOCK-UAN-9479-1328,28,Tamil Nadu,Tamil Nadu,Manufacturing,295,Unskilled,eShram,2026-01-12
MOCK-UAN-1078-7449,42,Uttar Pradesh,Uttar Pradesh,Domestic Worker,638,Skilled,None,2026-01-22
MOCK-UAN-7174-9440,56,Jharkhand,Odisha,Agriculture,561,Skilled,PM-SYM,2025-02-12
MOCK-UAN-1864-2561,24,West Bengal,West Bengal,Manufacturing,368,Unskilled,None,2025-05-04
MOCK-UAN-9139-1196,62,Tamil Nadu,Gujarat,Manufacturing,698,Skilled,PM-SYM,2025-08-23
MOCK-UAN-2462-5559,29,Maharashtra,Maharashtra,Domestic Worker,898,Highly-skilled,PM-SYM,2025-07-25
MOCK-UAN-5995-3047,32,West Bengal,Tamil Nadu,Domestic Worker,362,Unskilled,Ayushman Bharat,2026-04-22
MOCK-UAN-2988-1407,40,Andhra Pradesh,Andhra Pradesh,Agriculture,397,Semi-skilled,PM-Kisan,2024-12-28
MOCK-UAN-6197-9258,62,Andhra Pradesh,Andhra Pradesh,Domestic Worker,353,Unskilled,PM-SYM,2026-06-25
MOCK-UAN-4710-6431,40,Bihar,Maharashtra,Manufacturing,502,Semi-skilled,Ayushman Bharat,2026-09-10
MOCK-UAN-6217-7820,41,West Bengal,Karnataka,Manufacturing,493,Semi-skilled,Ayushman Bharat,2026-03-16
MOCK-UAN-6849-9172,26,Jharkhand,Andhra Pradesh,Construction,349,Unskilled,None,2026-05-17
MOCK-UAN-5943-8149,48,Karnataka,Karnataka,Manufacturing,152,Unskilled,PM-Kisan,2025-05-08
MOCK-UAN-8201-8313,39,Tamil Nadu,Tamil Nadu,Manufacturing,567,Skilled,eShram,2024-12-30
MOCK-UAN-4103-7274,42,Karnataka,Karnataka,Construction,918,Highly-skilled,eShram,2025-09-16
MOCK-UAN-3931-3215,56,Maharashtra,Maharashtra,Domestic Worker,851,Highly-skilled,eShram,2026-04-26
MOCK-UAN-9787-8804,58,Odisha,Karnataka,Agriculture,456,Semi-skilled,None,2025-04-07
MOCK-UAN-2274-6359,51,Gujarat,Andhra Pradesh,Manufacturing,279,Unskilled,eShram,2026-03-05
MOCK-UAN-5127-8798,60,Karnataka,Karnataka,Domestic Worker,558,Skilled,Ayushman Bharat,2026-06-28
MOCK-UAN-8274-5262,40,Maharashtra,Maharashtra,Agriculture,247,Unskilled,PM-SYM,2025-03-23
MOCK-UAN-7684-5911,44,Jharkhand,Jharkhand,Domestic Worker,564,Skilled,PM-SYM,2025-10-04
MOCK-UAN-8475-3551,64,Andhra Pradesh,Tamil Nadu,Manufacturing,656,Skilled,PM-SYM,2026-09-13
MOCK-UAN-1264-4664,48,Tamil Nadu,Karnataka,Construction,616,Skilled,Ayushman Bharat,2026-01-29
MOCK-UAN-5548-8871,50,Karnataka,Karnataka,Gig Worker,524,Semi-skilled,None,2025-03-14
MOCK-UAN-4887-6925,49,Gujarat,Gujarat,Domestic Worker,577,Skilled,None,2025-05-07
MOCK-UAN-2006-6123,36,Karnataka,West Bengal,Agriculture,316,Unskilled,None,2026-03-07
MOCK-UAN-5632-5550,51,Odisha,Odisha,Construction,672,Skilled,PM-SYM,2026-07-20
MOCK-UAN-1232-1284,53,Andhra Pradesh,Uttar Pradesh,Agriculture,297,Semi-skilled,Ayushman Bharat,2025-06-27
MOCK-UAN-8719-1547,64,Karnataka,Karnataka,Construction,551,Semi-skilled,Ayushman Bharat,2025-09-25
MOCK-UAN-1516-8505,58,Maharashtra,Gujarat,Gig Worker,1071,Highly-skilled,Ayushman Bharat,2026-04-18
MOCK-UAN-2989-5026,30,Andhra Pradesh,Andhra Pradesh,Agriculture,397,Semi-skilled,PM-Kisan,2026-06-16
MOCK-UAN-6763-4094,47,Uttar Pradesh,Jharkhand,Manufacturing,251,Unskilled,PM-SYM,2025-02-27
MOCK-UAN-7940-8198,35,Tamil Nadu,Tamil Nadu,Domestic Worker,877,Highly-skilled,PM-SYM,2026-03-03
MOCK-UAN-5220-3141,19,Gujarat,Uttar Pradesh,Domestic Worker,862,Highly-skilled,PM-Kisan,2025-01-25
MOCK-UAN-1506-3635,53,Jharkhand,Uttar Pradesh,Manufacturing,611,Skilled,Ayushman Bharat,2025-04-26
MOCK-UAN-9819-5703,15,Andhra Pradesh,Maharashtra,Agriculture,2500,Highly-skilled,Ayushman Bharat,2026-01-05
MOCK-UAN-7414-2028,56,Tamil Nadu,Tamil Nadu,Manufacturing,844,Highly-skilled,eShram,2025-03-28
MOCK-UAN-5730-5979,24,West Bengal,Andhra Pradesh,Manufacturing,376,Unskilled,PM-SYM,2025-04-15
MOCK-UAN-4272-6649,22,Uttar Pradesh,Gujarat,Agriculture,853,Highly-skilled,None,2025-09-26
MOCK-UAN-9794-6288,37,Karnataka,Andhra Pradesh,Manufacturing,512,Semi-skilled,Ayushman Bharat,2026-02-19
MOCK-UAN-8936-4472,47,Andhra Pradesh,Andhra Pradesh,Gig Worker,417,Unskilled,PM-Kisan,2026-01-16
MOCK-UAN-2977-8839,34,Maharashtra,Karnataka,Agriculture,8,Unskilled,None,2025-02-25
MOCK-UAN-4035-6899,41,Bihar,Odisha,Domestic Worker,631,Skilled,PM-SYM,2025-01-20
MOCK-UAN-1252-2520,18,Bihar,Karnataka,Gig Worker,394,Unskilled,PM-SYM,2026-07-30
MOCK-UAN-2673-1493,46,Maharashtra,Tamil Nadu,Domestic Worker,427,Semi-skilled,Ayushman Bharat,2024-09-15
MOCK-UAN-1596-7937,61,Andhra Pradesh,West Bengal,Construction,962,Highly-skilled,eShram,2026-05-17
MOCK-UAN-4104-5256,38,Andhra Pradesh,Andhra Pradesh,Domestic Worker,473,Semi-skilled,PM-SYM,2025-03-09
MOCK-UAN-7550-5657,58,Maharashtra,Maharashtra,Manufacturing,635,Skilled,eShram,2025-02-14
MOCK-UAN-9056-9365,32,Andhra Pradesh,Maharashtra,Construction,708,Skilled,Ayushman Bharat,2025-04-12
MOCK-UAN-4226-4930,28,Bihar,Andhra Pradesh,Construction,520,Semi-skilled,PM-Kisan,2025-10-13
MOCK-UAN-9419-3663,26,Gujarat,Jharkhand,Gig Worker,631,Skilled,None,2025-04-14
MOCK-UAN-2608-5633,49,Tamil Nadu,West Bengal,Domestic Worker,426,Semi-skilled,eShram,2025-09-15
MOCK-UAN-4430-2159,52,Uttar Pradesh,Tamil Nadu,Manufacturing,447,Unskilled,Ayushman Bharat,2026-02-23
MOCK-UAN-6503-7421,30,Uttar Pradesh,Karnataka,Domestic Worker,336,Unskilled,PM-SYM,2026-01-11
MOCK-UAN-1949-9930,65,Gujarat,Gujarat,Manufacturing,718,Skilled,Ayushman Bharat,2024-10-25
MOCK-UAN-1439-1847,27,Maharashtra,Tamil Nadu,Construction,719,Skilled,PM-SYM,2026-01-10
MOCK-UAN-5132-3347,23,Andhra Pradesh,Uttar Pradesh,Agriculture,312,Unskilled,eShram,2026-06-09
MOCK-UAN-9044-3446,27,Odisha,West Bengal,Construction,15993,Highly-skilled,None,2026-03-23
MOCK-UAN-9309-6300,57,Odisha,Jharkhand,Domestic Worker,448,Semi-skilled,PM-SYM,2026-01-01
MOCK-UAN-8028-1951,32,West Bengal,West Bengal,Agriculture,813,Highly-skilled,PM-Kisan,2025-05-26
MOCK-UAN-2374-7491,25,Tamil Nadu,Tamil Nadu,Construction,350,Unskilled,PM-Kisan,2026-04-11
MOCK-UAN-1560-1214,59,Karnataka,Gujarat,Construction,410,Unskilled,Ayushman Bharat,2024-10-07
MOCK-UAN-8058-8403,19,Maharashtra,West Bengal,Construction,320,Unskilled,PM-Kisan,2025-01-27
MOCK-UAN-4130-8918,37,Gujarat,Gujarat,Manufacturing,470,Semi-skilled,eShram,2026-07-25
MOCK-UAN-1708-8335,34,Karnataka,Bihar,Domestic Worker,492,Semi-skilled,PM-Kisan,2025-04-24
MOCK-UAN-6229-4760,18,Bihar,Tamil Nadu,Domestic Worker,854,Highly-skilled,PM-SYM,2026-05-16
MOCK-UAN-6358-2958,24,Karnataka,Uttar Pradesh,Construction,477,Semi-skilled,Ayushman Bharat,2025-03-16
MOCK-UAN-8475-6229,58,Gujarat,Bihar,Construction,299,Unskilled,PM-SYM,2026-01-04
MOCK-UAN-1039-3986,46,Odisha,Jharkhand,Manufacturing,258,Unskilled,Ayushman Bharat,2025-05-20
MOCK-UAN-2359-1082,32,Odisha,Odisha,Agriculture,235,Unskilled,PM-SYM,2024-11-14
MOCK-UAN-6113-6574,31,Odisha,Karnataka,Agriculture,404,Semi-skilled,eShram,2024-12-19
MOCK-UAN-9208-2582,23,Tamil Nadu,Tamil Nadu,Manufacturing,370,Unskilled,eShram,2025-10-16
MOCK-UAN-8270-9556,59,Odisha,Karnataka,Domestic Worker,404,Semi-skilled,PM-Kisan,2024-11-14
MOCK-UAN-4938-7261,60,West Bengal,Odisha,Construction,956,Highly-skilled,eShram,2026-06-04
MOCK-UAN-4566-2109,23,Tamil Nadu,Tamil Nadu,Gig Worker,674,Skilled,PM-SYM,2026-03-20
MOCK-UAN-4487-5565,60,Jharkhand,Bihar,Gig Worker,458,Unskilled,PM-Kisan,2025-03-21
MOCK-UAN-3758-2548,34,Tamil Nadu,West Bengal,Construction,715,Skilled,Ayushman Bharat,2025-05-27
MOCK-UAN-2529-3520,38,Odisha,Odisha,Agriculture,493,Semi-skilled,eShram,2026-08-28
MOCK-UAN-4526-4006,-3,Andhra Pradesh,Andhra Pradesh,Domestic Worker,315,Unskilled,PM-SYM,2025-08-19
MOCK-UAN-1486-9983,55,West Bengal,West Bengal,Domestic Worker,588,Skilled,PM-SYM,2026-03-22
MOCK-UAN-2353-7640,58,Karnataka,Maharashtra,Manufacturing,390,Semi-skilled,Ayushman Bharat,2024-12-26
MOCK-UAN-1716-8603,31,West Bengal,Tamil Nadu,Gig Worker,797,Skilled,eShram,2025-09-20
MOCK-UAN-5677-2169,40,Uttar Pradesh,Uttar Pradesh,Construction,612,Skilled,None,2024-12-21
MOCK-UAN-7017-6228,44,Maharashtra,Maharashtra,Domestic Worker,333,Unskilled,PM-SYM,2026-03-01
MOCK-UAN-2593-6343,23,Maharashtra,Maharashtra,Construction,402,Unskilled,None,2025-03-27
MOCK-UAN-7851-2581,29,Odisha,Odisha,Gig Worker,972,Highly-skilled,eShram,2026-08-16
MOCK-UAN-4733-7345,25,West Bengal,West Bengal,Agriculture,951,Highly-skilled,PM-Kisan,2026-01-05
MOCK-UAN-5706-3158,30,Karnataka,Odisha,Agriculture,338,Unskilled,None,2026-04-14
MOCK-UAN-6039-8549,41,Tamil Nadu,Andhra Pradesh,Gig Worker,636,Semi-skilled,Ayushman Bharat,2026-06-24
MOCK-UAN-2726-3920,32,Jharkhand,Andhra Pradesh,Construction,326,Unskilled,eShram,2025-06-14
MOCK-UAN-5589-2739,58,Tamil Nadu,Tamil Nadu,Gig Worker,485,Semi-skilled,PM-SYM,2025-03-04
MOCK-UAN-7074-2245,24,Andhra Pradesh,Bihar,Domestic Worker,574,Skilled,PM-SYM,2025-10-17
MOCK-UAN-7105-4711,15,Gujarat,Gujarat,Agriculture,2500,Highly-skilled,PM-SYM,2026-03-30
MOCK-UAN-5936-6738,26,West Bengal,Gujarat,Domestic Worker,452,Semi-skilled,PM-SYM,2026-01-23
MOCK-UAN-5294-9063,64,Andhra Pradesh,Andhra Pradesh,Agriculture,580,Skilled,eShram,2025-02-04
MOCK-UAN-5325-9944,55,Karnataka,Maharashtra,Domestic Worker,204,Unskilled,None,2025-06-10
MOCK-UAN-2350-7849,38,West Bengal,Bihar,Agriculture,473,Semi-skilled,PM-Kisan,2025-04-25
MOCK-UAN-6506-5864,25,Gujarat,Tamil Nadu,Gig Worker,498,Unskilled,Ayushman Bharat,2025-07-23
MOCK-UAN-8623-6649,59,Odisha,Bihar,Domestic Worker,923,Highly-skilled,eShram,2025-02-01
MOCK-UAN-4426-4257,38,Andhra Pradesh,Andhra Pradesh,Agriculture,330,Unskilled,PM-SYM,2025-01-23
MOCK-UAN-5257-9392,59,Bihar,Karnataka,Domestic Worker,628,Skilled,eShram,2024-10-10
MOCK-UAN-7776-1113,39,Odisha,Maharashtra,Gig Worker,419,Unskilled,PM-Kisan,2026-01-01
MOCK-UAN-7576-7139,43,Maharashtra,Maharashtra,Domestic Worker,496,Semi-skilled,Ayushman Bharat,2025-11-07
MOCK-UAN-3579-9616,46,Gujarat,West Bengal,Manufacturing,319,Unskilled,eShram,2026-02-15
MOCK-UAN-2908-1352,26,Andhra Pradesh,Tamil Nadu,Construction,484,Semi-skilled,PM-Kisan,2026-05-11
MOCK-UAN-7874-6452,59,Andhra Pradesh,Uttar Pradesh,Construction,310,Unskilled,PM-Kisan,2025-08-04
MOCK-UAN-3607-6191,51,Uttar Pradesh,Uttar Pradesh,Gig Worker,387,Unskilled,PM-Kisan,2026-07-02
MOCK-UAN-3066-1869,47,Karnataka,Odisha,Manufacturing,315,Unskilled,eShram,2025-09-12
MOCK-UAN-4805-8783,50,Bihar,Karnataka,Domestic Worker,284,Unskilled,PM-Kisan,2025-04-06
MOCK-UAN-9199-7075,41,Karnataka,Karnataka,Domestic Worker,915,Highly-skilled,Ayushman Bharat,2026-04-07
MOCK-UAN-1011-9556,-5,Jharkhand,Jharkhand,Gig Worker,1021,Highly-skilled,PM-SYM,2026-05-23
MOCK-UAN-8195-3413,44,Andhra Pradesh,West Bengal,Manufacturing,491,Semi-skilled,PM-Kisan,2026-05-23
MOCK-UAN-8710-3405,51,Jharkhand,Jharkhand,Agriculture,364,Unskilled,PM-Kisan,2025-12-31
MOCK-UAN-7595-9298,20,Uttar Pradesh,Odisha,Manufacturing,453,Semi-skilled,Ayushman Bharat,2026-04-21
MOCK-UAN-8208-3531,62,Uttar Pradesh,Gujarat,Agriculture,234,Unskilled,Ayushman Bharat,2025-04-13
MOCK-UAN-7232-8582,29,West Bengal,West Bengal,Gig Worker,682,Skilled,None,2025-11-27
MOCK-UAN-6702-6443,39,Bihar,Gujarat,Domestic Worker,452,Semi-skilled,PM-SYM,2025-06-17
MOCK-UAN-1928-6658,32,Jharkhand,Uttar Pradesh,Construction,558,Skilled,eShram,2024-11-01
MOCK-UAN-9379-7235,41,Uttar Pradesh,Maharashtra,Domestic Worker,369,Unskilled,None,2026-05-10
MOCK-UAN-3841-6958,23,West Bengal,West Bengal,Manufacturing,907,Highly-skilled,Ayushman Bharat,2026-07-29
MOCK-UAN-8770-2658,46,Tamil Nadu,Tamil Nadu,Gig Worker,719,Skilled,PM-SYM,2026-06-05
MOCK-UAN-6744-9470,42,Bihar,Bihar,Gig Worker,618,Semi-skilled,Ayushman Bharat,2026-01-09
MOCK-UAN-6964-1697,21,Uttar Pradesh,Bihar,Domestic Worker,568,Skilled,PM-SYM,2024-09-24
MOCK-UAN-8030-1594,30,Andhra Pradesh,Andhra Pradesh,Domestic Worker,628,Skilled,eShram,2025-10-05
MOCK-UAN-5530-9621,43,Bihar,Karnataka,Agriculture,894,Highly-skilled,PM-Kisan,2025-03-31
MOCK-UAN-1507-5207,53,Gujarat,Gujarat,Gig Worker,690,Skilled,PM-SYM,2025-04-07
MOCK-UAN-8778-1269,46,West Bengal,Maharashtra,Gig Worker,361,Unskilled,PM-SYM,2026-05-21
MOCK-UAN-1925-8068,62,Andhra Pradesh,Andhra Pradesh,Domestic Worker,533,Semi-skilled,PM-SYM,2026-01-13
MOCK-UAN-7874-5478,59,Gujarat,Tamil Nadu,Manufacturing,581,Skilled,eShram,2024-09-15
MOCK-UAN-2002-9733,20,Andhra Pradesh,Andhra Pradesh,Construction,534,Semi-skilled,None,2024-09-19
MOCK-UAN-4032-2019,25,Bihar,Bihar,Construction,856,Highly-skilled,PM-Kisan,2026-04-09
MOCK-UAN-1076-1657,55,Andhra Pradesh,Andhra Pradesh,Gig Worker,608,Semi-skilled,eShram,2025-11-07
MOCK-UAN-7777-4660,63,Uttar Pradesh,Tamil Nadu,Agriculture,352,Unskilled,Ayushman Bharat,2024-10-19
MOCK-UAN-5809-3413,59,Tamil Nadu,Tamil Nadu,Gig Worker,554,Semi-skilled,PM-SYM,2026-06-21
MOCK-UAN-6353-3133,19,Karnataka,Karnataka,Agriculture,438,Semi-skilled,Ayushman Bharat,2026-04-19
MOCK-UAN-6985-7883,25,West Bengal,West Bengal,Gig Worker,1020,Highly-skilled,PM-SYM,2025-01-20
MOCK-UAN-8439-8871,37,Uttar Pradesh,Karnataka,Manufacturing,564,Semi-skilled,PM-SYM,2025-07-05
MOCK-UAN-9430-6011,61,West Bengal,West Bengal,Agriculture,811,Highly-skilled,PM-SYM,2025-11-25
MOCK-UAN-4660-7902,64,Bihar,Gujarat,Manufacturing,489,Semi-skilled,None,2026-03-16
MOCK-UAN-2048-5231,60,Bihar,Bihar,Agriculture,254,Unskilled,PM-SYM,2026-06-27
MOCK-UAN-8458-1227,18,Uttar Pradesh,Uttar Pradesh,Construction,949,Highly-skilled,eShram,2026-07-03
MOCK-UAN-6473-2484,24,Jharkhand,Karnataka,Construction,487,Semi-skilled,PM-SYM,2026-03-03
MOCK-UAN-6556-6395,46,Andhra Pradesh,Bihar,Construction,928,Highly-skilled,PM-SYM,2026-07-23
MOCK-UAN-7063-5868,14,Tamil Nadu,Tamil Nadu,Agriculture,2500,Highly-skilled,Ayushman Bharat,2025-05-15
MOCK-UAN-5925-3544,19,Gujarat,Tamil Nadu,Agriculture,543,Skilled,PM-SYM,2026-03-31
MOCK-UAN-6193-3550,59,West Bengal,Bihar,Agriculture,651,Skilled,PM-Kisan,2026-07-06
MOCK-UAN-7980-4097,18,West Bengal,Karnataka,Manufacturing,360,Semi-skilled,Ayushman Bharat,2025-01-09
MOCK-UAN-9205-4748,30,West Bengal,West Bengal,Domestic Worker,626,Skilled,eShram,2025-07-21
MOCK-UAN-2287-1555,29,Gujarat,Odisha,Manufacturing,583,Skilled,PM-Kisan,2025-04-27
MOCK-UAN-5227-8952,18,Karnataka,Tamil Nadu,Agriculture,541,Skilled,eShram,2026-03-15
MOCK-UAN-3790-3552,33,Uttar Pradesh,Bihar,Manufacturing,310,Unskilled,PM-Kisan,2026-08-26
MOCK-UAN-8950-6001,31,West Bengal,Karnataka,Domestic Worker,372,Semi-skilled,PM-Kisan,2025-02-24
MOCK-UAN-9510-8411,42,West Bengal,West Bengal,Manufacturing,301,Unskilled,PM-SYM,2026-04-10
MOCK-UAN-8158-3587,55,Odisha,West Bengal,Manufacturing,378,Semi-skilled,Ayushman Bharat,2025-09-16
MOCK-UAN-3781-4672,42,Maharashtra,Maharashtra,Gig Worker,723,Skilled,PM-Kisan,2025-07-06
MOCK-UAN-9926-2211,24,Uttar Pradesh,Uttar Pradesh,Manufacturing,553,Skilled,PM-Kisan,2025-12-29
MOCK-UAN-9711-7695,52,West Bengal,Andhra Pradesh,Manufacturing,577,Skilled,Ayushman Bharat,2026-05-15
MOCK-UAN-2218-9637,65,Karnataka,Karnataka,Construction,364,Unskilled,PM-SYM,2026-04-11
MOCK-UAN-3189-8779,38,Bihar,Maharashtra,Domestic Worker,861,Highly-skilled,eShram,2025-01-24
MOCK-UAN-6011-9066,62,West Bengal,West Bengal,Gig Worker,997,Highly-skilled,PM-SYM,2026-06-17
MOCK-UAN-5960-7045,59,Tamil Nadu,Tamil Nadu,Gig Worker,324,Unskilled,Ayushman Bharat,2025-11-02
MOCK-UAN-8628-3744,48,Andhra Pradesh,Jharkhand,Gig Worker,1031,Highly-skilled,eShram,2025-01-09
MOCK-UAN-3147-9869,33,Gujarat,Karnataka,Manufacturing,688,Skilled,Ayushman Bharat,2026-03-27
MOCK-UAN-5715-4971,23,Karnataka,Jharkhand,Gig Worker,539,Unskilled,None,2025-03-13
MOCK-UAN-1504-8595,28,Karnataka,Tamil Nadu,Domestic Worker,604,Skilled,None,2026-04-22
MOCK-UAN-3088-9235,49,Uttar Pradesh,Uttar Pradesh,Gig Worker,739,Skilled,eShram,2024-11-07
MOCK-UAN-6418-1275,28,Uttar Pradesh,Andhra Pradesh,Agriculture,210,Unskilled,PM-Kisan,2026-06-22
MOCK-UAN-5671-6699,21,Maharashtra,Maharashtra,Manufacturing,525,Semi-skilled,Ayushman Bharat,2024-09-27
MOCK-UAN-7291-3826,39,Jharkhand,West Bengal,Agriculture,338,Unskilled,Ayushman Bharat,2026-06-06
MOCK-UAN-9311-8398,20,Andhra Pradesh,Uttar Pradesh,Manufacturing,275,Unskilled,eShram,2026-05-25
MOCK-UAN-3788-4413,27,Maharashtra,Odisha,Manufacturing,661,Skilled,Ayushman Bharat,2026-04-15
MOCK-UAN-7889-1043,46,West Bengal,Andhra Pradesh,Manufacturing,887,Highly-skilled,Ayushman Bharat,2025-07-07
MOCK-UAN-3080-1057,47,Andhra Pradesh,Jharkhand,Gig Worker,677,Skilled,PM-Kisan,2026-04-03
MOCK-UAN-3866-9964,57,Odisha,Bihar,Construction,8676,Highly-skilled,PM-SYM,2025-09-05
MOCK-UAN-4268-2232,24,Jharkhand,Maharashtra,Agriculture,846,Highly-skilled,Ayushman Bharat,2026-02-22
MOCK-UAN-5600-7478,43,Karnataka,Tamil Nadu,Agriculture,351,Unskilled,Ayushman Bharat,2025-12-21
MOCK-UAN-2032-5370,32,Uttar Pradesh,Tamil Nadu,Domestic Worker,397,Semi-skilled,Ayushman Bharat,2025-06-25
MOCK-UAN-2030-2299,41,Uttar Pradesh,Uttar Pradesh,Agriculture,847,Highly-skilled,Ayushman Bharat,2024-09-23
MOCK-UAN-7931-7077,31,Uttar Pradesh,Uttar Pradesh,Agriculture,554,Skilled,eShram,2025-02-16
MOCK-UAN-1380-4738,63,Jharkhand,Maharashtra,Domestic Worker,937,Highly-skilled,Ayushman Bharat,2025-05-20
MOCK-UAN-7948-8366,60,Maharashtra,Maharashtra,Agriculture,419,Semi-skilled,PM-SYM,2024-12-26
MOCK-UAN-8442-7465,23,Bihar,West Bengal,Manufacturing,382,Semi-skilled,PM-SYM,2025-03-01
MOCK-UAN-7925-7957,64,Tamil Nadu,Odisha,Construction,619,Skilled,None,2026-06-10
MOCK-UAN-8259-3592,23,Uttar Pradesh,Odisha,Domestic Worker,448,Semi-skilled,eShram,2026-04-07
MOCK-UAN-6854-6650,25,Tamil Nadu,Maharashtra,Agriculture,840,Highly-skilled,None,2025-12-07
MOCK-UAN-9294-9861,18,Uttar Pradesh,Andhra Pradesh,Domestic Worker,242,Unskilled,eShram,2026-01-24
MOCK-UAN-3102-9072,62,Uttar Pradesh,Andhra Pradesh,Construction,455,Unskilled,PM-SYM,2025-09-24
MOCK-UAN-7806-4857,58,Bihar,Bihar,Construction,306,Unskilled,PM-Kisan,2025-06-15
MOCK-UAN-6587-8476,62,Odisha,Odisha,Gig Worker,533,Semi-skilled,PM-Kisan,2024-12-27
MOCK-UAN-5096-1316,24,Uttar Pradesh,Karnataka,Domestic Worker,881,Highly-skilled,Ayushman Bharat,2026-03-30
MOCK-UAN-2426-6435,57,Bihar,Tamil Nadu,Agriculture,428,Semi-skilled,PM-Kisan,2025-12-12
MOCK-UAN-2677-8467,60,Maharashtra,Maharashtra,Agriculture,481,Semi-skilled,PM-SYM,2025-05-01
MOCK-UAN-4129-2192,58,Andhra Pradesh,Andhra Pradesh,Construction,997,Highly-skilled,eShram,2025-08-30
MOCK-UAN-9017-3011,48,Karnataka,Bihar,Manufacturing,884,Highly-skilled,Ayushman Bharat,2024-11-14
MOCK-UAN-2293-7370,29,Tamil Nadu,Maharashtra,Agriculture,538,Skilled,Ayushman Bharat,2025-12-24
MOCK-UAN-8751-3281,52,Andhra Pradesh,Uttar Pradesh,Manufacturing,513,Semi-skilled,Ayushman Bharat,2026-04-27
MOCK-UAN-8029-2749,43,West Bengal,Odisha,Gig Worker,995,Highly-skilled,Ayushman Bharat,2026-06-02
MOCK-UAN-3770-9146,19,Maharashtra,Tamil Nadu,Manufacturing,686,Skilled,None,2026-05-05
MOCK-UAN-9169-3835,30,Karnataka,Karnataka,Agriculture,337,Semi-skilled,Ayushman Bharat,2025-07-25
MOCK-UAN-1917-2949,38,Jharkhand,Andhra Pradesh,Manufacturing,609,Skilled,PM-Kisan,2025-10-14
MOCK-UAN-4537-6519,50,West Bengal,Karnataka,Domestic Worker,695,Skilled,None,2025-05-11
MOCK-UAN-2324-5642,37,Uttar Pradesh,Maharashtra,Gig Worker,532,Semi-skilled,PM-SYM,2025-02-14
MOCK-UAN-9355-2846,34,Jharkhand,Maharashtra,Agriculture,288,Unskilled,Ayushman Bharat,2026-05-23
MOCK-UAN-5911-6418,61,West Bengal,Karnataka,Gig Worker,1014,Highly-skilled,eShram,2024-10-08
MOCK-UAN-8145-9316,55,Maharashtra,Maharashtra,Agriculture,422,Semi-skilled,Ayushman Bharat,2025-01-15
MOCK-UAN-6246-1295,36,West Bengal,Andhra Pradesh,Construction,934,Highly-skilled,PM-SYM,2025-10-24
MOCK-UAN-9608-9099,43,Jharkhand,Odisha,Gig Worker,533,Semi-skilled,eShram,2026-06-24
MOCK-UAN-1506-3993,48,Maharashtra,Gujarat,Gig Worker,518,Semi-skilled,Ayushman Bharat,2026-06-13
MOCK-UAN-9130-3585,22,West Bengal,Karnataka,Construction,711,Skilled,None,2026-01-30
MOCK-UAN-3015-8867,39,Maharashtra,Maharashtra,Gig Worker,1023,Highly-skilled,PM-Kisan,2025-10-11
MOCK-UAN-1702-4614,43,Bihar,Bihar,Domestic Worker,612,Skilled,eShram,2026-06-05
MOCK-UAN-9777-3717,28,Odisha,Maharashtra,Gig Worker,1040,Highly-skilled,PM-Kisan,2024-11-29
MOCK-UAN-8230-2768,48,West Bengal,West Bengal,Gig Worker,386,Unskilled,PM-SYM,2025-05-10
MOCK-UAN-5120-2335,38,West Bengal,Odisha,Domestic Worker,861,Highly-skilled,Ayushman Bharat,2025-05-21
MOCK-UAN-9784-4421,61,Maharashtra,Maharashtra,Construction,469,Semi-skilled,PM-Kisan,2024-10-03
MOCK-UAN-3125-2420,38,Karnataka,Jharkhand,Construction,500,Semi-skilled,None,2024-12-26
MOCK-UAN-7184-4027,27,West Bengal,Uttar Pradesh,Manufacturing,397,Semi-skilled,PM-SYM,2024-11-19
MOCK-UAN-9276-3109,21,Uttar Pradesh,Bihar,Manufacturing,274,Unskilled,PM-SYM,2025-03-27
MOCK-UAN-3827-9999,61,Tamil Nadu,Andhra Pradesh,Construction,624,Skilled,PM-Kisan,2026-05-27
MOCK-UAN-7677-8740,24,Odisha,Jharkhand,Manufacturing,556,Semi-skilled,PM-SYM,2025-03-03
MOCK-UAN-7659-7895,57,West Bengal,Maharashtra,Gig Worker,861,Highly-skilled,eShram,2026-04-14
MOCK-UAN-7657-8119,42,Jharkhand,Bihar,Gig Worker,991,Highly-skilled,Ayushman Bharat,2024-11-22
MOCK-UAN-9931-4424,-5,Odisha,Odisha,Construction,1036,Highly-skilled,Ayushman Bharat,2026-07-30
MOCK-UAN-8955-4496,39,Andhra Pradesh,Andhra Pradesh,Gig Worker,556,Semi-skilled,PM-SYM,2025-06-22
MOCK-UAN-4613-1361,24,Odisha,Andhra Pradesh,Manufacturing,637,Skilled,PM-Kisan,2026-06-07
MOCK-UAN-4545-6776,44,Karnataka,West Bengal,Construction,354,Unskilled,PM-SYM,2025-06-19
MOCK-UAN-4657-5533,65,Jharkhand,Maharashtra,Construction,616,Skilled,PM-Kisan,2026-06-04
MOCK-UAN-6910-2225,47,Uttar Pradesh,Uttar Pradesh,Domestic Worker,787,Highly-skilled,eShram,2025-06-14
MOCK-UAN-8874-5007,44,Uttar Pradesh,Odisha,Domestic Worker,610,Skilled,PM-SYM,2025-06-17
MOCK-UAN-3998-2011,26,Odisha,Odisha,Construction,911,Highly-skilled,None,2025-09-27
MOCK-UAN-6944-2146,47,Uttar Pradesh,Jharkhand,Gig Worker,659,Skilled,eShram,2026-08-16
MOCK-UAN-7859-5627,46,Odisha,Uttar Pradesh,Manufacturing,575,Skilled,PM-SYM,2025-04-25
MOCK-UAN-1313-5362,42,West Bengal,West Bengal,Construction,437,Unskilled,Ayushman Bharat,2025-05-02
MOCK-UAN-7438-1550,33,Andhra Pradesh,Gujarat,Domestic Worker,720,Skilled,None,2026-05-30
MOCK-UAN-4310-7789,32,Jharkhand,Jharkhand,Gig Worker,410,Unskilled,PM-Kisan,2025-06-07
MOCK-UAN-6510-8946,42,Maharashtra,Maharashtra,Agriculture,426,Semi-skilled,eShram,2026-05-20
MOCK-UAN-9155-2136,29,Maharashtra,Andhra Pradesh,Manufacturing,241,Unskilled,PM-Kisan,2025-05-01
MOCK-UAN-8288-8651,59,Andhra Pradesh,Odisha,Manufacturing,323,Unskilled,PM-SYM,2026-03-31
MOCK-UAN-2083-7741,42,Odisha,Odisha,Gig Worker,789,Skilled,PM-SYM,2024-11-10
MOCK-UAN-6581-7256,49,Jharkhand,West Bengal,Agriculture,437,Semi-skilled,PM-SYM,2026-07-02
MOCK-UAN-9399-5843,29,Karnataka,West Bengal,Construction,381,Semi-skilled,None,2025-09-01
MOCK-UAN-7550-6004,53,Gujarat,Gujarat,Construction,683,Skilled,eShram,2025-11-11
MOCK-UAN-9721-4787,42,Bihar,Bihar,Agriculture,349,Unskilled,PM-Kisan,2026-02-22
MOCK-UAN-8822-1213,21,Jharkhand,Odisha,Domestic Worker,370,Semi-skilled,PM-Kisan,2025-01-06
MOCK-UAN-7463-1741,28,Tamil Nadu,Tamil Nadu,Gig Worker,708,Skilled,Ayushman Bharat,2024-11-24
MOCK-UAN-2874-1018,28,Jharkhand,Uttar Pradesh,Domestic Worker,472,Semi-skilled,PM-SYM,2026-04-17
MOCK-UAN-4096-8513,18,Odisha,Odisha,Manufacturing,446,Semi-skilled,None,2025-05-23
MOCK-UAN-4207-4634,60,Andhra Pradesh,Andhra Pradesh,Construction,460,Semi-skilled,eShram,2025-03-08
MOCK-UAN-6288-3670,25,Jharkhand,Andhra Pradesh,Manufacturing,500,Semi-skilled,eShram,2025-06-17
MOCK-UAN-7637-1716,19,Gujarat,Odisha,Domestic Worker,429,Semi-skilled,Ayushman Bharat,2025-12-23
MOCK-UAN-1412-3778,55,Andhra Pradesh,Andhra Pradesh,Gig Worker,925,Highly-skilled,None,2026-05-07
MOCK-UAN-1355-5395,38,Andhra Pradesh,Andhra Pradesh,Domestic Worker,347,Semi-skilled,PM-SYM,2026-06-28
MOCK-UAN-8088-3169,47,West Bengal,Karnataka,Gig Worker,763,Skilled,eShram,2026-04-28
MOCK-UAN-9024-5744,38,Maharashtra,Andhra Pradesh,Construction,530,Semi-skilled,None,2026-03-24
MOCK-UAN-1591-9786,-1,Gujarat,Jharkhand,Construction,954,Highly-skilled,Ayushman Bharat,2026-06-14
MOCK-UAN-4712-2927,27,Uttar Pradesh,Odisha,Gig Worker,977,Highly-skilled,PM-Kisan,2024-11-04
MOCK-UAN-6182-5985,39,Karnataka,Odisha,Agriculture,573,Skilled,PM-SYM,2025-04-25
MOCK-UAN-3222-4822,45,Gujarat,Gujarat,Construction,896,Highly-skilled,eShram,2026-06-25
MOCK-UAN-2107-8555,31,Maharashtra,Maharashtra,Agriculture,578,Skilled,Ayushman Bharat,2025-02-10
MOCK-UAN-5125-6826,27,Uttar Pradesh,Andhra Pradesh,Agriculture,343,Semi-skilled,None,2026-08-15
MOCK-UAN-9492-9364,57,Andhra Pradesh,Andhra Pradesh,Manufacturing,263,Unskilled,eShram,2025-01-16
MOCK-UAN-9982-8787,62,Gujarat,Tamil Nadu,Agriculture,284,Unskilled,PM-SYM,2025-03-09
MOCK-UAN-1143-3599,63,Gujarat,Gujarat,Domestic Worker,930,Highly-skilled,PM-Kisan,2025-06-28
MOCK-UAN-1029-6142,49,Andhra Pradesh,Andhra Pradesh,Manufacturing,10,Semi-skilled,PM-SYM,2026-08-12
MOCK-UAN-9510-4005,21,Andhra Pradesh,Bihar,Gig Worker,439,Unskilled,PM-SYM,2026-04-19
MOCK-UAN-3841-3757,25,Andhra Pradesh,Odisha,Domestic Worker,967,Highly-skilled,PM-Kisan,2024-12-31
MOCK-UAN-5756-2721,47,West Bengal,Jharkhand,Manufacturing,652,Skilled,Ayushman Bharat,2024-11-10
MOCK-UAN-7454-3886,65,Uttar Pradesh,Uttar Pradesh,Domestic Worker,623,Skilled,Ayushman Bharat,2025-09-27
MOCK-UAN-9358-8902,21,Odisha,Bihar,Agriculture,600,Skilled,eShram,2025-03-13
MOCK-UAN-1840-6890,53,Maharashtra,Maharashtra,Domestic Worker,400,Semi-skilled,None,2024-11-18
MOCK-UAN-9685-8898,39,Uttar Pradesh,Karnataka,Gig Worker,586,Semi-skilled,Ayushman Bharat,2025-02-16
MOCK-UAN-7420-7635,21,Uttar Pradesh,Tamil Nadu,Domestic Worker,683,Skilled,eShram,2025-03-22
MOCK-UAN-1376-1238,24,Uttar Pradesh,Bihar,Construction,367,Unskilled,None,2025-06-01
MOCK-UAN-8057-8522,59,Andhra Pradesh,Uttar Pradesh,Construction,595,Semi-skilled,Ayushman Bharat,2025-01-04
MOCK-UAN-4528-6707,20,West Bengal,West Bengal,Construction,573,Skilled,Ayushman Bharat,2025-03-13
MOCK-UAN-6733-9189,36,Bihar,Odisha,Construction,442,Semi-skilled,Ayushman Bharat,2025-03-15
MOCK-UAN-9422-2840,41,Bihar,Bihar,Manufacturing,492,Semi-skilled,PM-Kisan,2026-05-19
MOCK-UAN-2731-6663,60,Tamil Nadu,Tamil Nadu,Gig Worker,1013,Highly-skilled,None,2026-04-01
MOCK-UAN-2629-9549,24,Gujarat,Odisha,Gig Worker,1065,Highly-skilled,PM-SYM,2025-04-09
MOCK-UAN-4832-5783,60,Bihar,West Bengal,Gig Worker,699,Skilled,PM-Kisan,2025-05-09
MOCK-UAN-1463-6489,64,Tamil Nadu,Karnataka,Gig Worker,506,Semi-skilled,PM-SYM,2026-04-28
MOCK-UAN-7401-3277,45,West Bengal,West Bengal,Construction,339,Unskilled,PM-Kisan,2025-07-18
MOCK-UAN-8732-7860,20,Karnataka,Karnataka,Domestic Worker,823,Highly-skilled,eShram,2026-03-02
MOCK-UAN-5775-4575,32,Maharashtra,Maharashtra,Domestic Worker,543,Skilled,eShram,2025-08-08
MOCK-UAN-9384-1957,37,Odisha,Odisha,Gig Worker,748,Skilled,eShram,2025-09-13
MOCK-UAN-6271-1480,33,Bihar,Bihar,Gig Worker,743,Skilled,eShram,2024-11-20
MOCK-UAN-4187-2209,31,Tamil Nadu,Tamil Nadu,Construction,668,Skilled,PM-Kisan,2025-08-22
MOCK-UAN-6549-2244,46,Uttar Pradesh,Bihar,Domestic Worker,363,Semi-skilled,None,2025-06-08
MOCK-UAN-2712-5891,41,Karnataka,Tamil Nadu,Agriculture,432,Semi-skilled,Ayushman Bharat,2026-02-23
MOCK-UAN-7434-1050,25,Odisha,Odisha,Agriculture,838,Highly-skilled,PM-SYM,2025-01-16
MOCK-UAN-9821-2877,19,Karnataka,Tamil Nadu,Gig Worker,758,Skilled,Ayushman Bharat,2026-07-01
MOCK-UAN-7623-2928,59,Tamil Nadu,Odisha,Agriculture,570,Skilled,PM-SYM,2026-04-01
MOCK-UAN-7573-2899,40,Uttar Pradesh,Andhra Pradesh,Agriculture,845,Highly-skilled,PM-Kisan,2026-01-04
MOCK-UAN-1994-5060,58,Karnataka,Bihar,Construction,651,Skilled,eShram,2026-08-25
MOCK-UAN-1731-2000,30,Gujarat,Gujarat,Manufacturing,267,Unskilled,None,2025-06-17
MOCK-UAN-2068-6756,55,Uttar Pradesh,Uttar Pradesh,Agriculture,974,Highly-skilled,PM-SYM,2025-10-23
MOCK-UAN-6557-6311,59,Odisha,Bihar,Agriculture,413,Semi-skilled,Ayushman Bharat,2025-03-18
MOCK-UAN-6138-1964,56,Andhra Pradesh,Jharkhand,Agriculture,380,Semi-skilled,None,2025-06-04
MOCK-UAN-4627-2081,42,Jharkhand,Andhra Pradesh,Gig Worker,292,Unskilled,PM-SYM,2025-07-27
MOCK-UAN-3793-1707,51,Jharkhand,Andhra Pradesh,Domestic Worker,898,Highly-skilled,PM-Kisan,2026-03-16
MOCK-UAN-9392-9977,64,Maharashtra,Tamil Nadu,Domestic Worker,871,Highly-skilled,eShram,2026-08-21
MOCK-UAN-9117-7681,52,Uttar Pradesh,Uttar Pradesh,Agriculture,528,Skilled,PM-SYM,2026-07-20
MOCK-UAN-3463-2840,56,Bihar,Andhra Pradesh,Manufacturing,509,Semi-skilled,eShram,2025-04-25
MOCK-UAN-7761-1062,30,Jharkhand,Uttar Pradesh,Domestic Worker,333,Unskilled,eShram,2026-06-15
MOCK-UAN-6479-6070,26,Tamil Nadu,Tamil Nadu,Gig Worker,548,Semi-skilled,PM-Kisan,2026-08-31
MOCK-UAN-2805-3332,25,Andhra Pradesh,West Bengal,Construction,418,Unskilled,eShram,2026-08-16
MOCK-UAN-5598-3487,62,Maharashtra,Jharkhand,Agriculture,933,Highly-skilled,None,2025-05-13
MOCK-UAN-3936-3763,56,Bihar,Maharashtra,Gig Worker,508,Semi-skilled,PM-SYM,2026-05-20
MOCK-UAN-6296-6412,37,Andhra Pradesh,Andhra Pradesh,Agriculture,398,Semi-skilled,None,2026-02-19
MOCK-UAN-9850-7829,54,Bihar,Andhra Pradesh,Gig Worker,11185,Unskilled,None,2025-11-08
MOCK-UAN-7496-4260,19,Andhra Pradesh,Andhra Pradesh,Domestic Worker,319,Unskilled,eShram,2026-02-17
MOCK-UAN-6241-6428,44,Karnataka,Bihar,Gig Worker,708,Skilled,eShram,2026-05-28
MOCK-UAN-5426-4855,19,Uttar Pradesh,Tamil Nadu,Gig Worker,957,Highly-skilled,eShram,2024-09-26
MOCK-UAN-4163-6841,36,Bihar,Jharkhand,Manufacturing,330,Unskilled,PM-SYM,2025-04-11
MOCK-UAN-7740-2473,56,Gujarat,Gujarat,Gig Worker,512,Semi-skilled,None,2026-03-14
MOCK-UAN-7020-2465,30,Karnataka,West Bengal,Manufacturing,294,Unskilled,Ayushman Bharat,2025-09-20
MOCK-UAN-1182-9404,36,West Bengal,Andhra Pradesh,Gig Worker,772,Skilled,Ayushman Bharat,2025-11-08
MOCK-UAN-4528-1941,46,Uttar Pradesh,Uttar Pradesh,Domestic Worker,416,Semi-skilled,PM-SYM,2026-05-28
MOCK-UAN-8772-7644,50,Bihar,Bihar,Manufacturing,221,Unskilled,PM-SYM,2025-06-19
MOCK-UAN-6786-2447,56,Andhra Pradesh,Andhra Pradesh,Manufacturing,397,Semi-skilled,PM-Kisan,2025-07-23
MOCK-UAN-1426-7066,29,Andhra Pradesh,Andhra Pradesh,Construction,999,Highly-skilled,Ayushman Bharat,2026-01-26
MOCK-UAN-2673-3375,53,Karnataka,Maharashtra,Gig Worker,712,Skilled,PM-Kisan,2024-10-05
MOCK-UAN-1315-2214,30,Gujarat,Gujarat,Agriculture,593,Skilled,None,2025-06-06
MOCK-UAN-3120-2967,35,Jharkhand,Odisha,Gig Worker,974,Highly-skilled,PM-SYM,2026-04-11
MOCK-UAN-1498-5821,38,Karnataka,Karnataka,Domestic Worker,474,Semi-skilled,eShram,2026-04-16
MOCK-UAN-6837-5867,48,Andhra Pradesh,Maharashtra,Construction,907,Highly-skilled,None,2026-05-16
MOCK-UAN-6957-1923,40,Maharashtra,Tamil Nadu,Gig Worker,415,Unskilled,PM-Kisan,2026-01-07
MOCK-UAN-1921-7440,33,Odisha,Andhra Pradesh,Manufacturing,263,Unskilled,PM-SYM,2026-06-16
MOCK-UAN-5703-2011,47,Maharashtra,West Bengal,Gig Worker,655,Skilled,PM-SYM,2024-10-10
MOCK-UAN-1119-4279,60,Maharashtra,Maharashtra,Domestic Worker,868,Highly-skilled,PM-Kisan,2025-05-19
MOCK-UAN-9578-6290,54,Bihar,Bihar,Manufacturing,431,Semi-skilled,None,2025-10-05
MOCK-UAN-7375-4791,55,Bihar,Bihar,Domestic Worker,297,Unskilled,PM-SYM,2026-05-08
MOCK-UAN-3626-2551,51,Odisha,Odisha,Agriculture,311,Unskilled,Ayushman Bharat,2026-07-05
MOCK-UAN-9020-4356,-3,West Bengal,Karnataka,Construction,765,Highly-skilled,None,2025-08-01
MOCK-UAN-1299-8938,58,Tamil Nadu,Tamil Nadu,Manufacturing,859,Highly-skilled,PM-Kisan,2024-10-12
MOCK-UAN-9028-9131,62,Odisha,Andhra Pradesh,Construction,480,Semi-skilled,PM-Kisan,2026-08-27
MOCK-UAN-8283-9863,47,Bihar,Jharkhand,Gig Worker,625,Semi-skilled,PM-SYM,2025-01-13
MOCK-UAN-1901-6331,55,Uttar Pradesh,Karnataka,Construction,595,Skilled,None,2026-04-30
MOCK-UAN-4256-9354,55,Jharkhand,Tamil Nadu,Domestic Worker,308,Unskilled,eShram,2026-07-29
MOCK-UAN-7125-3109,55,Tamil Nadu,Tamil Nadu,Agriculture,374,Unskilled,PM-SYM,2025-09-07
MOCK-UAN-6408-4802,19,Uttar Pradesh,Bihar,Agriculture,384,Semi-skilled,PM-SYM,2026-08-21
MOCK-UAN-7713-6719,25,West Bengal,West Bengal,Domestic Worker,619,Skilled,PM-SYM,2025-04-05
MOCK-UAN-5279-1737,26,Odisha,Bihar,Manufacturing,859,Highly-skilled,PM-Kisan,2026-06-30
MOCK-UAN-4057-7220,28,Bihar,Uttar Pradesh,Domestic Worker,574,Skilled,PM-Kisan,2026-06-06
MOCK-UAN-3122-2963,39,Tamil Nadu,Jharkhand,Construction,459,Semi-skilled,None,2026-06-03
MOCK-UAN-8573-3315,63,Gujarat,West Bengal,Manufacturing,263,Unskilled,eShram,2026-05-09
MOCK-UAN-2244-6451,43,West Bengal,West Bengal,Construction,1086,Highly-skilled,eShram,2026-01-23
MOCK-UAN-5813-5556,58,Andhra Pradesh,Andhra Pradesh,Construction,542,Semi-skilled,None,2026-06-21
MOCK-UAN-7246-8370,34,Andhra Pradesh,Karnataka,Agriculture,955,Highly-skilled,PM-SYM,2024-10-16
MOCK-UAN-3930-6602,63,Karnataka,Uttar Pradesh,Domestic Worker,474,Semi-skilled,Ayushman Bharat,2025-10-03
MOCK-UAN-2925-8782,42,Andhra Pradesh,Odisha,Manufacturing,819,Highly-skilled,None,2026-05-17
MOCK-UAN-7863-3029,56,Tamil Nadu,Odisha,Agriculture,919,Highly-skilled,eShram,2025-07-03
MOCK-UAN-8663-5218,24,Tamil Nadu,Tamil Nadu,Manufacturing,503,Semi-skilled,eShram,2025-07-21
MOCK-UAN-3014-1592,23,Jharkhand,Maharashtra,Domestic Worker,257,Unskilled,Ayushman Bharat,2025-04-08
MOCK-UAN-5235-3384,21,Karnataka,Andhra Pradesh,Construction,698,Skilled,Ayushman Bharat,2026-05-24
MOCK-UAN-1928-6687,42,Tamil Nadu,West Bengal,Construction,535,Semi-skilled,None,2026-06-21
MOCK-UAN-8603-7095,20,Andhra Pradesh,Karnataka,Manufacturing,392,Unskilled,PM-Kisan,2025-05-14
MOCK-UAN-9530-9643,63,West Bengal,Karnataka,Gig Worker,529,Semi-skilled,PM-Kisan,2025-01-24
MOCK-UAN-8913-9330,61,Odisha,Odisha,Domestic Worker,245,Unskilled,None,2025-04-18
MOCK-UAN-9814-2736,40,Bihar,Maharashtra,Domestic Worker,881,Highly-skilled,PM-SYM,2026-04-28
MOCK-UAN-8719-8409,19,Uttar Pradesh,Maharashtra,Agriculture,671,Skilled,Ayushman Bharat,2024-11-18
MOCK-UAN-9683-9402,50,Maharashtra,West Bengal,Construction,258,Unskilled,Ayushman Bharat,2026-01-02
MOCK-UAN-9940-2272,25,Bihar,Bihar,Construction,246,Unskilled,None,2025-12-05
MOCK-UAN-1149-9939,54,West Bengal,West Bengal,Domestic Worker,304,Unskilled,PM-SYM,2025-02-21
MOCK-UAN-5908-8920,24,Uttar Pradesh,Tamil Nadu,Construction,327,Unskilled,PM-SYM,2025-08-28
MOCK-UAN-5644-1477,61,Maharashtra,Gujarat,Domestic Worker,900,Highly-skilled,PM-Kisan,2025-04-11
MOCK-UAN-6143-4335,19,Odisha,Jharkhand,Manufacturing,947,Highly-skilled,PM-SYM,2026-04-03
MOCK-UAN-9471-7722,52,Maharashtra,West Bengal,Manufacturing,872,Highly-skilled,eShram,2025-06-20
MOCK-UAN-3387-8861,61,Uttar Pradesh,West Bengal,Domestic Worker,506,Skilled,None,2026-06-09
MOCK-UAN-3709-7490,62,Andhra Pradesh,Andhra Pradesh,Domestic Worker,552,Semi-skilled,PM-Kisan,2024-10-04
MOCK-UAN-8367-7119,53,West Bengal,West Bengal,Gig Worker,350,Unskilled,eShram,2025-05-02
MOCK-UAN-1446-4522,46,Gujarat,Andhra Pradesh,Gig Worker,647,Skilled,Ayushman Bharat,2024-11-15
MOCK-UAN-5590-8192,23,Andhra Pradesh,Andhra Pradesh,Domestic Worker,955,Highly-skilled,eShram,2024-11-30
MOCK-UAN-5056-8065,46,Jharkhand,Bihar,Construction,330,Unskilled,PM-SYM,2026-06-15
MOCK-UAN-6789-8613,40,Bihar,Jharkhand,Gig Worker,396,Unskilled,None,2026-05-07
MOCK-UAN-5733-9204,25,Bihar,Gujarat,Construction,524,Semi-skilled,None,2025-03-05
MOCK-UAN-6414-8182,47,Jharkhand,Gujarat,Domestic Worker,654,Skilled,eShram,2026-05-07
MOCK-UAN-6740-6867,52,Jharkhand,Tamil Nadu,Domestic Worker,433,Semi-skilled,eShram,2026-03-06
MOCK-UAN-1117-9348,39,Karnataka,Jharkhand,Gig Worker,1075,Highly-skilled,eShram,2025-05-15
MOCK-UAN-7715-2727,33,Tamil Nadu,Tamil Nadu,Gig Worker,593,Skilled,PM-Kisan,2026-07-25
MOCK-UAN-6627-6202,29,Tamil Nadu,Tamil Nadu,Domestic Worker,937,Highly-skilled,PM-SYM,2026-03-06
MOCK-UAN-7420-4384,40,Karnataka,Karnataka,Domestic Worker,408,Semi-skilled,PM-SYM,2025-09-03
MOCK-UAN-4920-8665,65,Jharkhand,Jharkhand,Gig Worker,468,Unskilled,eShram,2025-04-04
MOCK-UAN-7591-6475,59,West Bengal,West Bengal,Construction,957,Highly-skilled,PM-Kisan,2026-05-02
MOCK-UAN-3696-1888,65,Bihar,Jharkhand,Gig Worker,666,Skilled,PM-Kisan,2025-07-27
MOCK-UAN-9046-3503,33,West Bengal,Uttar Pradesh,Domestic Worker,633,Skilled,PM-Kisan,2026-04-22
MOCK-UAN-4723-7697,54,West Bengal,Jharkhand,Gig Worker,744,Skilled,PM-SYM,2025-06-24
MOCK-UAN-8653-2497,31,Karnataka,Karnataka,Gig Worker,432,Unskilled,Ayushman Bharat,2024-12-04
MOCK-UAN-8705-1372,54,Odisha,Bihar,Construction,598,Skilled,None,2024-09-19
MOCK-UAN-9787-3686,43,Bihar,Tamil Nadu,Agriculture,875,Highly-skilled,None,2026-08-01
MOCK-UAN-2787-5686,54,Uttar Pradesh,Andhra Pradesh,Agriculture,299,Unskilled,PM-SYM,2025-05-09
MOCK-UAN-7804-9198,24,Odisha,Tamil Nadu,Manufacturing,597,Skilled,Ayushman Bharat,2026-09-04
MOCK-UAN-3752-4605,38,Tamil Nadu,Tamil Nadu,Domestic Worker,937,Highly-skilled,eShram,2026-05-04
MOCK-UAN-6980-1050,40,Tamil Nadu,Tamil Nadu,Agriculture,199,Unskilled,PM-SYM,2024-09-18
MOCK-UAN-2432-6314,37,Andhra Pradesh,Andhra Pradesh,Domestic Worker,466,Semi-skilled,eShram,2026-06-09
MOCK-UAN-4197-5741,44,Gujarat,West Bengal,Gig Worker,685,Skilled,Ayushman Bharat,2026-04-04
MOCK-UAN-5497-7074,63,Odisha,Karnataka,Gig Worker,958,Highly-skilled,eShram,2025-07-19
MOCK-UAN-7138-6501,60,Andhra Pradesh,Uttar Pradesh,Construction,912,Highly-skilled,eShram,2026-05-17
MOCK-UAN-8487-9824,28,West Bengal,Bihar,Domestic Worker,439,Semi-skilled,PM-Kisan,2025-08-16
MOCK-UAN-5406-1678,44,Jharkhand,Tamil Nadu,Gig Worker,519,Skilled,PM-SYM,2024-09-25
MOCK-UAN-4827-1281,24,Maharashtra,Bihar,Construction,464,Semi-skilled,eShram,2025-10-18
MOCK-UAN-5047-9821,53,Gujarat,Karnataka,Manufacturing,856,Highly-skilled,PM-Kisan,2025-11-03
MOCK-UAN-5519-9390,25,Tamil Nadu,Tamil Nadu,Domestic Worker,326,Unskilled,eShram,2025-03-06
MOCK-UAN-2341-1235,34,Maharashtra,Maharashtra,Manufacturing,259,Unskilled,Ayushman Bharat,2025-11-18
MOCK-UAN-5386-4892,44,Uttar Pradesh,Uttar Pradesh,Agriculture,589,Skilled,None,2026-06-08
MOCK-UAN-3255-2083,63,Bihar,West Bengal,Construction,427,Unskilled,Ayushman Bharat,2025-04-16
MOCK-UAN-1615-4757,28,Gujarat,Gujarat,Construction,699,Skilled,PM-SYM,2026-06-24
MOCK-UAN-8554-2680,20,Uttar Pradesh,Tamil Nadu,Agriculture,945,Highly-skilled,Ayushman Bharat,2025-10-30
MOCK-UAN-3482-3308,51,Uttar Pradesh,Bihar,Agriculture,575,Skilled,PM-Kisan,2026-01-24
MOCK-UAN-6548-9089,59,Maharashtra,Andhra Pradesh,Agriculture,627,Skilled,PM-SYM,2025-11-30
MOCK-UAN-9377-3621,46,Tamil Nadu,Andhra Pradesh,Manufacturing,438,Semi-skilled,PM-SYM,2026-06-01
MOCK-UAN-6338-1385,63,Gujarat,Gujarat,Manufacturing,590,Skilled,PM-Kisan,2026-06-19
MOCK-UAN-3026-8300,57,West Bengal,West Bengal,Construction,520,Semi-skilled,eShram,2024-10-18
MOCK-UAN-4850-8907,40,West Bengal,Maharashtra,Construction,320,Unskilled,eShram,2024-12-15
MOCK-UAN-5661-5642,55,Tamil Nadu,Tamil Nadu,Construction,424,Unskilled,eShram,2026-06-01
MOCK-UAN-8140-2920,42,Odisha,West Bengal,Agriculture,441,Semi-skilled,None,2025-04-15
MOCK-UAN-7489-7187,48,Andhra Pradesh,Odisha,Domestic Worker,330,Unskilled,eShram,2026-01-14
MOCK-UAN-8703-8887,33,Jharkhand,Gujarat,Manufacturing,372,Unskilled,PM-SYM,2025-09-02
MOCK-UAN-9233-5757,22,Gujarat,Gujarat,Domestic Worker,951,Highly-skilled,eShram,2024-11-29
MOCK-UAN-6824-7086,26,Tamil Nadu,Karnataka,Manufacturing,829,Highly-skilled,PM-Kisan,2026-07-23
MOCK-UAN-6264-5927,25,Bihar,Karnataka,Domestic Worker,322,Unskilled,PM-SYM,2025-09-16
MOCK-UAN-1340-6188,27,Uttar Pradesh,Karnataka,Domestic Worker,942,Highly-skilled,PM-Kisan,2025-12-15
MOCK-UAN-7999-1166,21,Karnataka,Odisha,Construction,994,Highly-skilled,PM-SYM,2026-05-19
MOCK-UAN-7947-5437,60,Andhra Pradesh,West Bengal,Construction,444,Semi-skilled,PM-Kisan,2025-05-13
MOCK-UAN-1046-4905,22,Bihar,Gujarat,Manufacturing,867,Highly-skilled,PM-SYM,2024-11-25
MOCK-UAN-1201-8737,50,Uttar Pradesh,Uttar Pradesh,Construction,549,Semi-skilled,Ayushman Bharat,2025-09-04
MOCK-UAN-5745-4785,27,Andhra Pradesh,Uttar Pradesh,Construction,461,Semi-skilled,eShram,2025-04-04
MOCK-UAN-5091-6693,35,Andhra Pradesh,West Bengal,Construction,485,Semi-skilled,eShram,2026-04-11
MOCK-UAN-5127-8966,28,Karnataka,Jharkhand,Construction,1028,Highly-skilled,Ayushman Bharat,2026-07-02
MOCK-UAN-8868-4803,41,Bihar,Tamil Nadu,Domestic Worker,897,Highly-skilled,PM-SYM,2026-08-04
MOCK-UAN-2014-8334,63,Gujarat,West Bengal,Construction,463,Semi-skilled,Ayushman Bharat,2025-04-17
MOCK-UAN-7633-4614,34,West Bengal,Karnataka,Agriculture,256,Unskilled,Ayushman Bharat,2026-01-29
MOCK-UAN-1680-1407,38,West Bengal,Gujarat,Domestic Worker,916,Highly-skilled,eShram,2026-06-02
MOCK-UAN-2153-8193,56,West Bengal,West Bengal,Construction,283,Unskilled,PM-Kisan,2025-08-25
MOCK-UAN-9182-4989,63,Maharashtra,Gujarat,Domestic Worker,887,Highly-skilled,PM-Kisan,2025-05-08
MOCK-UAN-6214-2904,22,Gujarat,Gujarat,Construction,366,Unskilled,None,2026-04-17
MOCK-UAN-3455-3800,28,Gujarat,Maharashtra,Manufacturing,664,Skilled,PM-Kisan,2026-03-30
MOCK-UAN-5496-7333,21,Tamil Nadu,Andhra Pradesh,Agriculture,483,Semi-skilled,Ayushman Bharat,2025-02-10
MOCK-UAN-8647-2250,65,Maharashtra,Maharashtra,Domestic Worker,564,Skilled,PM-SYM,2025-09-13
MOCK-UAN-5670-1619,57,Uttar Pradesh,Uttar Pradesh,Manufacturing,358,Unskilled,PM-Kisan,2026-03-12
MOCK-UAN-2323-8649,52,Andhra Pradesh,Andhra Pradesh,Manufacturing,885,Highly-skilled,None,2024-12-25
MOCK-UAN-5164-6857,63,West Bengal,West Bengal,Manufacturing,238,Unskilled,PM-Kisan,2026-04-14
MOCK-UAN-6140-2121,27,Jharkhand,Karnataka,Gig Worker,691,Skilled,None,2025-10-23
MOCK-UAN-4927-7633,37,Karnataka,Tamil Nadu,Domestic Worker,671,Skilled,None,2026-03-25
MOCK-UAN-2655-3813,26,West Bengal,West Bengal,Domestic Worker,608,Skilled,eShram,2025-08-10
MOCK-UAN-2672-5276,33,Andhra Pradesh,Tamil Nadu,Gig Worker,1000,Highly-skilled,None,2025-05-11
MOCK-UAN-3439-6341,24,Tamil Nadu,Andhra Pradesh,Agriculture,531,Semi-skilled,PM-SYM,2025-04-03
MOCK-UAN-1548-1599,28,Tamil Nadu,Tamil Nadu,Agriculture,828,Highly-skilled,Ayushman Bharat,2025-07-12
MOCK-UAN-8873-8147,56,Bihar,Uttar Pradesh,Agriculture,535,Skilled,PM-SYM,2026-07-04
MOCK-UAN-5583-7760,55,Bihar,Odisha,Agriculture,819,Highly-skilled,PM-SYM,2025-02-09
MOCK-UAN-3487-9014,28,Uttar Pradesh,Odisha,Manufacturing,468,Semi-skilled,eShram,2025-05-12
MOCK-UAN-7937-6963,40,Odisha,Odisha,Manufacturing,908,Highly-skilled,PM-SYM,2025-05-20
MOCK-UAN-3146-3275,18,Jharkhand,Jharkhand,Manufacturing,977,Highly-skilled,PM-SYM,2026-07-21
MOCK-UAN-1451-1555,23,Jharkhand,Odisha,Agriculture,612,Skilled,PM-SYM,2025-06-18
MOCK-UAN-5049-4631,63,Bihar,Odisha,Domestic Worker,879,Highly-skilled,PM-Kisan,2025-05-24
MOCK-UAN-1552-7034,26,Tamil Nadu,Tamil Nadu,Agriculture,300,Unskilled,None,2024-10-09
MOCK-UAN-7494-6034,31,Jharkhand,Jharkhand,Construction,355,Unskilled,PM-Kisan,2026-03-31
MOCK-UAN-1167-2132,39,Karnataka,Karnataka,Manufacturing,516,Skilled,PM-SYM,2025-11-30
MOCK-UAN-7766-3789,27,Odisha,Jharkhand,Gig Worker,835,Skilled,PM-SYM,2025-09-03
MOCK-UAN-7408-6239,30,Bihar,Gujarat,Domestic Worker,625,Skilled,PM-Kisan,2026-08-24
MOCK-UAN-1999-5339,18,West Bengal,Uttar Pradesh,Manufacturing,2500,Highly-skilled,PM-SYM,2025-06-16
MOCK-UAN-4069-6041,39,Karnataka,Karnataka,Domestic Worker,930,Highly-skilled,eShram,2026-04-22
MOCK-UAN-3662-2441,24,West Bengal,Jharkhand,Domestic Worker,485,Semi-skilled,PM-Kisan,2024-10-21
MOCK-UAN-4512-9663,39,Karnataka,Karnataka,Domestic Worker,292,Unskilled,eShram,2025-02-01
MOCK-UAN-8042-6476,25,Tamil Nadu,Tamil Nadu,Manufacturing,868,Highly-skilled,eShram,2025-03-28
MOCK-UAN-2195-1794,47,Jharkhand,Jharkhand,Manufacturing,929,Highly-skilled,None,2026-06-22
MOCK-UAN-9008-4850,27,Uttar Pradesh,Gujarat,Manufacturing,319,Unskilled,Ayushman Bharat,2024-10-02
MOCK-UAN-2481-2558,56,Jharkhand,Gujarat,Domestic Worker,409,Semi-skilled,None,2026-09-14
MOCK-UAN-3763-6394,22,Karnataka,Karnataka,Gig Worker,770,Skilled,Ayushman Bharat,2026-07-18
MOCK-UAN-7065-3416,42,Karnataka,Karnataka,Manufacturing,464,Semi-skilled,Ayushman Bharat,2026-04-18
MOCK-UAN-4145-8297,28,Bihar,Bihar,Construction,536,Semi-skilled,None,2026-05-10
MOCK-UAN-9967-5727,18,Andhra Pradesh,Gujarat,Gig Worker,769,Skilled,Ayushman Bharat,2025-06-22
MOCK-UAN-4030-3772,49,Odisha,Odisha,Domestic Worker,301,Unskilled,None,2025-02-19
MOCK-UAN-5522-4970,30,Uttar Pradesh,Jharkhand,Construction,665,Skilled,PM-Kisan,2026-09-06
MOCK-UAN-4926-9011,42,Jharkhand,Jharkhand,Gig Worker,740,Skilled,Ayushman Bharat,2026-04-22
MOCK-UAN-5722-3666,65,Karnataka,Gujarat,Agriculture,563,Skilled,PM-Kisan,2026-04-02
MOCK-UAN-5100-2742,33,Andhra Pradesh,West Bengal,Construction,352,Unskilled,None,2025-02-12
MOCK-UAN-2795-7459,54,Maharashtra,Maharashtra,Domestic Worker,456,Semi-skilled,Ayushman Bharat,2025-06-25
MOCK-UAN-7335-5708,55,Tamil Nadu,Tamil Nadu,Manufacturing,852,Highly-skilled,Ayushman Bharat,2025-10-31
MOCK-UAN-1184-4015,60,Andhra Pradesh,Maharashtra,Agriculture,715,Skilled,PM-SYM,2025-05-16
MOCK-UAN-7687-2832,-3,Karnataka,Karnataka,Agriculture,529,Skilled,None,2026-05-21
MOCK-UAN-6067-5890,22,West Bengal,Uttar Pradesh,Gig Worker,935,Highly-skilled,Ayushman Bharat,2026-08-08
MOCK-UAN-6237-4651,46,Andhra Pradesh,Gujarat,Agriculture,665,Skilled,PM-SYM,2025-08-19
MOCK-UAN-6032-5447,56,Bihar,Andhra Pradesh,Gig Worker,585,Semi-skilled,eShram,2026-05-18
MOCK-UAN-9923-7109,60,West Bengal,Gujarat,Domestic Worker,248,Unskilled,PM-SYM,2025-10-09
MOCK-UAN-6760-1089,62,West Bengal,West Bengal,Agriculture,330,Unskilled,PM-Kisan,2025-12-10
MOCK-UAN-2924-7081,47,Uttar Pradesh,Andhra Pradesh,Construction,723,Skilled,PM-Kisan,2026-08-03
MOCK-UAN-1718-9603,60,Andhra Pradesh,Andhra Pradesh,Gig Worker,998,Highly-skilled,None,2025-06-01
MOCK-UAN-4890-6082,26,Karnataka,West Bengal,Domestic Worker,729,Skilled,None,2026-05-11
MOCK-UAN-2268-6181,43,Jharkhand,Jharkhand,Agriculture,363,Semi-skilled,None,2025-02-05
MOCK-UAN-6171-3222,20,Uttar Pradesh,Bihar,Manufacturing,334,Unskilled,Ayushman Bharat,2025-02-04
MOCK-UAN-4774-9099,41,Odisha,Karnataka,Gig Worker,758,Skilled,None,2026-06-19
MOCK-UAN-6939-9335,39,Karnataka,Andhra Pradesh,Agriculture,344,Unskilled,Ayushman Bharat,2026-01-09
MOCK-UAN-8725-6905,63,Maharashtra,Maharashtra,Gig Worker,389,Unskilled,PM-Kisan,2026-03-10
MOCK-UAN-2753-5161,20,Tamil Nadu,Uttar Pradesh,Manufacturing,585,Skilled,eShram,2026-05-02
MOCK-UAN-9753-4197,41,West Bengal,Odisha,Gig Worker,422,Unskilled,None,2025-10-14
MOCK-UAN-3241-1024,38,Uttar Pradesh,Uttar Pradesh,Manufacturing,340,Unskilled,eShram,2025-06-27
MOCK-UAN-2976-2525,48,Maharashtra,Maharashtra,Domestic Worker,630,Skilled,PM-Kisan,2025-05-08
MOCK-UAN-7736-6054,52,Tamil Nadu,Andhra Pradesh,Construction,552,Semi-skilled,Ayushman Bharat,2025-02-04
MOCK-UAN-4732-6313,64,Tamil Nadu,Tamil Nadu,Agriculture,549,Skilled,PM-SYM,2025-09-30
MOCK-UAN-2815-1860,60,Gujarat,Odisha,Construction,488,Semi-skilled,PM-SYM,2025-01-09
MOCK-UAN-1839-5205,23,Jharkhand,Jharkhand,Domestic Worker,852,Highly-skilled,PM-SYM,2025-07-10
MOCK-UAN-7432-1004,26,Jharkhand,Maharashtra,Construction,330,Unskilled,PM-SYM,2026-06-07
MOCK-UAN-6327-6505,28,Gujarat,Jharkhand,Domestic Worker,500,Semi-skilled,None,2025-04-05
MOCK-UAN-7123-3082,46,Odisha,Gujarat,Construction,655,Skilled,PM-SYM,2025-03-20
MOCK-UAN-9731-4461,18,Bihar,Odisha,Agriculture,730,Skilled,eShram,2025-08-31
MOCK-UAN-1637-1141,65,Maharashtra,Bihar,Domestic Worker,459,Semi-skilled,Ayushman Bharat,2025-08-04
MOCK-UAN-5649-5898,46,West Bengal,West Bengal,Manufacturing,452,Semi-skilled,None,2026-09-01
MOCK-UAN-2157-2364,43,Bihar,Tamil Nadu,Manufacturing,905,Highly-skilled,None,2026-08-02
MOCK-UAN-4018-8134,45,Maharashtra,Maharashtra,Construction,468,Semi-skilled,PM-Kisan,2025-12-09
MOCK-UAN-8530-7261,52,Jharkhand,Odisha,Agriculture,597,Skilled,PM-SYM,2025-10-23
MOCK-UAN-3985-7981,32,Tamil Nadu,Gujarat,Agriculture,656,Skilled,Ayushman Bharat,2025-03-11
MOCK-UAN-6670-5352,25,Gujarat,Gujarat,Gig Worker,555,Semi-skilled,PM-SYM,2025-05-06
MOCK-UAN-4889-9480,20,Maharashtra,Andhra Pradesh,Agriculture,560,Skilled,Ayushman Bharat,2025-05-03
MOCK-UAN-3839-5096,32,Jharkhand,Jharkhand,Agriculture,403,Semi-skilled,PM-SYM,2026-01-15
MOCK-UAN-1250-5273,-2,Jharkhand,Karnataka,Construction,477,Semi-skilled,None,2026-07-11
MOCK-UAN-4173-6026,58,West Bengal,Odisha,Agriculture,453,Semi-skilled,PM-Kisan,2025-08-03
MOCK-UAN-1117-4401,62,Bihar,Bihar,Construction,409,Unskilled,eShram,2025-03-06
MOCK-UAN-7514-9399,39,Tamil Nadu,Tamil Nadu,Manufacturing,532,Skilled,eShram,2024-12-03
MOCK-UAN-8802-9031,64,West Bengal,West Bengal,Construction,484,Semi-skilled,PM-Kisan,2025-01-08
MOCK-UAN-6245-4474,56,Andhra Pradesh,Andhra Pradesh,Construction,957,Highly-skilled,Ayushman Bharat,2025-01-18
MOCK-UAN-1354-3703,65,Bihar,Maharashtra,Domestic Worker,208,Unskilled,None,2026-02-22
MOCK-UAN-5519-1017,24,Andhra Pradesh,Maharashtra,Agriculture,258,Unskilled,eShram,2025-01-17
MOCK-UAN-9954-6546,55,Maharashtra,Karnataka,Construction,616,Skilled,eShram,2026-02-17
MOCK-UAN-2485-4993,41,Maharashtra,Maharashtra,Agriculture,260,Unskilled,PM-SYM,2026-02-22
MOCK-UAN-8923-3339,47,Uttar Pradesh,Maharashtra,Gig Worker,409,Unskilled,None,2025-09-02
MOCK-UAN-2148-4104,45,Maharashtra,Maharashtra,Construction,641,Skilled,PM-Kisan,2025-10-09
MOCK-UAN-6722-6909,37,Odisha,Odisha,Manufacturing,272,Unskilled,PM-Kisan,2026-04-05
MOCK-UAN-6604-9091,43,Maharashtra,Karnataka,Gig Worker,721,Skilled,eShram,2025-01-06
MOCK-UAN-5356-1470,59,Jharkhand,Jharkhand,Manufacturing,536,Semi-skilled,PM-Kisan,2025-04-25
MOCK-UAN-1880-5379,41,Karnataka,Karnataka,Agriculture,381,Unskilled,eShram,2026-06-06
MOCK-UAN-8021-1337,64,Maharashtra,Andhra Pradesh,Agriculture,503,Skilled,eShram,2025-08-07
MOCK-UAN-2360-8801,58,Andhra Pradesh,Andhra Pradesh,Manufacturing,928,Highly-skilled,None,2025-06-17
MOCK-UAN-9061-3525,52,Karnataka,Jharkhand,Manufacturing,591,Skilled,PM-SYM,2024-11-02
MOCK-UAN-4351-2290,65,Jharkhand,Jharkhand,Agriculture,607,Skilled,PM-Kisan,2025-05-09
MOCK-UAN-3565-6216,32,Odisha,Bihar,Domestic Worker,430,Semi-skilled,eShram,2025-04-23
MOCK-UAN-4234-1088,27,Bihar,Gujarat,Gig Worker,555,Semi-skilled,eShram,2026-05-14
MOCK-UAN-4834-2730,39,Odisha,Odisha,Construction,357,Unskilled,Ayushman Bharat,2025-04-21
MOCK-UAN-8931-8903,26,Jharkhand,Bihar,Construction,321,Unskilled,PM-Kisan,2026-08-26
MOCK-UAN-1135-9470,56,West Bengal,Andhra Pradesh,Construction,455,Semi-skilled,PM-Kisan,2026-03-29
MOCK-UAN-2642-2661,65,Maharashtra,Andhra Pradesh,Gig Worker,977,Highly-skilled,PM-SYM,2026-04-14
MOCK-UAN-4132-4714,49,Uttar Pradesh,Karnataka,Construction,511,Semi-skilled,None,2026-05-03
MOCK-UAN-8381-3167,64,West Bengal,Karnataka,Domestic Worker,479,Semi-skilled,Ayushman Bharat,2025-07-11
MOCK-UAN-8039-7187,-1,Andhra Pradesh,Andhra Pradesh,Construction,392,Unskilled,eShram,2026-05-19
MOCK-UAN-9268-2016,35,Uttar Pradesh,Uttar Pradesh,Construction,325,Unskilled,None,2026-04-26
MOCK-UAN-5137-3795,31,Tamil Nadu,Tamil Nadu,Gig Worker,414,Unskilled,eShram,2026-01-25
MOCK-UAN-1890-6058,54,Odisha,Andhra Pradesh,Agriculture,648,Skilled,PM-SYM,2025-01-02
MOCK-UAN-5554-4591,18,Bihar,Jharkhand,Manufacturing,958,Highly-skilled,PM-SYM,2025-09-03
MOCK-UAN-3249-2203,17,Karnataka,Tamil Nadu,Gig Worker,2500,Highly-skilled,Ayushman Bharat,2026-08-14
MOCK-UAN-5032-7992,41,Maharashtra,Maharashtra,Manufacturing,588,Skilled,Ayushman Bharat,2026-03-14
MOCK-UAN-2571-3055,58,West Bengal,Uttar Pradesh,Gig Worker,709,Skilled,PM-Kisan,2024-12-07
MOCK-UAN-9455-6474,57,Gujarat,Uttar Pradesh,Manufacturing,542,Skilled,PM-Kisan,2025-08-27
MOCK-UAN-8211-4652,57,West Bengal,West Bengal,Gig Worker,390,Unskilled,PM-SYM,2026-05-20
MOCK-UAN-3328-5883,29,Gujarat,Odisha,Construction,387,Unskilled,Ayushman Bharat,2024-10-05
MOCK-UAN-7881-9709,54,Jharkhand,Jharkhand,Gig Worker,432,Unskilled,None,2025-05-11
MOCK-UAN-4430-1535,23,Tamil Nadu,Tamil Nadu,Construction,636,Skilled,Ayushman Bharat,2025-12-17
MOCK-UAN-2686-5510,33,Andhra Pradesh,West Bengal,Manufacturing,910,Highly-skilled,PM-Kisan,2026-07-20
MOCK-UAN-3047-9382,26,Uttar Pradesh,Uttar Pradesh,Agriculture,258,Unskilled,Ayushman Bharat,2025-02-06
MOCK-UAN-4688-3105,34,Jharkhand,Jharkhand,Construction,685,Skilled,Ayushman Bharat,2025-04-26
MOCK-UAN-8669-7657,48,Gujarat,Karnataka,Gig Worker,16424,Semi-skilled,eShram,2025-01-18
MOCK-UAN-6844-7808,29,Bihar,Bihar,Manufacturing,586,Skilled,PM-SYM,2026-08-20
MOCK-UAN-6447-7041,24,Gujarat,Gujarat,Gig Worker,981,Highly-skilled,None,2025-02-17
MOCK-UAN-7631-3026,61,Gujarat,Uttar Pradesh,Domestic Worker,896,Highly-skilled,PM-SYM,2025-12-30
MOCK-UAN-7487-5131,53,Karnataka,Karnataka,Domestic Worker,427,Semi-skilled,PM-SYM,2026-01-11
MOCK-UAN-6423-3448,21,Karnataka,Andhra Pradesh,Agriculture,932,Highly-skilled,Ayushman Bharat,2026-03-14
MOCK-UAN-8568-2316,38,Maharashtra,Maharashtra,Gig Worker,980,Highly-skilled,None,2025-03-28
MOCK-UAN-8978-5552,50,Bihar,Bihar,Manufacturing,979,Highly-skilled,Ayushman Bharat,2026-04-24
MOCK-UAN-9868-3953,47,Jharkhand,Karnataka,Manufacturing,523,Semi-skilled,Ayushman Bharat,2026-07-27
MOCK-UAN-4125-2713,-2,West Bengal,Bihar,Manufacturing,555,Skilled,None,2025-08-27
MOCK-UAN-1381-2772,39,Karnataka,Karnataka,Agriculture,603,Skilled,PM-SYM,2025-10-02
MOCK-UAN-8027-2967,60,Uttar Pradesh,Uttar Pradesh,Domestic Worker,417,Semi-skilled,eShram,2026-04-20
MOCK-UAN-8171-9629,50,Gujarat,Gujarat,Gig Worker,533,Semi-skilled,Ayushman Bharat,2025-05-08
MOCK-UAN-3942-3455,25,Maharashtra,Maharashtra,Gig Worker,1100,Highly-skilled,PM-Kisan,2026-02-02
MOCK-UAN-9154-4580,28,Tamil Nadu,Odisha,Domestic Worker,884,Highly-skilled,PM-SYM,2026-06-02
MOCK-UAN-4980-5612,49,Tamil Nadu,Odisha,Domestic Worker,468,Semi-skilled,Ayushman Bharat,2025-06-08
MOCK-UAN-9444-1715,24,Odisha,Andhra Pradesh,Domestic Worker,627,Skilled,Ayushman Bharat,2024-11-29
MOCK-UAN-1377-2778,49,Bihar,Tamil Nadu,Domestic Worker,549,Skilled,PM-Kisan,2026-06-27
MOCK-UAN-7310-3068,33,Gujarat,Gujarat,Manufacturing,857,Highly-skilled,PM-Kisan,2025-02-28
MOCK-UAN-4734-8295,36,Andhra Pradesh,Gujarat,Domestic Worker,839,Highly-skilled,Ayushman Bharat,2025-11-12
MOCK-UAN-3260-2096,39,Karnataka,Karnataka,Agriculture,555,Skilled,None,2025-10-22
MOCK-UAN-5603-7917,36,Maharashtra,Odisha,Domestic Worker,757,Highly-skilled,PM-Kisan,2025-04-28
MOCK-UAN-1011-5607,43,Gujarat,Tamil Nadu,Gig Worker,577,Semi-skilled,None,2024-12-28
MOCK-UAN-3238-5918,49,Bihar,Andhra Pradesh,Agriculture,552,Semi-skilled,PM-SYM,2025-10-24
MOCK-UAN-1425-2044,57,Bihar,Bihar,Manufacturing,307,Unskilled,None,2025-12-01
MOCK-UAN-6207-5862,50,Odisha,Andhra Pradesh,Gig Worker,329,Unskilled,PM-SYM,2025-06-13
MOCK-UAN-2411-6149,38,West Bengal,Karnataka,Gig Worker,517,Semi-skilled,eShram,2026-05-23
MOCK-UAN-8466-1031,36,Odisha,Odisha,Gig Worker,2,Skilled,None,2025-04-07
MOCK-UAN-7646-2142,55,Maharashtra,Odisha,Manufacturing,549,Skilled,eShram,2025-08-05
MOCK-UAN-9918-8722,40,Jharkhand,Uttar Pradesh,Manufacturing,943,Highly-skilled,PM-Kisan,2026-01-31
MOCK-UAN-3252-6510,37,Jharkhand,West Bengal,Construction,390,Unskilled,None,2026-03-07
MOCK-UAN-6454-3802,65,Gujarat,Uttar Pradesh,Domestic Worker,542,Skilled,Ayushman Bharat,2026-06-05
MOCK-UAN-1694-6337,62,Maharashtra,Maharashtra,Agriculture,636,Skilled,PM-Kisan,2025-06-04
MOCK-UAN-2082-5181,25,Andhra Pradesh,Odisha,Domestic Worker,976,Highly-skilled,eShram,2025-10-04
MOCK-UAN-1283-6752,57,Uttar Pradesh,Maharashtra,Manufacturing,545,Semi-skilled,PM-Kisan,2025-01-22
MOCK-UAN-7265-7973,55,Tamil Nadu,Tamil Nadu,Domestic Worker,443,Unskilled,PM-Kisan,2025-04-08
MOCK-UAN-1069-4124,55,Uttar Pradesh,Maharashtra,Construction,454,Semi-skilled,Ayushman Bharat,2025-06-28
MOCK-UAN-9118-1748,49,Tamil Nadu,West Bengal,Manufacturing,1041,Highly-skilled,Ayushman Bharat,2026-06-13
MOCK-UAN-8953-5096,64,Bihar,Andhra Pradesh,Manufacturing,432,Semi-skilled,PM-SYM,2026-05-05
MOCK-UAN-9568-6895,20,Uttar Pradesh,Uttar Pradesh,Manufacturing,420,Semi-skilled,Ayushman Bharat,2025-09-21
MOCK-UAN-7891-2717,29,West Bengal,West Bengal,Gig Worker,716,Skilled,PM-SYM,2025-06-25
MOCK-UAN-3174-8238,58,Uttar Pradesh,Uttar Pradesh,Construction,920,Highly-skilled,Ayushman Bharat,2026-02-07
MOCK-UAN-1758-9726,51,Karnataka,Uttar Pradesh,Domestic Worker,319,Unskilled,None,2026-04-26
MOCK-UAN-3466-8852,62,Tamil Nadu,Tamil Nadu,Manufacturing,533,Skilled,eShram,2025-02-08
MOCK-UAN-6864-1760,19,Andhra Pradesh,Andhra Pradesh,Domestic Worker,588,Skilled,eShram,2025-10-18
MOCK-UAN-8016-1031,49,Tamil Nadu,Gujarat,Agriculture,514,Semi-skilled,eShram,2025-04-19
MOCK-UAN-8164-1139,44,Odisha,Uttar Pradesh,Manufacturing,447,Semi-skilled,PM-Kisan,2026-08-08
MOCK-UAN-4584-3579,24,Tamil Nadu,Gujarat,Domestic Worker,907,Highly-skilled,PM-SYM,2025-12-21
MOCK-UAN-9331-9580,40,Uttar Pradesh,Bihar,Domestic Worker,473,Semi-skilled,None,2025-06-15
MOCK-UAN-1235-5106,23,Jharkhand,Tamil Nadu,Manufacturing,508,Semi-skilled,Ayushman Bharat,2025-11-24
MOCK-UAN-1549-4230,37,Tamil Nadu,Uttar Pradesh,Construction,567,Skilled,eShram,2024-10-27
MOCK-UAN-5862-5045,58,Gujarat,Gujarat,Manufacturing,629,Skilled,None,2025-06-16
MOCK-UAN-2594-7539,-5,Maharashtra,Maharashtra,Construction,936,Highly-skilled,PM-Kisan,2025-09-19
MOCK-UAN-1835-8722,25,Maharashtra,Odisha,Construction,508,Semi-skilled,PM-Kisan,2026-01-18
MOCK-UAN-3614-9080,62,Jharkhand,Jharkhand,Agriculture,352,Unskilled,None,2026-04-15
MOCK-UAN-7078-2201,49,Bihar,Jharkhand,Domestic Worker,390,Semi-skilled,eShram,2024-12-03
MOCK-UAN-2964-8270,27,Maharashtra,Bihar,Gig Worker,499,Semi-skilled,PM-Kisan,2026-06-11
MOCK-UAN-5899-1069,51,Karnataka,Tamil Nadu,Construction,403,Semi-skilled,eShram,2025-06-02
MOCK-UAN-1476-7025,47,Karnataka,Uttar Pradesh,Construction,622,Skilled,PM-SYM,2025-05-26
MOCK-UAN-3877-1078,57,Uttar Pradesh,Uttar Pradesh,Agriculture,966,Highly-skilled,PM-SYM,2026-04-19
MOCK-UAN-9221-9833,36,Maharashtra,Jharkhand,Construction,19175,Unskilled,PM-Kisan,2025-04-12
MOCK-UAN-2147-6624,23,Karnataka,Maharashtra,Construction,882,Highly-skilled,eShram,2025-06-04
MOCK-UAN-9976-3432,21,Uttar Pradesh,Uttar Pradesh,Gig Worker,525,Semi-skilled,Ayushman Bharat,2024-10-26
MOCK-UAN-4890-3912,22,Uttar Pradesh,Uttar Pradesh,Agriculture,525,Skilled,None,2026-06-22
MOCK-UAN-7913-4530,-5,Uttar Pradesh,Odisha,Manufacturing,243,Unskilled,Ayushman Bharat,2024-12-04
MOCK-UAN-6953-2980,44,Gujarat,Tamil Nadu,Gig Worker,569,Semi-skilled,PM-SYM,2026-06-05
MOCK-UAN-5714-7439,34,West Bengal,West Bengal,Domestic Worker,241,Unskilled,None,2026-03-20
MOCK-UAN-1818-9183,21,Karnataka,Andhra Pradesh,Domestic Worker,505,Semi-skilled,PM-Kisan,2025-03-04
MOCK-UAN-3909-3952,51,Jharkhand,Andhra Pradesh,Gig Worker,396,Unskilled,Ayushman Bharat,2025-04-15
MOCK-UAN-2785-4866,26,Jharkhand,Bihar,Manufacturing,904,Highly-skilled,PM-Kisan,2024-12-19
MOCK-UAN-1699-7550,37,Bihar,West Bengal,Manufacturing,436,Semi-skilled,eShram,2024-10-09
MOCK-UAN-1207-8857,25,Uttar Pradesh,Odisha,Manufacturing,338,Unskilled,eShram,2025-12-22
MOCK-UAN-9673-5329,35,Tamil Nadu,Karnataka,Manufacturing,939,Highly-skilled,eShram,2025-01-14
MOCK-UAN-2971-4417,61,Bihar,Bihar,Gig Worker,566,Semi-skilled,eShram,2025-03-15
MOCK-UAN-5911-9064,60,West Bengal,Andhra Pradesh,Construction,678,Skilled,PM-SYM,2025-11-27
MOCK-UAN-6913-7152,60,Gujarat,Odisha,Agriculture,889,Highly-skilled,PM-Kisan,2026-03-07
MOCK-UAN-2034-1579,55,Odisha,Odisha,Domestic Worker,927,Highly-skilled,eShram,2025-06-11
MOCK-UAN-4040-1777,16,Tamil Nadu,Gujarat,Manufacturing,2500,Highly-skilled,eShram,2025-11-07
MOCK-UAN-4252-1960,40,Gujarat,Tamil Nadu,Domestic Worker,900,Highly-skilled,eShram,2025-01-25
MOCK-UAN-4340-8816,19,Odisha,Odisha,Agriculture,586,Skilled,eShram,2026-07-26
MOCK-UAN-9452-5109,39,West Bengal,West Bengal,Construction,927,Highly-skilled,PM-SYM,2025-07-07
MOCK-UAN-1652-2776,30,Maharashtra,West Bengal,Manufacturing,415,Semi-skilled,None,2025-02-02
MOCK-UAN-9278-8483,40,Andhra Pradesh,Andhra Pradesh,Agriculture,473,Semi-skilled,eShram,2026-08-26
MOCK-UAN-5953-9881,18,West Bengal,West Bengal,Gig Worker,2500,Highly-skilled,None,2025-11-03
MOCK-UAN-7139-9399,55,Maharashtra,Maharashtra,Manufacturing,508,Semi-skilled,Ayushman Bharat,2024-12-28
MOCK-UAN-9779-7896,45,Uttar Pradesh,Jharkhand,Domestic Worker,537,Skilled,Ayushman Bharat,2024-12-17
MOCK-UAN-7019-6361,32,Odisha,Odisha,Agriculture,664,Skilled,eShram,2025-06-25
MOCK-UAN-4397-9599,-4,Tamil Nadu,Uttar Pradesh,Manufacturing,284,Unskilled,PM-SYM,2025-05-20
MOCK-UAN-8575-5607,29,Jharkhand,Jharkhand,Gig Worker,730,Skilled,PM-SYM,2026-05-23
MOCK-UAN-3691-9326,-3,West Bengal,West Bengal,Gig Worker,954,Highly-skilled,Ayushman Bharat,2025-01-10
MOCK-UAN-7756-6289,63,Uttar Pradesh,Karnataka,Construction,507,Semi-skilled,Ayushman Bharat,2025-11-02
MOCK-UAN-9075-4164,54,Odisha,Uttar Pradesh,Construction,965,Highly-skilled,None,2026-07-19
MOCK-UAN-6551-8658,18,Karnataka,Uttar Pradesh,Domestic Worker,225,Unskilled,eShram,2026-05-17
MOCK-UAN-7234-7165,30,Karnataka,Bihar,Manufacturing,930,Highly-skilled,PM-SYM,2026-06-14
MOCK-UAN-7840-8583,25,Karnataka,Jharkhand,Gig Worker,617,Semi-skilled,None,2026-05-26
MOCK-UAN-4500-1393,28,Karnataka,Tamil Nadu,Construction,491,Semi-skilled,eShram,2025-02-11
MOCK-UAN-1655-2515,52,Karnataka,Karnataka,Gig Worker,1068,Highly-skilled,eShram,2026-02-06
MOCK-UAN-3928-8893,37,Jharkhand,Karnataka,Construction,340,Unskilled,eShram,2024-12-28
MOCK-UAN-3486-5917,22,Gujarat,Gujarat,Agriculture,942,Highly-skilled,PM-Kisan,2025-11-07
MOCK-UAN-9807-3573,34,West Bengal,West Bengal,Gig Worker,439,Semi-skilled,PM-SYM,2025-12-17
MOCK-UAN-5267-9836,63,Uttar Pradesh,Uttar Pradesh,Manufacturing,720,Skilled,PM-SYM,2026-04-04
MOCK-UAN-5899-8612,41,Uttar Pradesh,Uttar Pradesh,Domestic Worker,374,Unskilled,None,2024-12-11
MOCK-UAN-8716-5986,49,Maharashtra,Karnataka,Manufacturing,585,Skilled,None,2025-01-08
MOCK-UAN-4428-5662,35,Odisha,Odisha,Agriculture,801,Highly-skilled,Ayushman Bharat,2025-04-27
MOCK-UAN-7951-6176,61,Tamil Nadu,Andhra Pradesh,Agriculture,464,Semi-skilled,eShram,2025-04-09
MOCK-UAN-3264-6242,24,Gujarat,Gujarat,Domestic Worker,227,Unskilled,eShram,2026-09-05
MOCK-UAN-1408-7819,52,Maharashtra,Jharkhand,Domestic Worker,472,Semi-skilled,PM-Kisan,2025-04-07
MOCK-UAN-6381-1600,49,Andhra Pradesh,Andhra Pradesh,Manufacturing,320,Unskilled,Ayushman Bharat,2024-12-13
MOCK-UAN-6983-7301,29,Bihar,Bihar,Construction,302,Unskilled,PM-Kisan,2026-01-08
MOCK-UAN-9307-2108,30,Jharkhand,Jharkhand,Construction,406,Unskilled,PM-SYM,2025-01-08
MOCK-UAN-3927-8547,56,West Bengal,West Bengal,Construction,690,Skilled,PM-Kisan,2025-02-05
MOCK-UAN-5582-7012,56,Odisha,Odisha,Domestic Worker,948,Highly-skilled,Ayushman Bharat,2026-09-10
MOCK-UAN-9746-3915,61,Andhra Pradesh,Odisha,Gig Worker,700,Skilled,Ayushman Bharat,2025-08-21
MOCK-UAN-1236-4087,58,Bihar,Uttar Pradesh,Construction,879,Highly-skilled,eShram,2025-04-15
MOCK-UAN-9841-6301,-4,Tamil Nadu,Jharkhand,Agriculture,498,Semi-skilled,None,2025-11-18
MOCK-UAN-9452-6078,51,Jharkhand,Jharkhand,Domestic Worker,436,Semi-skilled,Ayushman Bharat,2024-12-16
MOCK-UAN-5473-3148,19,Karnataka,Andhra Pradesh,Construction,580,Skilled,None,2025-04-29
MOCK-UAN-2616-9569,65,Andhra Pradesh,Andhra Pradesh,Manufacturing,667,Skilled,None,2025-10-10
MOCK-UAN-5714-4345,60,Jharkhand,Uttar Pradesh,Gig Worker,504,Unskilled,None,2026-04-18
MOCK-UAN-5003-2459,62,Andhra Pradesh,Odisha,Domestic Worker,297,Unskilled,None,2026-04-16
MOCK-UAN-1607-7673,30,Karnataka,Maharashtra,Manufacturing,1007,Highly-skilled,PM-SYM,2025-09-30
MOCK-UAN-3661-3967,35,Odisha,West Bengal,Gig Worker,704,Skilled,None,2026-05-22
MOCK-UAN-7843-2287,47,Tamil Nadu,Uttar Pradesh,Construction,480,Semi-skilled,eShram,2024-10-17
MOCK-UAN-7046-2105,22,Maharashtra,Bihar,Construction,618,Skilled,PM-Kisan,2026-06-21
MOCK-UAN-2841-2764,34,Uttar Pradesh,Uttar Pradesh,Agriculture,531,Semi-skilled,Ayushman Bharat,2026-04-27
MOCK-UAN-2110-6526,-2,Gujarat,Tamil Nadu,Agriculture,860,Highly-skilled,None,2025-04-04
MOCK-UAN-8227-4198,50,Karnataka,Tamil Nadu,Manufacturing,336,Unskilled,PM-Kisan,2024-11-28
MOCK-UAN-3822-5826,59,Odisha,Andhra Pradesh,Construction,472,Semi-skilled,None,2025-02-02
MOCK-UAN-6010-2839,57,Karnataka,Jharkhand,Domestic Worker,876,Highly-skilled,eShram,2025-05-22
MOCK-UAN-8281-5291,40,Uttar Pradesh,Uttar Pradesh,Agriculture,951,Highly-skilled,eShram,2026-01-07
MOCK-UAN-8770-8389,60,Karnataka,Maharashtra,Gig Worker,380,Unskilled,PM-Kisan,2025-10-15
MOCK-UAN-4338-4359,63,Karnataka,Tamil Nadu,Manufacturing,429,Semi-skilled,None,2025-03-07
MOCK-UAN-1997-5733,38,Bihar,Bihar,Agriculture,656,Skilled,PM-Kisan,2024-11-19
MOCK-UAN-8680-9874,64,Jharkhand,Uttar Pradesh,Agriculture,379,Unskilled,eShram,2025-01-09
MOCK-UAN-2634-8936,26,Bihar,Bihar,Domestic Worker,482,Semi-skilled,eShram,2026-08-28
MOCK-UAN-3242-3489,34,Jharkhand,Uttar Pradesh,Agriculture,567,Skilled,eShram,2026-06-13
MOCK-UAN-8192-2977,29,Jharkhand,Jharkhand,Gig Worker,374,Unskilled,eShram,2025-08-27
MOCK-UAN-1195-1061,48,Jharkhand,Maharashtra,Agriculture,603,Skilled,Ayushman Bharat,2025-06-05
MOCK-UAN-6557-2663,30,Karnataka,Karnataka,Domestic Worker,916,Highly-skilled,PM-SYM,2025-09-16
MOCK-UAN-9660-1196,20,Tamil Nadu,Jharkhand,Agriculture,400,Semi-skilled,PM-Kisan,2026-07-11
MOCK-UAN-6019-4765,21,Odisha,Odisha,Domestic Worker,486,Semi-skilled,eShram,2025-04-04
MOCK-UAN-3299-2438,40,Maharashtra,Maharashtra,Gig Worker,554,Semi-skilled,eShram,2026-04-17
MOCK-UAN-7805-2767,42,Jharkhand,Tamil Nadu,Agriculture,7,Highly-skilled,PM-SYM,2026-05-08
MOCK-UAN-8499-9541,46,Jharkhand,Jharkhand,Construction,453,Semi-skilled,PM-Kisan,2025-07-21
MOCK-UAN-2006-6031,21,Jharkhand,Jharkhand,Gig Worker,16847,Highly-skilled,Ayushman Bharat,2026-06-23
MOCK-UAN-4752-9411,60,Jharkhand,Jharkhand,Domestic Worker,596,Skilled,Ayushman Bharat,2025-05-04
MOCK-UAN-4694-2304,40,Karnataka,Karnataka,Gig Worker,1094,Highly-skilled,PM-SYM,2025-04-30
MOCK-UAN-9775-6551,46,Karnataka,Gujarat,Construction,511,Semi-skilled,eShram,2025-03-27
MOCK-UAN-1441-7929,30,Tamil Nadu,Andhra Pradesh,Manufacturing,857,Highly-skilled,PM-SYM,2025-02-01
MOCK-UAN-2660-8494,39,Andhra Pradesh,Andhra Pradesh,Construction,361,Unskilled,Ayushman Bharat,2025-05-23
MOCK-UAN-2697-8115,29,Jharkhand,Jharkhand,Manufacturing,582,Skilled,eShram,2026-06-17
MOCK-UAN-7848-6118,65,Uttar Pradesh,Maharashtra,Gig Worker,716,Skilled,PM-SYM,2026-06-26
MOCK-UAN-7161-9872,43,Andhra Pradesh,Andhra Pradesh,Gig Worker,729,Skilled,eShram,2025-11-16
MOCK-UAN-2171-4379,60,West Bengal,Odisha,Agriculture,960,Highly-skilled,PM-Kisan,2025-10-08
MOCK-UAN-8703-8613,22,Bihar,Andhra Pradesh,Domestic Worker,448,Semi-skilled,eShram,2026-07-15
MOCK-UAN-3649-1173,46,Gujarat,Gujarat,Agriculture,981,Highly-skilled,eShram,2024-12-12
MOCK-UAN-7073-8043,27,West Bengal,Bihar,Manufacturing,345,Unskilled,Ayushman Bharat,2026-03-25
MOCK-UAN-1437-2504,19,Andhra Pradesh,Karnataka,Manufacturing,864,Highly-skilled,Ayushman Bharat,2026-05-08
MOCK-UAN-4600-9021,47,Odisha,Odisha,Manufacturing,560,Semi-skilled,PM-SYM,2026-09-05
MOCK-UAN-9528-4111,43,Tamil Nadu,Odisha,Agriculture,916,Highly-skilled,PM-Kisan,2025-08-28
MOCK-UAN-8718-4737,59,Jharkhand,Tamil Nadu,Agriculture,408,Semi-skilled,eShram,2026-03-19
MOCK-UAN-3538-4108,34,Bihar,Bihar,Gig Worker,632,Semi-skilled,PM-Kisan,2026-06-05
MOCK-UAN-2785-2310,54,Gujarat,Gujarat,Domestic Worker,1003,Highly-skilled,eShram,2026-05-12
MOCK-UAN-8020-5619,50,West Bengal,Jharkhand,Construction,948,Highly-skilled,None,2026-05-29
MOCK-UAN-3747-4270,53,Uttar Pradesh,Bihar,Domestic Worker,424,Semi-skilled,None,2026-08-17
MOCK-UAN-6969-5734,55,Andhra Pradesh,Bihar,Gig Worker,391,Unskilled,PM-SYM,2026-05-21
MOCK-UAN-5749-7609,65,Maharashtra,Jharkhand,Domestic Worker,935,Highly-skilled,eShram,2026-04-23
MOCK-UAN-6584-3519,49,Uttar Pradesh,Maharashtra,Gig Worker,613,Semi-skilled,PM-SYM,2026-06-28
MOCK-UAN-1691-7721,62,West Bengal,Andhra Pradesh,Construction,678,Skilled,PM-SYM,2025-08-15
MOCK-UAN-4594-6997,25,Maharashtra,Maharashtra,Gig Worker,705,Skilled,PM-Kisan,2025-02-04
MOCK-UAN-2103-4104,30,Andhra Pradesh,Tamil Nadu,Gig Worker,624,Semi-skilled,PM-Kisan,2026-04-25
MOCK-UAN-2550-3676,36,Maharashtra,Karnataka,Agriculture,284,Unskilled,PM-Kisan,2025-07-04
MOCK-UAN-5816-7707,17,Uttar Pradesh,Uttar Pradesh,Agriculture,2500,Highly-skilled,None,2026-05-15
MOCK-UAN-1113-4507,30,Gujarat,Gujarat,Agriculture,585,Skilled,eShram,2025-01-20
MOCK-UAN-8831-6029,33,Uttar Pradesh,West Bengal,Agriculture,921,Highly-skilled,Ayushman Bharat,2026-06-28
MOCK-UAN-8777-4332,30,Jharkhand,Jharkhand,Domestic Worker,894,Highly-skilled,PM-SYM,2025-06-26
MOCK-UAN-3828-1988,59,Gujarat,Bihar,Gig Worker,397,Unskilled,None,2024-09-24
MOCK-UAN-4493-8763,54,Gujarat,Gujarat,Construction,631,Skilled,eShram,2025-03-27
MOCK-UAN-3155-5103,24,Karnataka,Andhra Pradesh,Domestic Worker,9,Highly-skilled,PM-Kisan,2025-02-28
MOCK-UAN-9912-2630,48,Bihar,Bihar,Agriculture,413,Semi-skilled,PM-SYM,2026-07-17
MOCK-UAN-8957-5139,32,Karnataka,Bihar,Manufacturing,862,Highly-skilled,None,2026-02-18
MOCK-UAN-3171-6991,25,Andhra Pradesh,Andhra Pradesh,Construction,1056,Highly-skilled,Ayushman Bharat,2026-07-13
MOCK-UAN-8915-8286,22,Bihar,West Bengal,Agriculture,948,Highly-skilled,None,2025-08-30
MOCK-UAN-2292-7273,27,Karnataka,Karnataka,Construction,830,Highly-skilled,None,2026-04-21
MOCK-UAN-7056-6751,23,Tamil Nadu,Tamil Nadu,Construction,471,Semi-skilled,eShram,2026-04-02
MOCK-UAN-8122-3453,36,Karnataka,Gujarat,Manufacturing,809,Highly-skilled,PM-Kisan,2026-08-10
MOCK-UAN-3666-6024,44,Bihar,Bihar,Agriculture,552,Skilled,Ayushman Bharat,2025-09-30
MOCK-UAN-2839-8972,-1,Tamil Nadu,Tamil Nadu,Agriculture,293,Semi-skilled,PM-Kisan,2026-07-28
MOCK-UAN-3485-2529,-3,Karnataka,Tamil Nadu,Manufacturing,593,Skilled,None,2025-02-03
MOCK-UAN-6814-7601,46,Jharkhand,Andhra Pradesh,Domestic Worker,542,Skilled,Ayushman Bharat,2025-06-24
MOCK-UAN-5826-4609,64,Gujarat,Gujarat,Agriculture,602,Skilled,PM-Kisan,2025-05-04
MOCK-UAN-8934-1201,62,West Bengal,Karnataka,Manufacturing,368,Semi-skilled,PM-Kisan,2026-08-03
MOCK-UAN-5431-2609,45,Odisha,Tamil Nadu,Manufacturing,904,Highly-skilled,eShram,2026-04-12
MOCK-UAN-5953-1482,43,Maharashtra,Maharashtra,Agriculture,279,Unskilled,PM-Kisan,2025-05-15
MOCK-UAN-9025-9996,21,Odisha,Odisha,Manufacturing,975,Highly-skilled,None,2025-04-02
MOCK-UAN-1388-3726,32,Bihar,Bihar,Domestic Worker,370,Unskilled,eShram,2026-05-11
MOCK-UAN-1513-2272,45,Jharkhand,Tamil Nadu,Agriculture,339,Unskilled,PM-SYM,2025-04-05
MOCK-UAN-5968-8509,28,Uttar Pradesh,Tamil Nadu,Gig Worker,383,Unskilled,Ayushman Bharat,2025-10-29
MOCK-UAN-7835-1323,38,West Bengal,Jharkhand,Gig Worker,499,Unskilled,PM-SYM,2025-10-28
MOCK-UAN-3830-9234,36,Gujarat,Tamil Nadu,Agriculture,522,Skilled,None,2025-06-01
MOCK-UAN-3375-7408,18,West Bengal,Karnataka,Agriculture,829,Highly-skilled,PM-SYM,2025-01-12
MOCK-UAN-2508-1067,50,Andhra Pradesh,Andhra Pradesh,Agriculture,895,Highly-skilled,PM-Kisan,2025-07-18
MOCK-UAN-1715-6816,23,Tamil Nadu,Odisha,Domestic Worker,562,Semi-skilled,Ayushman Bharat,2026-02-15
MOCK-UAN-2128-4030,65,Andhra Pradesh,Andhra Pradesh,Gig Worker,989,Highly-skilled,eShram,2025-08-15
MOCK-UAN-9306-3004,59,Bihar,Karnataka,Domestic Worker,590,Skilled,PM-SYM,2025-11-01
MOCK-UAN-8254-4104,24,Maharashtra,Gujarat,Construction,577,Skilled,Ayushman Bharat,2025-02-03
MOCK-UAN-5340-3155,51,Gujarat,West Bengal,Construction,397,Unskilled,eShram,2025-04-01
MOCK-UAN-7205-3440,53,Karnataka,Andhra Pradesh,Domestic Worker,947,Highly-skilled,PM-SYM,2026-02-06
MOCK-UAN-6066-9049,28,Andhra Pradesh,Maharashtra,Domestic Worker,339,Unskilled,None,2026-01-02
MOCK-UAN-1553-9834,42,Maharashtra,Maharashtra,Gig Worker,968,Highly-skilled,None,2025-10-27
MOCK-UAN-5127-4082,25,Bihar,Andhra Pradesh,Domestic Worker,864,Highly-skilled,PM-SYM,2026-07-15
MOCK-UAN-7536-7815,51,Odisha,Karnataka,Construction,585,Skilled,PM-SYM,2024-12-31
MOCK-UAN-4722-6348,17,Uttar Pradesh,Bihar,Manufacturing,2500,Highly-skilled,eShram,2026-08-20
MOCK-UAN-8142-4975,37,Gujarat,Gujarat,Construction,295,Unskilled,PM-Kisan,2025-12-16
MOCK-UAN-9537-7462,19,Karnataka,Gujarat,Gig Worker,341,Unskilled,eShram,2025-06-25
MOCK-UAN-3510-7317,53,Jharkhand,Jharkhand,Agriculture,428,Semi-skilled,None,2026-05-23
MOCK-UAN-2077-5691,20,Maharashtra,Maharashtra,Agriculture,275,Unskilled,PM-Kisan,2026-08-15
MOCK-UAN-4634-1617,18,Odisha,Gujarat,Agriculture,423,Semi-skilled,Ayushman Bharat,2026-03-01
MOCK-UAN-9866-4147,60,Bihar,Tamil Nadu,Agriculture,323,Unskilled,None,2025-07-29
MOCK-UAN-4490-5907,63,Odisha,Odisha,Agriculture,903,Highly-skilled,PM-Kisan,2025-02-17
MOCK-UAN-1210-2684,32,West Bengal,West Bengal,Agriculture,885,Highly-skilled,Ayushman Bharat,2025-11-19
MOCK-UAN-5689-9534,18,West Bengal,West Bengal,Agriculture,459,Semi-skilled,eShram,2026-03-25
MOCK-UAN-5936-9423,48,Uttar Pradesh,Uttar Pradesh,Gig Worker,500,Semi-skilled,eShram,2025-11-11
MOCK-UAN-9308-3707,38,Odisha,Odisha,Agriculture,305,Unskilled,PM-SYM,2025-06-24
MOCK-UAN-1524-7163,51,Uttar Pradesh,Uttar Pradesh,Construction,357,Unskilled,PM-SYM,2025-10-19
MOCK-UAN-5664-8648,62,Bihar,Jharkhand,Gig Worker,324,Unskilled,PM-SYM,2024-11-22
MOCK-UAN-8132-3398,51,Jharkhand,Jharkhand,Construction,699,Skilled,Ayushman Bharat,2025-10-20
MOCK-UAN-1084-4793,55,Karnataka,West Bengal,Construction,605,Skilled,PM-Kisan,2026-05-14
MOCK-UAN-2089-3639,24,Odisha,Odisha,Domestic Worker,904,Highly-skilled,Ayushman Bharat,2025-03-04
MOCK-UAN-5107-8936,60,Andhra Pradesh,Odisha,Gig Worker,758,Skilled,PM-Kisan,2026-05-14
MOCK-UAN-5745-5459,47,Jharkhand,Jharkhand,Construction,546,Semi-skilled,PM-SYM,2025-06-26
MOCK-UAN-6926-6250,18,Odisha,Karnataka,Construction,351,Unskilled,PM-Kisan,2025-07-21
MOCK-UAN-7018-9890,37,Karnataka,Maharashtra,Agriculture,581,Skilled,PM-SYM,2026-05-26
MOCK-UAN-2587-3533,64,Uttar Pradesh,Uttar Pradesh,Gig Worker,1047,Highly-skilled,PM-SYM,2025-01-19
MOCK-UAN-8696-9636,29,Karnataka,Bihar,Manufacturing,933,Highly-skilled,PM-SYM,2025-03-02
MOCK-UAN-5107-1151,26,Gujarat,Tamil Nadu,Manufacturing,869,Highly-skilled,PM-Kisan,2025-10-03
MOCK-UAN-2545-1540,21,Gujarat,Bihar,Manufacturing,860,Highly-skilled,None,2024-10-27
MOCK-UAN-3326-4774,52,Karnataka,Jharkhand,Agriculture,196,Unskilled,PM-Kisan,2025-03-31
MOCK-UAN-1538-1773,23,Karnataka,West Bengal,Manufacturing,607,Skilled,PM-SYM,2024-09-27
MOCK-UAN-2520-7153,21,Gujarat,Jharkhand,Manufacturing,295,Unskilled,eShram,2025-06-01
MOCK-UAN-4666-8366,37,Odisha,Odisha,Agriculture,956,Highly-skilled,PM-Kisan,2026-02-24
MOCK-UAN-8073-9290,28,Karnataka,Karnataka,Agriculture,917,Highly-skilled,PM-SYM,2025-05-06
MOCK-UAN-6430-9063,-2,West Bengal,Odisha,Manufacturing,516,Semi-skilled,PM-SYM,2025-08-25
MOCK-UAN-6473-1511,42,Karnataka,Jharkhand,Gig Worker,965,Highly-skilled,PM-SYM,2026-03-04
MOCK-UAN-6525-3809,30,Maharashtra,Odisha,Manufacturing,506,Semi-skilled,None,2026-09-09
MOCK-UAN-1504-3259,53,Karnataka,Odisha,Domestic Worker,423,Semi-skilled,PM-Kisan,2026-04-03
MOCK-UAN-8516-2553,26,Maharashtra,Gujarat,Agriculture,488,Semi-skilled,eShram,2025-06-13
MOCK-UAN-5834-7383,14,Uttar Pradesh,Uttar Pradesh,Manufacturing,2500,Highly-skilled,PM-Kisan,2025-07-03
MOCK-UAN-2698-5978,32,Odisha,Gujarat,Construction,961,Highly-skilled,eShram,2025-06-14
MOCK-UAN-6177-5002,54,Uttar Pradesh,Jharkhand,Gig Worker,300,Unskilled,eShram,2025-05-05
MOCK-UAN-4303-7151,24,Uttar Pradesh,Uttar Pradesh,Agriculture,586,Skilled,None,2025-07-20
MOCK-UAN-7273-9103,22,Bihar,Gujarat,Manufacturing,472,Semi-skilled,PM-SYM,2025-04-12
MOCK-UAN-2058-7239,18,Uttar Pradesh,Uttar Pradesh,Manufacturing,423,Semi-skilled,PM-Kisan,2024-11-05
MOCK-UAN-1551-6586,20,Bihar,Bihar,Gig Worker,947,Highly-skilled,Ayushman Bharat,2025-09-22
MOCK-UAN-3787-7626,33,Tamil Nadu,Gujarat,Manufacturing,342,Unskilled,PM-SYM,2025-05-27
MOCK-UAN-3792-5232,56,Maharashtra,Maharashtra,Agriculture,594,Skilled,None,2024-12-12
MOCK-UAN-7954-7738,62,Odisha,Odisha,Agriculture,425,Semi-skilled,Ayushman Bharat,2024-11-12
MOCK-UAN-2304-7565,24,Karnataka,Jharkhand,Manufacturing,302,Unskilled,Ayushman Bharat,2025-05-08
MOCK-UAN-1245-7870,54,Andhra Pradesh,Karnataka,Construction,631,Semi-skilled,PM-SYM,2026-06-18
MOCK-UAN-9482-8500,34,Gujarat,Gujarat,Domestic Worker,507,Semi-skilled,Ayushman Bharat,2024-12-28
MOCK-UAN-2303-3190,64,Maharashtra,Karnataka,Construction,408,Unskilled,PM-Kisan,2025-02-01
MOCK-UAN-4370-4146,20,Odisha,Gujarat,Agriculture,471,Semi-skilled,eShram,2026-04-12
MOCK-UAN-1071-1105,54,Uttar Pradesh,Tamil Nadu,Domestic Worker,308,Unskilled,PM-Kisan,2025-11-15
MOCK-UAN-6880-6202,55,Gujarat,Gujarat,Construction,830,Highly-skilled,PM-Kisan,2026-08-17
MOCK-UAN-2323-5360,64,Odisha,West Bengal,Domestic Worker,416,Semi-skilled,PM-SYM,2025-03-09
MOCK-UAN-4299-1205,53,Jharkhand,Jharkhand,Gig Worker,975,Highly-skilled,eShram,2026-07-18
MOCK-UAN-6541-7772,48,Tamil Nadu,Karnataka,Agriculture,506,Skilled,eShram,2024-10-17
MOCK-UAN-6359-3518,28,Karnataka,Karnataka,Agriculture,242,Unskilled,Ayushman Bharat,2025-07-06
MOCK-UAN-6261-7240,46,Andhra Pradesh,Karnataka,Gig Worker,600,Skilled,PM-Kisan,2025-07-23
MOCK-UAN-2180-7642,40,West Bengal,West Bengal,Agriculture,298,Unskilled,Ayushman Bharat,2025-04-12
MOCK-UAN-3971-6811,46,Maharashtra,Maharashtra,Agriculture,640,Skilled,PM-SYM,2026-06-20
MOCK-UAN-3316-5264,35,Odisha,Odisha,Construction,405,Unskilled,PM-Kisan,2024-11-21
MOCK-UAN-5196-3560,28,Bihar,Bihar,Agriculture,470,Semi-skilled,eShram,2025-04-18
MOCK-UAN-1070-8720,35,West Bengal,Tamil Nadu,Gig Worker,651,Skilled,PM-SYM,2025-06-10
MOCK-UAN-1775-3409,65,Tamil Nadu,Tamil Nadu,Gig Worker,603,Skilled,PM-Kisan,2025-12-27
MOCK-UAN-9861-1970,37,Gujarat,Uttar Pradesh,Manufacturing,512,Skilled,PM-Kisan,2026-05-10
MOCK-UAN-9376-8917,34,Jharkhand,Andhra Pradesh,Construction,886,Highly-skilled,eShram,2025-05-02
MOCK-UAN-9195-6435,51,Karnataka,Odisha,Construction,905,Highly-skilled,None,2025-11-08
MOCK-UAN-3410-5350,51,West Bengal,West Bengal,Gig Worker,392,Unskilled,eShram,2025-07-02
MOCK-UAN-8006-8363,31,Andhra Pradesh,Bihar,Construction,299,Unskilled,PM-Kisan,2025-09-29
MOCK-UAN-6701-8149,48,Maharashtra,Jharkhand,Manufacturing,916,Highly-skilled,None,2024-11-27
MOCK-UAN-3243-9437,52,Uttar Pradesh,Tamil Nadu,Gig Worker,688,Skilled,eShram,2026-07-12
MOCK-UAN-1302-3779,53,Gujarat,Gujarat,Domestic Worker,900,Highly-skilled,None,2025-08-04
MOCK-UAN-9108-9709,49,Maharashtra,Maharashtra,Domestic Worker,17152,Skilled,Ayushman Bharat,2025-11-09
MOCK-UAN-5429-3854,50,Tamil Nadu,Tamil Nadu,Agriculture,840,Highly-skilled,Ayushman Bharat,2026-05-14
MOCK-UAN-6589-3523,49,Maharashtra,Karnataka,Agriculture,620,Skilled,eShram,2026-03-11
MOCK-UAN-1758-1848,23,Karnataka,Karnataka,Domestic Worker,899,Highly-skilled,None,2025-11-27
MOCK-UAN-3041-6255,44,Maharashtra,Maharashtra,Manufacturing,583,Skilled,PM-Kisan,2025-02-03
MOCK-UAN-8370-8516,47,Gujarat,Odisha,Construction,394,Unskilled,PM-SYM,2025-03-08
MOCK-UAN-2555-4917,47,Jharkhand,Jharkhand,Agriculture,343,Unskilled,eShram,2025-08-12
MOCK-UAN-6579-8688,57,Odisha,Tamil Nadu,Gig Worker,502,Semi-skilled,Ayushman Bharat,2026-04-20
MOCK-UAN-1991-7560,36,Maharashtra,Maharashtra,Manufacturing,890,Highly-skilled,None,2026-04-29
MOCK-UAN-8455-8631,36,Odisha,Andhra Pradesh,Agriculture,314,Unskilled,eShram,2024-12-29
MOCK-UAN-3858-8905,33,Gujarat,Jharkhand,Construction,336,Unskilled,None,2026-01-18
MOCK-UAN-8585-2358,19,West Bengal,Uttar Pradesh,Manufacturing,479,Semi-skilled,PM-Kisan,2026-09-12
MOCK-UAN-3091-4229,55,Jharkhand,Jharkhand,Domestic Worker,314,Unskilled,None,2026-03-05
MOCK-UAN-6822-3874,48,West Bengal,Andhra Pradesh,Gig Worker,491,Unskilled,PM-SYM,2025-07-30
MOCK-UAN-3807-8238,57,Odisha,Gujarat,Manufacturing,223,Unskilled,None,2024-11-30
MOCK-UAN-1630-2677,50,Bihar,West Bengal,Gig Worker,693,Skilled,Ayushman Bharat,2025-03-07
MOCK-UAN-9423-5200,41,Bihar,Jharkhand,Construction,604,Skilled,eShram,2026-08-02
MOCK-UAN-9773-4334,37,Odisha,Odisha,Manufacturing,930,Highly-skilled,PM-Kisan,2026-07-13
MOCK-UAN-5448-2790,40,Gujarat,West Bengal,Domestic Worker,219,Unskilled,PM-Kisan,2025-12-03
MOCK-UAN-8628-7672,26,Tamil Nadu,Tamil Nadu,Domestic Worker,917,Highly-skilled,None,2025-03-03
MOCK-UAN-5072-4228,37,Gujarat,Gujarat,Construction,918,Highly-skilled,PM-Kisan,2025-05-03
MOCK-UAN-1912-3572,16,Maharashtra,Karnataka,Agriculture,2500,Highly-skilled,PM-SYM,2026-03-24
MOCK-UAN-5835-8417,35,Karnataka,Maharashtra,Domestic Worker,827,Highly-skilled,PM-Kisan,2025-05-30
MOCK-UAN-9823-7764,-5,West Bengal,Gujarat,Domestic Worker,876,Highly-skilled,PM-SYM,2026-06-21
MOCK-UAN-6756-6742,22,Maharashtra,West Bengal,Manufacturing,504,Semi-skilled,PM-SYM,2025-08-18
MOCK-UAN-3094-9779,23,Tamil Nadu,Tamil Nadu,Construction,648,Skilled,eShram,2025-11-04
MOCK-UAN-3298-2720,63,Tamil Nadu,Tamil Nadu,Manufacturing,481,Semi-skilled,PM-Kisan,2026-09-03
MOCK-UAN-2405-3643,52,Tamil Nadu,Tamil Nadu,Domestic Worker,383,Unskilled,eShram,2024-09-19
MOCK-UAN-9466-2357,-4,Karnataka,Karnataka,Construction,363,Unskilled,Ayushman Bharat,2026-05-29
MOCK-UAN-8320-3348,34,West Bengal,West Bengal,Agriculture,422,Semi-skilled,PM-SYM,2026-06-20
MOCK-UAN-5861-2071,43,Karnataka,Maharashtra,Domestic Worker,323,Unskilled,eShram,2026-09-09
MOCK-UAN-9172-7398,51,West Bengal,Karnataka,Gig Worker,672,Skilled,eShram,2026-05-24
MOCK-UAN-8647-6512,26,Maharashtra,Maharashtra,Agriculture,874,Highly-skilled,eShram,2025-04-07
MOCK-UAN-6603-7834,22,Maharashtra,Maharashtra,Construction,574,Skilled,eShram,2025-07-10
MOCK-UAN-7130-4748,40,Maharashtra,West Bengal,Manufacturing,496,Semi-skilled,PM-SYM,2026-02-23
MOCK-UAN-7191-4213,36,Tamil Nadu,Tamil Nadu,Manufacturing,580,Skilled,PM-Kisan,2025-05-09
MOCK-UAN-8725-5751,25,Maharashtra,Bihar,Gig Worker,559,Semi-skilled,Ayushman Bharat,2025-11-06
MOCK-UAN-3749-9035,50,Maharashtra,Andhra Pradesh,Construction,448,Semi-skilled,Ayushman Bharat,2026-01-29
MOCK-UAN-1978-2509,21,Maharashtra,Uttar Pradesh,Gig Worker,421,Unskilled,PM-SYM,2025-02-22
MOCK-UAN-8358-8666,59,Uttar Pradesh,Uttar Pradesh,Agriculture,411,Semi-skilled,None,2026-06-28
MOCK-UAN-7760-7260,61,Jharkhand,Jharkhand,Agriculture,442,Semi-skilled,PM-Kisan,2025-03-14
MOCK-UAN-8137-7591,32,Karnataka,Maharashtra,Construction,543,Semi-skilled,PM-SYM,2025-11-28
MOCK-UAN-2681-3324,58,Maharashtra,Maharashtra,Domestic Worker,939,Highly-skilled,PM-Kisan,2026-04-15
MOCK-UAN-4672-4288,53,Maharashtra,Maharashtra,Manufacturing,598,Skilled,Ayushman Bharat,2026-07-24
MOCK-UAN-9904-3478,46,Maharashtra,Maharashtra,Agriculture,511,Skilled,PM-Kisan,2026-08-01
MOCK-UAN-7795-7514,24,Uttar Pradesh,West Bengal,Construction,499,Unskilled,PM-Kisan,2025-02-28
MOCK-UAN-8097-9275,58,Jharkhand,Jharkhand,Agriculture,687,Skilled,PM-Kisan,2024-11-15
MOCK-UAN-8692-3433,24,Tamil Nadu,Tamil Nadu,Agriculture,936,Highly-skilled,eShram,2025-02-06
MOCK-UAN-6530-3420,41,West Bengal,West Bengal,Domestic Worker,562,Skilled,PM-Kisan,2025-01-26
MOCK-UAN-3331-5730,21,Jharkhand,Jharkhand,Domestic Worker,19214,Unskilled,Ayushman Bharat,2024-10-07
MOCK-UAN-5097-1772,56,West Bengal,Bihar,Gig Worker,522,Semi-skilled,PM-SYM,2026-07-26
MOCK-UAN-6495-7785,62,West Bengal,Gujarat,Gig Worker,763,Skilled,PM-Kisan,2026-05-27
MOCK-UAN-6579-5788,41,Tamil Nadu,Tamil Nadu,Construction,363,Unskilled,None,2025-03-03
MOCK-UAN-6786-4471,54,West Bengal,West Bengal,Manufacturing,560,Skilled,Ayushman Bharat,2026-08-26
MOCK-UAN-4478-8063,35,Bihar,Maharashtra,Domestic Worker,876,Highly-skilled,Ayushman Bharat,2026-04-03
MOCK-UAN-3706-1447,21,Jharkhand,Jharkhand,Construction,406,Unskilled,None,2026-04-19
MOCK-UAN-4994-7171,43,Odisha,Jharkhand,Construction,730,Skilled,PM-SYM,2024-09-28
MOCK-UAN-4211-4024,64,West Bengal,West Bengal,Construction,576,Semi-skilled,Ayushman Bharat,2025-01-29
MOCK-UAN-6874-3962,-3,Andhra Pradesh,Andhra Pradesh,Gig Worker,437,Unskilled,eShram,2025-08-24
MOCK-UAN-5086-5029,51,West Bengal,Tamil Nadu,Agriculture,887,Highly-skilled,PM-Kisan,2025-11-19
MOCK-UAN-7346-4286,64,Andhra Pradesh,Uttar Pradesh,Agriculture,737,Highly-skilled,PM-SYM,2026-05-22
MOCK-UAN-7448-9455,30,Tamil Nadu,Tamil Nadu,Agriculture,314,Unskilled,Ayushman Bharat,2024-11-10
MOCK-UAN-6883-3601,62,Maharashtra,Maharashtra,Agriculture,899,Highly-skilled,PM-SYM,2025-01-07
MOCK-UAN-7864-6241,21,Odisha,West Bengal,Construction,956,Highly-skilled,Ayushman Bharat,2024-12-24
MOCK-UAN-8343-1529,24,Jharkhand,Jharkhand,Agriculture,302,Unskilled,PM-SYM,2025-02-10
MOCK-UAN-7958-8657,44,Uttar Pradesh,Gujarat,Agriculture,833,Highly-skilled,None,2026-04-27
MOCK-UAN-5904-8438,52,Jharkhand,Uttar Pradesh,Gig Worker,727,Skilled,PM-Kisan,2026-03-03
MOCK-UAN-9182-7629,24,Jharkhand,Maharashtra,Manufacturing,331,Unskilled,None,2026-07-27
MOCK-UAN-4684-7296,43,Bihar,Jharkhand,Construction,534,Semi-skilled,eShram,2026-01-01
MOCK-UAN-3500-9236,23,Uttar Pradesh,Uttar Pradesh,Domestic Worker,347,Unskilled,eShram,2025-03-02
MOCK-UAN-9401-4225,64,Tamil Nadu,Tamil Nadu,Manufacturing,630,Skilled,None,2025-07-16
MOCK-UAN-3013-3084,36,Andhra Pradesh,Odisha,Agriculture,429,Semi-skilled,PM-Kisan,2026-02-24
MOCK-UAN-6719-2275,23,Tamil Nadu,Jharkhand,Manufacturing,296,Unskilled,eShram,2025-06-03
MOCK-UAN-6932-3708,51,Tamil Nadu,Jharkhand,Gig Worker,704,Skilled,Ayushman Bharat,2025-11-19
MOCK-UAN-4501-3810,23,Bihar,Tamil Nadu,Manufacturing,305,Unskilled,PM-SYM,2024-11-26
MOCK-UAN-3424-4897,54,Gujarat,Bihar,Domestic Worker,349,Unskilled,PM-SYM,2026-08-27
MOCK-UAN-1690-8505,58,Gujarat,West Bengal,Domestic Worker,632,Skilled,Ayushman Bharat,2025-11-25
MOCK-UAN-3801-4560,59,Andhra Pradesh,West Bengal,Agriculture,553,Semi-skilled,PM-SYM,2025-02-18
MOCK-UAN-3092-1469,45,Gujarat,Karnataka,Manufacturing,560,Semi-skilled,PM-Kisan,2025-09-30
MOCK-UAN-9530-5712,50,Maharashtra,Maharashtra,Domestic Worker,903,Highly-skilled,Ayushman Bharat,2026-08-23
MOCK-UAN-5435-3047,26,Gujarat,Andhra Pradesh,Agriculture,708,Highly-skilled,PM-Kisan,2026-07-06
MOCK-UAN-3700-9592,27,Maharashtra,West Bengal,Manufacturing,961,Highly-skilled,eShram,2025-12-01
MOCK-UAN-4888-4444,38,Uttar Pradesh,Bihar,Manufacturing,572,Skilled,Ayushman Bharat,2026-01-14
MOCK-UAN-6235-9168,59,West Bengal,Gujarat,Domestic Worker,859,Highly-skilled,None,2024-11-08
MOCK-UAN-7381-6799,19,Karnataka,Gujarat,Gig Worker,980,Highly-skilled,eShram,2025-04-25
MOCK-UAN-1742-2178,47,Odisha,Odisha,Domestic Worker,277,Unskilled,Ayushman Bharat,2026-05-28
MOCK-UAN-7057-7803,60,Gujarat,Tamil Nadu,Manufacturing,1,Semi-skilled,eShram,2026-08-11
MOCK-UAN-3522-6557,38,Tamil Nadu,Odisha,Construction,872,Highly-skilled,PM-Kisan,2025-07-04
MOCK-UAN-4164-3463,60,Odisha,Uttar Pradesh,Manufacturing,846,Highly-skilled,Ayushman Bharat,2025-12-24
MOCK-UAN-3460-4339,47,Tamil Nadu,Tamil Nadu,Manufacturing,317,Unskilled,PM-Kisan,2024-10-26
MOCK-UAN-4010-5555,34,Gujarat,Uttar Pradesh,Construction,981,Highly-skilled,None,2025-06-20
MOCK-UAN-5512-9689,56,Odisha,West Bengal,Gig Worker,1032,Highly-skilled,PM-SYM,2025-06-13
MOCK-UAN-4311-2837,50,Jharkhand,Jharkhand,Construction,310,Unskilled,PM-Kisan,2025-01-17
MOCK-UAN-7108-1521,45,Bihar,Bihar,Manufacturing,851,Highly-skilled,eShram,2025-06-01
MOCK-UAN-5600-1380,44,Andhra Pradesh,Andhra Pradesh,Domestic Worker,424,Semi-skilled,Ayushman Bharat,2026-01-09
MOCK-UAN-3164-3312,15,Odisha,Odisha,Domestic Worker,2500,Highly-skilled,PM-SYM,2026-06-18
MOCK-UAN-2365-8311,54,Jharkhand,Jharkhand,Domestic Worker,524,Semi-skilled,PM-Kisan,2026-03-22
MOCK-UAN-2020-9390,40,Tamil Nadu,Tamil Nadu,Gig Worker,897,Highly-skilled,None,2026-08-12
MOCK-UAN-1539-6843,41,Andhra Pradesh,Andhra Pradesh,Gig Worker,988,Highly-skilled,PM-SYM,2025-04-10
MOCK-UAN-8747-8005,44,Tamil Nadu,Tamil Nadu,Construction,583,Skilled,eShram,2025-06-15
MOCK-UAN-8875-6825,46,Uttar Pradesh,Bihar,Construction,267,Unskilled,Ayushman Bharat,2026-04-21
MOCK-UAN-6568-6913,40,Uttar Pradesh,Karnataka,Gig Worker,598,Semi-skilled,eShram,2024-11-25
MOCK-UAN-2606-5504,62,Andhra Pradesh,Odisha,Manufacturing,627,Skilled,eShram,2025-09-03
MOCK-UAN-2223-7657,22,Karnataka,Jharkhand,Domestic Worker,922,Highly-skilled,eShram,2026-02-08
MOCK-UAN-1903-3190,54,Uttar Pradesh,Gujarat,Agriculture,946,Highly-skilled,PM-Kisan,2026-05-05
MOCK-UAN-5403-6052,51,Maharashtra,Maharashtra,Agriculture,276,Unskilled,None,2025-09-22
MOCK-UAN-3628-4538,-4,West Bengal,West Bengal,Construction,478,Semi-skilled,None,2026-05-09
MOCK-UAN-7277-6706,41,Bihar,Uttar Pradesh,Manufacturing,559,Semi-skilled,eShram,2026-06-05
MOCK-UAN-4313-9936,57,Jharkhand,Gujarat,Domestic Worker,587,Skilled,None,2025-10-09
MOCK-UAN-4246-8897,63,Gujarat,Gujarat,Gig Worker,1036,Highly-skilled,Ayushman Bharat,2025-06-09
MOCK-UAN-4252-8864,33,Tamil Nadu,Bihar,Domestic Worker,300,Unskilled,Ayushman Bharat,2026-02-15
MOCK-UAN-9220-5163,55,Odisha,Odisha,Manufacturing,807,Highly-skilled,None,2026-06-15
MOCK-UAN-3142-5294,53,West Bengal,Tamil Nadu,Domestic Worker,347,Semi-skilled,eShram,2025-01-07
MOCK-UAN-7693-4720,32,Karnataka,Maharashtra,Manufacturing,271,Unskilled,Ayushman Bharat,2025-06-24
MOCK-UAN-7076-4570,48,Gujarat,Jharkhand,Agriculture,352,Unskilled,PM-Kisan,2025-06-26
MOCK-UAN-2915-3783,28,Odisha,Uttar Pradesh,Manufacturing,339,Unskilled,eShram,2025-06-04
MOCK-UAN-4148-2432,55,Jharkhand,Tamil Nadu,Domestic Worker,495,Semi-skilled,PM-Kisan,2026-04-24
MOCK-UAN-9262-3637,23,Karnataka,Uttar Pradesh,Domestic Worker,550,Skilled,Ayushman Bharat,2026-06-02
MOCK-UAN-7489-8910,31,Odisha,Bihar,Construction,580,Semi-skilled,PM-SYM,2026-04-24
MOCK-UAN-9528-8638,29,Andhra Pradesh,Bihar,Gig Worker,501,Semi-skilled,None,2025-01-05
MOCK-UAN-3183-1238,55,Uttar Pradesh,West Bengal,Agriculture,310,Unskilled,None,2025-05-27
MOCK-UAN-2171-3196,61,Jharkhand,Bihar,Agriculture,299,Unskilled,PM-SYM,2025-10-30
MOCK-UAN-8006-6019,39,Andhra Pradesh,Karnataka,Construction,641,Skilled,None,2026-05-25
MOCK-UAN-8570-7232,14,Odisha,Maharashtra,Domestic Worker,2500,Highly-skilled,PM-SYM,2024-10-15
MOCK-UAN-9913-4215,62,Odisha,Odisha,Gig Worker,5,Skilled,eShram,2025-12-27
MOCK-UAN-7712-8872,-3,Bihar,Tamil Nadu,Agriculture,232,Unskilled,Ayushman Bharat,2025-12-24
MOCK-UAN-5507-3246,34,Maharashtra,West Bengal,Gig Worker,400,Unskilled,PM-SYM,2026-05-23
MOCK-UAN-6199-2875,58,Andhra Pradesh,Andhra Pradesh,Construction,480,Semi-skilled,Ayushman Bharat,2025-09-04
MOCK-UAN-8146-5260,35,Karnataka,Karnataka,Construction,1118,Highly-skilled,PM-Kisan,2026-09-08
MOCK-UAN-3563-4961,40,Odisha,Bihar,Construction,983,Highly-skilled,eShram,2025-08-17
MOCK-UAN-7089-8449,18,Jharkhand,Odisha,Domestic Worker,429,Semi-skilled,PM-Kisan,2025-02-10
MOCK-UAN-6044-8466,42,Jharkhand,Odisha,Domestic Worker,397,Semi-skilled,Ayushman Bharat,2025-03-12
MOCK-UAN-4241-2626,16,Andhra Pradesh,Andhra Pradesh,Domestic Worker,2500,Highly-skilled,None,2025-01-15
MOCK-UAN-3914-7847,38,Odisha,West Bengal,Manufacturing,548,Skilled,PM-Kisan,2026-03-25
MOCK-UAN-3250-9957,25,West Bengal,Gujarat,Manufacturing,905,Highly-skilled,eShram,2025-04-22
MOCK-UAN-9245-2399,37,Gujarat,Tamil Nadu,Domestic Worker,371,Unskilled,PM-Kisan,2024-09-30
MOCK-UAN-8825-2250,45,Maharashtra,Jharkhand,Domestic Worker,506,Semi-skilled,PM-Kisan,2025-04-09
MOCK-UAN-4423-9711,19,Bihar,Odisha,Construction,511,Semi-skilled,PM-Kisan,2026-07-25
MOCK-UAN-1747-4337,20,Gujarat,Gujarat,Manufacturing,883,Highly-skilled,Ayushman Bharat,2026-07-15
MOCK-UAN-9131-6564,24,West Bengal,West Bengal,Gig Worker,563,Semi-skilled,PM-Kisan,2026-06-29
MOCK-UAN-6026-1376,18,Gujarat,Karnataka,Gig Worker,524,Semi-skilled,eShram,2025-09-25
MOCK-UAN-8144-1077,26,Jharkhand,West Bengal,Manufacturing,685,Skilled,Ayushman Bharat,2024-11-13
MOCK-UAN-5188-6789,28,Jharkhand,Odisha,Manufacturing,890,Highly-skilled,PM-Kisan,2026-07-12
MOCK-UAN-3317-1187,41,West Bengal,Jharkhand,Manufacturing,895,Highly-skilled,Ayushman Bharat,2025-01-15
MOCK-UAN-4951-8945,32,Jharkhand,Jharkhand,Domestic Worker,789,Highly-skilled,eShram,2026-04-17
MOCK-UAN-5896-2020,29,Jharkhand,Odisha,Construction,340,Unskilled,Ayushman Bharat,2025-10-27
MOCK-UAN-5047-6269,39,Andhra Pradesh,Andhra Pradesh,Manufacturing,941,Highly-skilled,Ayushman Bharat,2025-06-04
MOCK-UAN-4963-8561,19,Tamil Nadu,Bihar,Construction,446,Semi-skilled,eShram,2025-12-13
MOCK-UAN-3733-4833,38,Gujarat,Gujarat,Gig Worker,662,Skilled,None,2026-04-09
MOCK-UAN-2112-7219,51,Uttar Pradesh,Karnataka,Agriculture,639,Skilled,eShram,2024-11-07
MOCK-UAN-4200-4259,28,Andhra Pradesh,Uttar Pradesh,Manufacturing,226,Unskilled,PM-Kisan,2026-05-04
MOCK-UAN-3923-8873,48,Karnataka,Karnataka,Domestic Worker,352,Unskilled,PM-SYM,2024-12-24
MOCK-UAN-7392-1696,51,Jharkhand,Jharkhand,Domestic Worker,423,Semi-skilled,PM-SYM,2026-08-07
MOCK-UAN-3756-8290,26,Gujarat,West Bengal,Agriculture,580,Skilled,eShram,2026-06-01
MOCK-UAN-3928-9016,45,Karnataka,Andhra Pradesh,Gig Worker,493,Semi-skilled,PM-Kisan,2025-03-28
MOCK-UAN-5743-9860,39,Bihar,Bihar,Construction,368,Unskilled,None,2024-10-14
MOCK-UAN-9503-7173,59,Jharkhand,Jharkhand,Construction,1072,Highly-skilled,Ayushman Bharat,2026-06-01
MOCK-UAN-3887-1316,27,Karnataka,Karnataka,Construction,539,Semi-skilled,eShram,2025-06-26
MOCK-UAN-6686-4333,24,Karnataka,Karnataka,Manufacturing,406,Semi-skilled,PM-SYM,2025-09-08
MOCK-UAN-6450-7702,49,Bihar,Maharashtra,Construction,406,Unskilled,eShram,2025-06-08
MOCK-UAN-6029-6011,25,Karnataka,Tamil Nadu,Agriculture,584,Skilled,eShram,2026-05-08
MOCK-UAN-9762-1444,49,West Bengal,Tamil Nadu,Gig Worker,618,Semi-skilled,Ayushman Bharat,2026-04-15
MOCK-UAN-4207-9023,64,Jharkhand,Gujarat,Construction,390,Unskilled,eShram,2025-03-25
MOCK-UAN-1236-6456,51,Tamil Nadu,West Bengal,Agriculture,452,Skilled,PM-Kisan,2024-11-04
MOCK-UAN-3932-8559,43,Uttar Pradesh,Maharashtra,Gig Worker,949,Highly-skilled,PM-Kisan,2025-04-13
MOCK-UAN-2854-5898,64,Karnataka,Andhra Pradesh,Domestic Worker,347,Unskilled,PM-Kisan,2025-04-16
MOCK-UAN-9765-3783,25,Andhra Pradesh,West Bengal,Gig Worker,557,Semi-skilled,PM-Kisan,2024-10-18
MOCK-UAN-6437-3049,14,Gujarat,Gujarat,Construction,2500,Highly-skilled,Ayushman Bharat,2025-04-10
MOCK-UAN-6140-4997,41,Gujarat,Jharkhand,Manufacturing,868,Highly-skilled,PM-SYM,2025-08-06
MOCK-UAN-5508-6148,39,Karnataka,Karnataka,Agriculture,204,Unskilled,Ayushman Bharat,2025-06-02
MOCK-UAN-3609-8879,23,Bihar,Odisha,Gig Worker,995,Highly-skilled,PM-Kisan,2024-11-17
MOCK-UAN-1622-5306,22,West Bengal,Gujarat,Manufacturing,560,Semi-skilled,PM-Kisan,2025-09-22
MOCK-UAN-5922-9519,53,Andhra Pradesh,Andhra Pradesh,Construction,540,Semi-skilled,Ayushman Bharat,2025-05-20
MOCK-UAN-1572-6603,31,Jharkhand,Jharkhand,Construction,759,Skilled,PM-Kisan,2025-04-26
MOCK-UAN-5798-1006,62,Jharkhand,Jharkhand,Agriculture,344,Unskilled,None,2024-12-10
MOCK-UAN-5870-5503,38,Jharkhand,Uttar Pradesh,Construction,701,Skilled,eShram,2025-05-18
MOCK-UAN-7737-1182,24,Andhra Pradesh,Odisha,Gig Worker,648,Semi-skilled,None,2026-07-28
MOCK-UAN-5520-6325,51,Karnataka,West Bengal,Agriculture,618,Skilled,eShram,2025-11-01
MOCK-UAN-3575-3950,38,Andhra Pradesh,Tamil Nadu,Manufacturing,890,Highly-skilled,None,2026-02-21
MOCK-UAN-3035-9190,58,Maharashtra,Maharashtra,Gig Worker,1051,Highly-skilled,Ayushman Bharat,2026-05-03
MOCK-UAN-9447-8931,31,Uttar Pradesh,Uttar Pradesh,Manufacturing,972,Highly-skilled,None,2026-02-24
MOCK-UAN-7228-6153,55,Karnataka,Karnataka,Agriculture,426,Semi-skilled,None,2025-04-22
MOCK-UAN-2846-2222,34,Jharkhand,Odisha,Construction,463,Semi-skilled,None,2025-02-10
MOCK-UAN-7224-1987,65,Maharashtra,Maharashtra,Manufacturing,456,Semi-skilled,PM-SYM,2025-12-22
MOCK-UAN-1045-3972,16,Gujarat,Gujarat,Gig Worker,2500,Highly-skilled,eShram,2025-12-04
MOCK-UAN-8003-3001,64,Karnataka,Andhra Pradesh,Construction,389,Unskilled,None,2025-06-14
MOCK-UAN-9812-9699,33,Jharkhand,Bihar,Domestic Worker,828,Highly-skilled,Ayushman Bharat,2026-04-03
MOCK-UAN-7602-5390,33,Andhra Pradesh,Bihar,Construction,445,Unskilled,PM-Kisan,2024-11-29
MOCK-UAN-3606-3037,58,Andhra Pradesh,Maharashtra,Agriculture,417,Semi-skilled,PM-Kisan,2026-05-10
MOCK-UAN-7828-8168,56,Tamil Nadu,Tamil Nadu,Agriculture,436,Semi-skilled,None,2026-08-29
MOCK-UAN-6504-5260,40,Tamil Nadu,Tamil Nadu,Gig Worker,354,Unskilled,PM-Kisan,2026-08-16
MOCK-UAN-1150-9960,63,Tamil Nadu,Tamil Nadu,Agriculture,734,Skilled,Ayushman Bharat,2026-03-03
MOCK-UAN-5881-9883,48,Bihar,Maharashtra,Domestic Worker,612,Skilled,PM-SYM,2025-10-22
MOCK-UAN-9722-2753,21,Odisha,Uttar Pradesh,Agriculture,407,Semi-skilled,None,2026-04-09
MOCK-UAN-3539-8906,35,Maharashtra,Odisha,Agriculture,493,Semi-skilled,Ayushman Bharat,2025-04-26
MOCK-UAN-1314-5229,50,Bihar,Bihar,Agriculture,638,Skilled,eShram,2026-05-21
MOCK-UAN-9348-4241,23,West Bengal,Jharkhand,Agriculture,440,Semi-skilled,Ayushman Bharat,2026-01-04
MOCK-UAN-8981-3150,38,Karnataka,Andhra Pradesh,Manufacturing,492,Semi-skilled,PM-Kisan,2025-10-02
MOCK-UAN-7250-2115,60,Odisha,Odisha,Domestic Worker,258,Unskilled,None,2025-05-13
MOCK-UAN-3637-6613,53,Karnataka,Karnataka,Manufacturing,875,Highly-skilled,eShram,2025-05-05
MOCK-UAN-3165-9187,50,Jharkhand,Jharkhand,Domestic Worker,199,Unskilled,PM-Kisan,2025-02-02
MOCK-UAN-6294-6938,32,Karnataka,Jharkhand,Construction,283,Unskilled,PM-Kisan,2025-03-02
MOCK-UAN-7772-6650,27,West Bengal,Andhra Pradesh,Manufacturing,990,Highly-skilled,PM-SYM,2026-03-02
MOCK-UAN-6581-9680,38,West Bengal,West Bengal,Gig Worker,632,Semi-skilled,None,2026-05-09
MOCK-UAN-6925-7524,27,Tamil Nadu,Bihar,Manufacturing,603,Skilled,Ayushman Bharat,2025-03-30
MOCK-UAN-7662-8576,21,Odisha,Odisha,Manufacturing,533,Semi-skilled,PM-Kisan,2026-05-30
MOCK-UAN-2560-2503,27,West Bengal,Andhra Pradesh,Construction,341,Unskilled,PM-SYM,2025-05-12
MOCK-UAN-9390-1667,41,Jharkhand,Uttar Pradesh,Agriculture,887,Highly-skilled,eShram,2026-07-22
MOCK-UAN-5054-5810,35,Andhra Pradesh,Odisha,Domestic Worker,302,Unskilled,eShram,2024-12-15
MOCK-UAN-8295-3887,21,Karnataka,Uttar Pradesh,Manufacturing,443,Semi-skilled,eShram,2026-01-13
MOCK-UAN-5233-5060,54,Bihar,Maharashtra,Gig Worker,539,Semi-skilled,None,2026-06-26
MOCK-UAN-9358-8379,18,Uttar Pradesh,Gujarat,Domestic Worker,507,Semi-skilled,PM-Kisan,2026-04-15
MOCK-UAN-8809-3476,17,Bihar,Bihar,Manufacturing,2500,Highly-skilled,PM-SYM,2025-10-29
MOCK-UAN-8304-9130,40,Uttar Pradesh,Uttar Pradesh,Construction,385,Unskilled,PM-Kisan,2025-07-13
MOCK-UAN-9172-7493,28,Odisha,Uttar Pradesh,Domestic Worker,651,Skilled,PM-Kisan,2025-12-17
MOCK-UAN-2522-7655,64,Bihar,Jharkhand,Construction,519,Semi-skilled,None,2025-11-29
MOCK-UAN-5024-1244,55,Andhra Pradesh,Gujarat,Manufacturing,401,Semi-skilled,PM-SYM,2025-07-13
MOCK-UAN-4076-2348,55,Bihar,Uttar Pradesh,Manufacturing,532,Skilled,None,2025-07-08
MOCK-UAN-9031-7146,42,Tamil Nadu,Tamil Nadu,Agriculture,457,Semi-skilled,PM-SYM,2026-05-26
MOCK-UAN-7189-7417,36,Tamil Nadu,Tamil Nadu,Construction,941,Highly-skilled,PM-SYM,2026-05-09
MOCK-UAN-3668-2173,19,Jharkhand,Jharkhand,Domestic Worker,304,Unskilled,PM-SYM,2025-10-25
MOCK-UAN-6019-4435,42,Bihar,Bihar,Agriculture,449,Semi-skilled,PM-Kisan,2025-08-11
MOCK-UAN-3086-5846,18,Gujarat,Odisha,Domestic Worker,579,Semi-skilled,PM-Kisan,2024-12-15
MOCK-UAN-6474-3290,34,Gujarat,Uttar Pradesh,Manufacturing,13345,Unskilled,eShram,2024-11-22
MOCK-UAN-8349-1948,26,Tamil Nadu,Tamil Nadu,Gig Worker,450,Semi-skilled,None,2026-05-02
MOCK-UAN-8393-2636,19,Odisha,Odisha,Gig Worker,566,Semi-skilled,PM-SYM,2026-04-12
MOCK-UAN-6970-9318,64,Jharkhand,Jharkhand,Agriculture,281,Unskilled,None,2026-09-05
MOCK-UAN-2715-5355,41,Tamil Nadu,Tamil Nadu,Gig Worker,715,Skilled,eShram,2025-07-17
MOCK-UAN-6465-9867,64,Bihar,Gujarat,Gig Worker,579,Semi-skilled,None,2025-01-03
MOCK-UAN-8192-6181,33,Uttar Pradesh,Gujarat,Domestic Worker,364,Unskilled,eShram,2025-09-15
MOCK-UAN-5090-7218,52,Tamil Nadu,Karnataka,Agriculture,374,Semi-skilled,eShram,2025-06-07
MOCK-UAN-3327-1952,58,Karnataka,Odisha,Gig Worker,672,Skilled,Ayushman Bharat,2024-09-21
MOCK-UAN-6286-2596,42,Andhra Pradesh,Andhra Pradesh,Agriculture,321,Unskilled,Ayushman Bharat,2025-09-23
MOCK-UAN-4102-1857,65,Maharashtra,Andhra Pradesh,Manufacturing,638,Skilled,Ayushman Bharat,2026-04-03
MOCK-UAN-9646-5454,21,Karnataka,West Bengal,Gig Worker,509,Unskilled,Ayushman Bharat,2026-04-23
MOCK-UAN-8335-9966,29,Uttar Pradesh,Karnataka,Construction,997,Highly-skilled,PM-SYM,2025-11-24
MOCK-UAN-4265-2021,29,Tamil Nadu,Maharashtra,Manufacturing,897,Highly-skilled,PM-Kisan,2025-02-15
MOCK-UAN-1924-7323,31,West Bengal,West Bengal,Agriculture,855,Highly-skilled,None,2025-06-27
MOCK-UAN-6916-4724,51,Karnataka,Odisha,Domestic Worker,871,Highly-skilled,None,2025-07-22
MOCK-UAN-4780-2445,62,Jharkhand,West Bengal,Agriculture,870,Highly-skilled,PM-SYM,2025-06-08
MOCK-UAN-8700-7486,28,Jharkhand,Tamil Nadu,Construction,382,Unskilled,PM-SYM,2025-02-12
MOCK-UAN-9082-9773,38,Maharashtra,Uttar Pradesh,Agriculture,312,Unskilled,eShram,2024-09-27
MOCK-UAN-3510-4296,60,West Bengal,West Bengal,Manufacturing,233,Unskilled,Ayushman Bharat,2025-11-14
MOCK-UAN-9005-7181,48,Bihar,Odisha,Gig Worker,10,Highly-skilled,Ayushman Bharat,2026-04-02
MOCK-UAN-8744-9531,62,West Bengal,West Bengal,Manufacturing,493,Semi-skilled,PM-Kisan,2024-11-20
MOCK-UAN-5368-7153,41,Karnataka,Karnataka,Construction,517,Semi-skilled,Ayushman Bharat,2026-05-14
MOCK-UAN-1359-3680,41,Odisha,Odisha,Domestic Worker,328,Unskilled,None,2025-11-24
MOCK-UAN-1156-2322,49,Uttar Pradesh,Andhra Pradesh,Domestic Worker,319,Unskilled,PM-SYM,2026-09-12
MOCK-UAN-4021-8932,62,West Bengal,West Bengal,Gig Worker,631,Semi-skilled,PM-SYM,2025-11-25
MOCK-UAN-8190-2420,37,Gujarat,Gujarat,Manufacturing,311,Unskilled,eShram,2025-06-26
MOCK-UAN-2387-5074,65,Jharkhand,West Bengal,Agriculture,430,Semi-skilled,Ayushman Bharat,2025-03-19
MOCK-UAN-5956-4708,63,West Bengal,Jharkhand,Gig Worker,504,Semi-skilled,PM-SYM,2026-01-21
MOCK-UAN-6722-1789,46,Tamil Nadu,Odisha,Construction,662,Skilled,None,2026-04-15
MOCK-UAN-5442-2056,28,Gujarat,Odisha,Domestic Worker,777,Highly-skilled,PM-Kisan,2026-04-14
MOCK-UAN-9420-7304,44,Karnataka,Bihar,Manufacturing,890,Highly-skilled,PM-SYM,2025-05-13
MOCK-UAN-3257-3219,28,Bihar,West Bengal,Construction,339,Unskilled,PM-Kisan,2025-05-07
MOCK-UAN-4292-1424,43,Karnataka,Karnataka,Gig Worker,631,Skilled,Ayushman Bharat,2025-06-04
MOCK-UAN-6441-6816,45,West Bengal,West Bengal,Agriculture,553,Skilled,eShram,2026-01-07
MOCK-UAN-8936-3040,53,Tamil Nadu,Tamil Nadu,Construction,990,Highly-skilled,PM-Kisan,2026-08-03
MOCK-UAN-8974-1663,19,Bihar,Bihar,Agriculture,611,Skilled,Ayushman Bharat,2025-11-29
MOCK-UAN-9456-1590,32,Tamil Nadu,Karnataka,Construction,355,Unskilled,Ayushman Bharat,2025-11-15
MOCK-UAN-1911-6191,52,Karnataka,Jharkhand,Gig Worker,565,Semi-skilled,Ayushman Bharat,2025-03-27
MOCK-UAN-7410-2883,60,West Bengal,Karnataka,Gig Worker,404,Unskilled,Ayushman Bharat,2026-06-06
MOCK-UAN-1822-7564,50,Bihar,Karnataka,Domestic Worker,362,Unskilled,eShram,2025-05-29
MOCK-UAN-8541-2631,17,Maharashtra,Maharashtra,Gig Worker,2500,Highly-skilled,eShram,2025-05-29
MOCK-UAN-1520-3258,37,Maharashtra,Andhra Pradesh,Agriculture,227,Unskilled,Ayushman Bharat,2026-06-02
MOCK-UAN-9884-2175,59,West Bengal,Karnataka,Domestic Worker,981,Highly-skilled,eShram,2025-06-29
MOCK-UAN-2125-8351,34,Jharkhand,Jharkhand,Manufacturing,4,Skilled,Ayushman Bharat,2026-04-11
MOCK-UAN-2852-1877,24,Andhra Pradesh,Andhra Pradesh,Construction,320,Unskilled,eShram,2026-07-31
MOCK-UAN-1666-8378,50,Bihar,Maharashtra,Manufacturing,837,Highly-skilled,eShram,2025-03-10
MOCK-UAN-6144-4073,34,West Bengal,Tamil Nadu,Gig Worker,719,Skilled,Ayushman Bharat,2026-06-09
MOCK-UAN-9838-8330,58,Odisha,Maharashtra,Gig Worker,544,Semi-skilled,PM-Kisan,2025-12-06
MOCK-UAN-5926-3816,54,Karnataka,Karnataka,Agriculture,528,Semi-skilled,eShram,2025-06-29
MOCK-UAN-8265-6737,31,Odisha,Odisha,Manufacturing,882,Highly-skilled,None,2025-09-20
MOCK-UAN-3268-2952,18,Jharkhand,Jharkhand,Manufacturing,408,Semi-skilled,Ayushman Bharat,2026-04-02
MOCK-UAN-1989-8222,62,Odisha,Uttar Pradesh,Manufacturing,644,Skilled,None,2026-01-16
MOCK-UAN-1090-8686,60,Karnataka,Bihar,Agriculture,946,Highly-skilled,Ayushman Bharat,2025-09-19
MOCK-UAN-1562-2313,59,Uttar Pradesh,Uttar Pradesh,Gig Worker,558,Semi-skilled,Ayushman Bharat,2026-07-19
MOCK-UAN-4674-3013,52,Uttar Pradesh,Uttar Pradesh,Manufacturing,633,Skilled,Ayushman Bharat,2026-05-16
MOCK-UAN-4229-7334,49,Gujarat,Gujarat,Manufacturing,898,Highly-skilled,PM-Kisan,2025-12-25
MOCK-UAN-3063-9466,42,Maharashtra,Maharashtra,Domestic Worker,461,Semi-skilled,Ayushman Bharat,2025-04-29
MOCK-UAN-1576-1305,14,Uttar Pradesh,Karnataka,Manufacturing,2500,Highly-skilled,Ayushman Bharat,2024-11-05
MOCK-UAN-3342-3723,28,Uttar Pradesh,Karnataka,Manufacturing,931,Highly-skilled,PM-SYM,2025-11-03
MOCK-UAN-7165-5323,42,Jharkhand,Odisha,Manufacturing,891,Highly-skilled,eShram,2026-04-04
MOCK-UAN-4161-8724,41,West Bengal,West Bengal,Domestic Worker,367,Unskilled,None,2025-12-22
MOCK-UAN-8215-6766,52,Maharashtra,Maharashtra,Gig Worker,281,Unskilled,eShram,2026-05-10
MOCK-UAN-6924-6502,27,Odisha,Uttar Pradesh,Domestic Worker,552,Semi-skilled,PM-Kisan,2026-03-31
MOCK-UAN-7686-3047,63,Bihar,Bihar,Domestic Worker,514,Skilled,Ayushman Bharat,2025-06-20
MOCK-UAN-1934-6321,35,Bihar,Maharashtra,Agriculture,568,Skilled,PM-Kisan,2024-11-11
MOCK-UAN-9384-2174,49,West Bengal,Karnataka,Manufacturing,447,Semi-skilled,PM-Kisan,2026-03-15
MOCK-UAN-8474-4682,45,Andhra Pradesh,Jharkhand,Construction,4,Semi-skilled,Ayushman Bharat,2025-04-19
MOCK-UAN-4856-6365,26,Tamil Nadu,Andhra Pradesh,Construction,1000,Highly-skilled,eShram,2024-12-11
MOCK-UAN-1519-9708,64,Gujarat,Bihar,Manufacturing,847,Highly-skilled,Ayushman Bharat,2026-06-11
MOCK-UAN-8415-4573,38,Andhra Pradesh,Uttar Pradesh,Domestic Worker,313,Unskilled,PM-SYM,2025-06-25
MOCK-UAN-8771-4264,18,Bihar,Bihar,Agriculture,571,Skilled,PM-SYM,2026-04-09
MOCK-UAN-4909-5574,52,Jharkhand,Tamil Nadu,Manufacturing,314,Unskilled,Ayushman Bharat,2026-07-17
MOCK-UAN-2957-6222,23,Tamil Nadu,Tamil Nadu,Gig Worker,696,Skilled,Ayushman Bharat,2026-04-09
MOCK-UAN-6812-9562,46,Bihar,Karnataka,Domestic Worker,304,Unskilled,eShram,2025-01-13
MOCK-UAN-9557-7932,52,Gujarat,Gujarat,Construction,322,Unskilled,PM-Kisan,2025-05-12
MOCK-UAN-9187-6251,27,Karnataka,Karnataka,Construction,474,Semi-skilled,PM-Kisan,2026-08-07
MOCK-UAN-1129-5598,28,Uttar Pradesh,Jharkhand,Manufacturing,614,Skilled,None,2024-12-31
MOCK-UAN-3000-7947,37,Uttar Pradesh,West Bengal,Gig Worker,447,Unskilled,PM-Kisan,2026-05-06
MOCK-UAN-2360-4707,56,Andhra Pradesh,Bihar,Agriculture,270,Unskilled,None,2025-05-10
MOCK-UAN-5599-8641,43,Karnataka,Andhra Pradesh,Domestic Worker,256,Unskilled,None,2025-07-09
MOCK-UAN-2221-2223,38,West Bengal,West Bengal,Gig Worker,430,Unskilled,PM-Kisan,2026-06-14
MOCK-UAN-8628-5112,43,Maharashtra,Tamil Nadu,Agriculture,448,Semi-skilled,eShram,2026-06-01
MOCK-UAN-4120-7712,22,Gujarat,Gujarat,Agriculture,491,Semi-skilled,PM-Kisan,2025-07-15
MOCK-UAN-3113-8134,32,Jharkhand,Jharkhand,Manufacturing,404,Semi-skilled,eShram,2026-01-17
MOCK-UAN-7831-4357,35,Tamil Nadu,Tamil Nadu,Manufacturing,361,Semi-skilled,None,2025-04-12
MOCK-UAN-4393-6450,26,Jharkhand,West Bengal,Agriculture,273,Unskilled,None,2025-11-24
MOCK-UAN-1763-7672,38,Uttar Pradesh,Jharkhand,Agriculture,561,Skilled,Ayushman Bharat,2026-04-27
MOCK-UAN-2135-8421,45,Uttar Pradesh,Tamil Nadu,Domestic Worker,446,Semi-skilled,eShram,2026-01-19
MOCK-UAN-5209-9704,52,Karnataka,Andhra Pradesh,Construction,618,Skilled,PM-Kisan,2025-05-29
MOCK-UAN-3325-8759,20,Gujarat,Andhra Pradesh,Domestic Worker,937,Highly-skilled,PM-SYM,2025-04-17
MOCK-UAN-6653-9394,21,Jharkhand,Jharkhand,Construction,485,Semi-skilled,PM-SYM,2026-08-25
MOCK-UAN-7595-5789,42,Andhra Pradesh,Andhra Pradesh,Gig Worker,557,Semi-skilled,None,2026-02-26
MOCK-UAN-9751-7726,20,Bihar,Odisha,Construction,657,Skilled,eShram,2026-06-12
MOCK-UAN-9734-2365,59,West Bengal,Gujarat,Manufacturing,609,Skilled,PM-SYM,2025-07-17
MOCK-UAN-5421-4430,63,Andhra Pradesh,Maharashtra,Construction,948,Highly-skilled,PM-Kisan,2024-11-02
MOCK-UAN-4069-9931,28,Karnataka,Karnataka,Domestic Worker,325,Unskilled,PM-Kisan,2026-06-03
MOCK-UAN-9767-9375,60,Odisha,Karnataka,Manufacturing,560,Skilled,None,2026-09-14
MOCK-UAN-4394-1417,36,Tamil Nadu,Tamil Nadu,Construction,719,Skilled,PM-Kisan,2026-09-15
MOCK-UAN-6086-9401,45,Andhra Pradesh,Gujarat,Agriculture,438,Semi-skilled,Ayushman Bharat,2024-11-26
MOCK-UAN-8131-9498,57,Andhra Pradesh,Andhra Pradesh,Agriculture,534,Skilled,PM-SYM,2026-01-31
MOCK-UAN-9842-5298,32,Odisha,Tamil Nadu,Construction,359,Unskilled,PM-Kisan,2024-12-05
MOCK-UAN-9656-4507,39,Andhra Pradesh,Andhra Pradesh,Gig Worker,957,Highly-skilled,Ayushman Bharat,2025-02-20
MOCK-UAN-8843-1577,38,Odisha,Andhra Pradesh,Manufacturing,933,Highly-skilled,None,2026-04-02
MOCK-UAN-7085-8188,39,Uttar Pradesh,Andhra Pradesh,Gig Worker,510,Unskilled,None,2026-05-07
MOCK-UAN-7387-3558,22,Maharashtra,Uttar Pradesh,Domestic Worker,260,Unskilled,None,2026-06-09
MOCK-UAN-4476-3414,56,Uttar Pradesh,Uttar Pradesh,Gig Worker,566,Semi-skilled,PM-Kisan,2026-08-23
MOCK-UAN-1151-7973,36,Tamil Nadu,Odisha,Agriculture,512,Skilled,eShram,2025-07-18
MOCK-UAN-5291-2751,56,Karnataka,West Bengal,Construction,522,Semi-skilled,PM-Kisan,2025-09-29
MOCK-UAN-3275-4311,24,Odisha,Jharkhand,Construction,605,Skilled,Ayushman Bharat,2026-06-27
MOCK-UAN-8216-9870,60,Odisha,West Bengal,Manufacturing,568,Skilled,None,2026-01-27
MOCK-UAN-1971-1153,61,Gujarat,Uttar Pradesh,Gig Worker,644,Skilled,None,2026-08-08
MOCK-UAN-2049-1409,52,Jharkhand,Bihar,Construction,386,Unskilled,Ayushman Bharat,2024-09-30
MOCK-UAN-4058-5836,61,West Bengal,Bihar,Construction,700,Skilled,PM-SYM,2025-11-08
MOCK-UAN-6489-6643,48,West Bengal,Bihar,Agriculture,601,Skilled,None,2025-07-05
MOCK-UAN-6635-6643,53,Karnataka,Tamil Nadu,Manufacturing,856,Highly-skilled,None,2024-12-03
MOCK-UAN-4693-5969,35,Karnataka,Odisha,Manufacturing,529,Semi-skilled,eShram,2024-12-08
MOCK-UAN-2353-8210,40,Karnataka,Karnataka,Agriculture,412,Semi-skilled,PM-SYM,2026-07-12
MOCK-UAN-6331-4278,47,Andhra Pradesh,Andhra Pradesh,Agriculture,791,Highly-skilled,PM-SYM,2026-06-14
MOCK-UAN-3472-7722,23,Odisha,Odisha,Domestic Worker,472,Semi-skilled,None,2026-06-26
MOCK-UAN-4800-1617,46,Tamil Nadu,West Bengal,Agriculture,844,Highly-skilled,PM-SYM,2026-04-16
MOCK-UAN-5995-3013,34,Bihar,Gujarat,Construction,399,Unskilled,PM-SYM,2026-08-19
MOCK-UAN-6848-5058,22,West Bengal,Bihar,Domestic Worker,880,Highly-skilled,Ayushman Bharat,2024-12-12
MOCK-UAN-5133-8325,52,Tamil Nadu,Tamil Nadu,Domestic Worker,630,Skilled,Ayushman Bharat,2025-04-04
MOCK-UAN-7206-3562,23,Andhra Pradesh,West Bengal,Agriculture,670,Skilled,Ayushman Bharat,2025-06-27
MOCK-UAN-2952-4835,54,Tamil Nadu,Andhra Pradesh,Agriculture,839,Highly-skilled,None,2025-01-18
MOCK-UAN-8779-4713,18,West Bengal,Gujarat,Gig Worker,971,Highly-skilled,eShram,2025-05-03
MOCK-UAN-3948-5382,23,Tamil Nadu,Uttar Pradesh,Construction,346,Unskilled,None,2025-06-22
MOCK-UAN-8571-2672,31,Gujarat,Jharkhand,Agriculture,676,Skilled,PM-SYM,2026-03-01
MOCK-UAN-6594-1296,51,Bihar,Bihar,Manufacturing,567,Skilled,PM-Kisan,2026-01-19
MOCK-UAN-8757-4306,56,Karnataka,Karnataka,Manufacturing,570,Skilled,PM-SYM,2025-12-20
MOCK-UAN-6806-3276,41,Jharkhand,Jharkhand,Agriculture,923,Highly-skilled,PM-SYM,2025-06-29
MOCK-UAN-6389-8397,23,Karnataka,West Bengal,Manufacturing,271,Unskilled,Ayushman Bharat,2025-12-23
MOCK-UAN-8248-3920,54,Maharashtra,Andhra Pradesh,Domestic Worker,307,Unskilled,PM-Kisan,2026-06-06
MOCK-UAN-7914-4406,41,Tamil Nadu,Tamil Nadu,Gig Worker,472,Semi-skilled,Ayushman Bharat,2026-02-11
MOCK-UAN-9974-9557,49,Andhra Pradesh,Andhra Pradesh,Gig Worker,660,Semi-skilled,PM-SYM,2025-02-06
MOCK-UAN-5343-5191,44,Uttar Pradesh,Karnataka,Construction,882,Highly-skilled,None,2026-06-11
MOCK-UAN-5387-6537,54,Uttar Pradesh,Andhra Pradesh,Manufacturing,583,Skilled,PM-SYM,2025-04-23
MOCK-UAN-2926-5835,61,Tamil Nadu,Jharkhand,Gig Worker,998,Highly-skilled,Ayushman Bharat,2025-04-18
MOCK-UAN-8930-7564,27,Odisha,Bihar,Manufacturing,395,Unskilled,eShram,2026-06-05
MOCK-UAN-4181-9474,55,Jharkhand,Karnataka,Gig Worker,483,Semi-skilled,Ayushman Bharat,2024-11-28
MOCK-UAN-7241-7080,43,Karnataka,Odisha,Manufacturing,399,Unskilled,Ayushman Bharat,2025-04-04
MOCK-UAN-8544-6405,44,Jharkhand,Maharashtra,Gig Worker,587,Semi-skilled,PM-Kisan,2025-04-27
MOCK-UAN-5036-2072,27,Uttar Pradesh,Uttar Pradesh,Manufacturing,920,Highly-skilled,None,2026-02-06
MOCK-UAN-4176-8177,54,West Bengal,Andhra Pradesh,Construction,600,Skilled,eShram,2026-02-22
MOCK-UAN-7116-2927,41,Odisha,West Bengal,Construction,528,Semi-skilled,eShram,2025-03-04
MOCK-UAN-3761-5670,54,Tamil Nadu,Jharkhand,Domestic Worker,263,Unskilled,eShram,2025-02-18
MOCK-UAN-7895-2767,37,Uttar Pradesh,Odisha,Construction,713,Skilled,PM-SYM,2025-08-10
MOCK-UAN-6414-3977,46,Karnataka,Maharashtra,Agriculture,251,Unskilled,Ayushman Bharat,2026-09-01
MOCK-UAN-7860-6762,21,Uttar Pradesh,Uttar Pradesh,Gig Worker,544,Semi-skilled,PM-Kisan,2025-03-16
MOCK-UAN-7765-7812,52,Andhra Pradesh,Karnataka,Gig Worker,372,Unskilled,Ayushman Bharat,2025-02-24
MOCK-UAN-2606-8266,46,Gujarat,Karnataka,Manufacturing,400,Semi-skilled,PM-SYM,2025-03-30
MOCK-UAN-7213-2010,54,Uttar Pradesh,Karnataka,Domestic Worker,937,Highly-skilled,PM-Kisan,2026-05-03
MOCK-UAN-6700-1801,21,Uttar Pradesh,Uttar Pradesh,Manufacturing,926,Highly-skilled,eShram,2025-06-20
MOCK-UAN-8971-7667,25,Gujarat,Gujarat,Gig Worker,1060,Highly-skilled,PM-Kisan,2026-06-04
MOCK-UAN-2257-3307,52,Bihar,West Bengal,Construction,861,Highly-skilled,None,2026-07-20
MOCK-UAN-2894-6721,43,Tamil Nadu,Karnataka,Domestic Worker,353,Unskilled,eShram,2025-03-09
MOCK-UAN-4740-5578,48,Bihar,Bihar,Agriculture,425,Unskilled,PM-SYM,2026-07-21
MOCK-UAN-4970-2305,61,Karnataka,Jharkhand,Manufacturing,277,Unskilled,PM-SYM,2026-03-02
MOCK-UAN-8797-5520,25,Karnataka,Odisha,Manufacturing,394,Unskilled,PM-SYM,2025-06-07
MOCK-UAN-7708-6890,53,Andhra Pradesh,Gujarat,Manufacturing,8,Skilled,Ayushman Bharat,2025-08-06
MOCK-UAN-7215-8160,45,Gujarat,Bihar,Agriculture,531,Skilled,None,2024-09-30
MOCK-UAN-2142-1845,47,Odisha,Uttar Pradesh,Agriculture,284,Unskilled,None,2025-06-14
MOCK-UAN-4428-9560,53,Bihar,Bihar,Construction,702,Skilled,PM-SYM,2024-09-27
MOCK-UAN-7545-4363,61,Odisha,Uttar Pradesh,Agriculture,408,Semi-skilled,eShram,2026-05-27
MOCK-UAN-9573-5238,23,Tamil Nadu,Karnataka,Manufacturing,269,Unskilled,None,2025-09-21
MOCK-UAN-4079-2393,60,Maharashtra,Tamil Nadu,Gig Worker,1029,Highly-skilled,eShram,2025-01-01
MOCK-UAN-9068-7218,34,Andhra Pradesh,Uttar Pradesh,Gig Worker,1000,Highly-skilled,eShram,2025-12-10
MOCK-UAN-7130-2084,36,Jharkhand,Tamil Nadu,Agriculture,629,Skilled,None,2025-06-12
MOCK-UAN-6729-3412,20,West Bengal,Andhra Pradesh,Manufacturing,911,Highly-skilled,None,2026-04-26
MOCK-UAN-3201-2188,46,Andhra Pradesh,Bihar,Construction,673,Skilled,None,2026-09-05
MOCK-UAN-6662-8377,53,Gujarat,Odisha,Construction,328,Unskilled,None,2025-05-17
MOCK-UAN-1613-3804,18,Odisha,Odisha,Gig Worker,1011,Highly-skilled,PM-Kisan,2026-08-02
MOCK-UAN-1819-5201,35,Andhra Pradesh,Andhra Pradesh,Domestic Worker,853,Highly-skilled,Ayushman Bharat,2025-12-20
MOCK-UAN-2021-8102,25,West Bengal,Gujarat,Domestic Worker,964,Highly-skilled,eShram,2024-11-02
MOCK-UAN-8409-9423,50,Bihar,Bihar,Agriculture,268,Unskilled,Ayushman Bharat,2024-11-20
MOCK-UAN-9829-9984,29,Gujarat,Gujarat,Gig Worker,756,Skilled,None,2025-09-17
MOCK-UAN-7934-1586,46,West Bengal,West Bengal,Gig Worker,688,Skilled,Ayushman Bharat,2026-03-11
MOCK-UAN-5196-9694,48,Maharashtra,Gujarat,Manufacturing,310,Unskilled,None,2026-06-07
MOCK-UAN-6591-8453,39,Maharashtra,Maharashtra,Agriculture,875,Highly-skilled,eShram,2025-04-01
MOCK-UAN-9989-4055,41,West Bengal,Jharkhand,Domestic Worker,399,Semi-skilled,Ayushman Bharat,2024-12-13
MOCK-UAN-3749-9767,23,Gujarat,Jharkhand,Manufacturing,6723,Highly-skilled,None,2026-04-03
MOCK-UAN-3195-9302,32,Uttar Pradesh,Jharkhand,Construction,897,Highly-skilled,eShram,2024-11-22
MOCK-UAN-9340-4560,62,Karnataka,Karnataka,Domestic Worker,283,Unskilled,Ayushman Bharat,2025-04-15
MOCK-UAN-9741-6241,22,Odisha,Odisha,Agriculture,460,Semi-skilled,PM-Kisan,2025-07-13
MOCK-UAN-5724-1998,42,Uttar Pradesh,Uttar Pradesh,Domestic Worker,950,Highly-skilled,None,2025-12-05
MOCK-UAN-8700-1956,31,Jharkhand,Jharkhand,Domestic Worker,577,Skilled,PM-Kisan,2025-01-10
MOCK-UAN-1241-1311,18,Bihar,Bihar,Domestic Worker,855,Highly-skilled,PM-Kisan,2025-04-15
MOCK-UAN-5386-2360,18,West Bengal,Jharkhand,Construction,2500,Highly-skilled,None,2025-08-12
MOCK-UAN-6174-3757,32,Gujarat,Karnataka,Agriculture,474,Semi-skilled,None,2026-09-01
MOCK-UAN-2208-6190,47,West Bengal,Maharashtra,Manufacturing,369,Unskilled,eShram,2026-03-10
MOCK-UAN-7404-3192,65,Bihar,Odisha,Gig Worker,613,Semi-skilled,PM-SYM,2025-06-17
MOCK-UAN-8367-6107,47,Gujarat,Gujarat,Gig Worker,585,Semi-skilled,Ayushman Bharat,2026-05-10
MOCK-UAN-1500-3218,40,Jharkhand,Jharkhand,Gig Worker,431,Unskilled,eShram,2026-05-07
MOCK-UAN-1571-1021,27,Tamil Nadu,Tamil Nadu,Agriculture,534,Semi-skilled,eShram,2025-07-27
MOCK-UAN-5671-8250,60,Bihar,Tamil Nadu,Domestic Worker,916,Highly-skilled,None,2026-03-21
MOCK-UAN-3892-8088,50,Tamil Nadu,Gujarat,Construction,682,Skilled,eShram,2026-02-28
MOCK-UAN-1159-5909,36,Maharashtra,Maharashtra,Agriculture,433,Semi-skilled,Ayushman Bharat,2025-11-17
MOCK-UAN-6895-3603,28,Andhra Pradesh,Tamil Nadu,Domestic Worker,231,Unskilled,Ayushman Bharat,2025-05-27
MOCK-UAN-5042-2678,59,West Bengal,Maharashtra,Manufacturing,415,Semi-skilled,None,2025-05-18
MOCK-UAN-4104-9820,58,Tamil Nadu,Tamil Nadu,Construction,649,Skilled,PM-Kisan,2025-09-08
MOCK-UAN-6470-8814,43,Karnataka,Jharkhand,Agriculture,603,Skilled,PM-SYM,2025-04-06
MOCK-UAN-1790-6203,64,Uttar Pradesh,Andhra Pradesh,Gig Worker,1096,Highly-skilled,eShram,2024-12-31
MOCK-UAN-9539-8182,53,Uttar Pradesh,Gujarat,Construction,4,Skilled,None,2026-04-09
MOCK-UAN-3263-7406,64,Andhra Pradesh,Andhra Pradesh,Manufacturing,658,Skilled,PM-Kisan,2025-08-20
MOCK-UAN-9353-7154,47,Tamil Nadu,Jharkhand,Gig Worker,528,Semi-skilled,PM-Kisan,2025-03-08
MOCK-UAN-4025-1342,62,West Bengal,Jharkhand,Manufacturing,584,Skilled,Ayushman Bharat,2025-01-31
MOCK-UAN-4649-6085,29,Tamil Nadu,Jharkhand,Gig Worker,933,Highly-skilled,Ayushman Bharat,2024-12-29
MOCK-UAN-2389-2714,29,Bihar,Gujarat,Construction,312,Unskilled,None,2026-01-13
MOCK-UAN-5284-9125,45,Jharkhand,Jharkhand,Gig Worker,426,Unskilled,eShram,2024-12-21
MOCK-UAN-6007-3114,33,West Bengal,West Bengal,Gig Worker,700,Skilled,None,2025-08-20
MOCK-UAN-4374-8629,-1,Andhra Pradesh,West Bengal,Domestic Worker,347,Unskilled,None,2026-06-26
MOCK-UAN-3312-3690,46,Tamil Nadu,Odisha,Domestic Worker,609,Skilled,Ayushman Bharat,2025-02-15
MOCK-UAN-4579-1879,34,Tamil Nadu,Tamil Nadu,Construction,632,Skilled,eShram,2025-07-18
MOCK-UAN-8139-4423,48,Bihar,Karnataka,Agriculture,407,Unskilled,eShram,2025-06-04
MOCK-UAN-6982-7366,52,West Bengal,West Bengal,Construction,345,Unskilled,PM-SYM,2025-01-02
MOCK-UAN-2267-8368,35,Jharkhand,Tamil Nadu,Construction,408,Unskilled,PM-SYM,2025-12-21
MOCK-UAN-4405-5159,59,Gujarat,Maharashtra,Domestic Worker,279,Unskilled,PM-Kisan,2026-05-04
MOCK-UAN-9556-8838,23,West Bengal,Gujarat,Gig Worker,435,Unskilled,eShram,2026-09-12
MOCK-UAN-3504-2741,54,Andhra Pradesh,Maharashtra,Domestic Worker,946,Highly-skilled,PM-SYM,2026-01-20
MOCK-UAN-2314-9389,38,Gujarat,West Bengal,Construction,660,Skilled,PM-Kisan,2026-06-29
MOCK-UAN-9589-2094,-4,Maharashtra,Bihar,Construction,832,Highly-skilled,eShram,2026-08-06
MOCK-UAN-6841-9424,30,Bihar,Bihar,Construction,950,Highly-skilled,eShram,2026-05-25
MOCK-UAN-5903-1593,34,Odisha,Odisha,Gig Worker,1061,Highly-skilled,Ayushman Bharat,2024-10-08
MOCK-UAN-9207-3579,57,Andhra Pradesh,Jharkhand,Domestic Worker,926,Highly-skilled,PM-SYM,2026-05-13
MOCK-UAN-7324-8102,39,Andhra Pradesh,Andhra Pradesh,Agriculture,10,Highly-skilled,eShram,2025-05-31
MOCK-UAN-6506-6515,30,West Bengal,West Bengal,Construction,263,Unskilled,PM-Kisan,2024-10-22
MOCK-UAN-9309-6941,43,Tamil Nadu,Bihar,Gig Worker,963,Highly-skilled,PM-Kisan,2026-01-24
MOCK-UAN-9022-6310,34,Tamil Nadu,Bihar,Agriculture,470,Semi-skilled,PM-SYM,2025-05-20
MOCK-UAN-3550-8949,35,Gujarat,Gujarat,Manufacturing,470,Semi-skilled,PM-SYM,2025-11-08
MOCK-UAN-8794-9745,38,Tamil Nadu,West Bengal,Manufacturing,360,Unskilled,Ayushman Bharat,2026-02-13
MOCK-UAN-2889-8421,-4,Maharashtra,Maharashtra,Construction,492,Semi-skilled,PM-Kisan,2025-10-19
MOCK-UAN-9443-3071,16,West Bengal,Tamil Nadu,Domestic Worker,2500,Highly-skilled,None,2025-06-18
MOCK-UAN-6476-8009,-4,Bihar,Bihar,Domestic Worker,900,Highly-skilled,PM-SYM,2026-06-18
MOCK-UAN-8748-9668,50,Jharkhand,Gujarat,Construction,900,Highly-skilled,PM-SYM,2026-04-20
MOCK-UAN-7363-1994,39,Andhra Pradesh,Gujarat,Domestic Worker,187,Unskilled,Ayushman Bharat,2026-07-25
MOCK-UAN-2704-3547,29,Tamil Nadu,West Bengal,Agriculture,471,Semi-skilled,PM-Kisan,2024-10-27
MOCK-UAN-2895-6898,52,West Bengal,Andhra Pradesh,Gig Worker,408,Unskilled,PM-SYM,2026-04-20
MOCK-UAN-8617-3791,55,Maharashtra,Maharashtra,Gig Worker,669,Skilled,PM-Kisan,2025-07-18
MOCK-UAN-1525-5787,19,Odisha,Maharashtra,Manufacturing,369,Semi-skilled,eShram,2026-06-06
MOCK-UAN-9775-8238,29,Maharashtra,Gujarat,Manufacturing,631,Skilled,None,2025-11-18
MOCK-UAN-9690-7949,65,Jharkhand,Karnataka,Gig Worker,986,Highly-skilled,PM-Kisan,2025-08-25
MOCK-UAN-1197-1196,59,Uttar Pradesh,Bihar,Manufacturing,627,Skilled,PM-Kisan,2026-08-02
MOCK-UAN-2024-7811,40,Bihar,Uttar Pradesh,Domestic Worker,543,Semi-skilled,PM-SYM,2026-04-15
MOCK-UAN-4709-1788,60,West Bengal,Maharashtra,Domestic Worker,792,Highly-skilled,None,2025-12-11
MOCK-UAN-5913-4061,40,Bihar,Gujarat,Gig Worker,365,Unskilled,eShram,2024-10-12
MOCK-UAN-6977-7898,57,Uttar Pradesh,Uttar Pradesh,Domestic Worker,889,Highly-skilled,Ayushman Bharat,2026-07-03
MOCK-UAN-6119-6302,24,West Bengal,Gujarat,Agriculture,372,Unskilled,Ayushman Bharat,2026-02-22
MOCK-UAN-5650-4907,36,Tamil Nadu,Andhra Pradesh,Gig Worker,318,Unskilled,eShram,2025-07-12
MOCK-UAN-3491-1902,29,Uttar Pradesh,Maharashtra,Domestic Worker,546,Semi-skilled,eShram,2025-06-07
MOCK-UAN-6299-4802,59,Odisha,Bihar,Manufacturing,456,Semi-skilled,None,2024-11-29
MOCK-UAN-6000-6917,51,Karnataka,Karnataka,Domestic Worker,895,Highly-skilled,eShram,2026-04-07
MOCK-UAN-5442-4193,31,Bihar,Bihar,Manufacturing,590,Skilled,None,2026-03-17
MOCK-UAN-2107-1929,39,Maharashtra,Maharashtra,Construction,928,Highly-skilled,Ayushman Bharat,2026-06-18
MOCK-UAN-9749-1614,57,Andhra Pradesh,Bihar,Agriculture,502,Semi-skilled,eShram,2024-12-23
MOCK-UAN-9199-8785,18,Uttar Pradesh,Odisha,Construction,596,Skilled,PM-Kisan,2025-05-28
MOCK-UAN-7190-9265,50,Maharashtra,Bihar,Manufacturing,317,Unskilled,None,2025-06-26
MOCK-UAN-2333-5033,39,Karnataka,Karnataka,Gig Worker,380,Unskilled,PM-SYM,2026-04-19
MOCK-UAN-3787-2962,50,Maharashtra,Maharashtra,Construction,911,Highly-skilled,PM-SYM,2026-02-17
MOCK-UAN-5921-6890,33,Tamil Nadu,West Bengal,Domestic Worker,1029,Highly-skilled,eShram,2026-02-28
MOCK-UAN-9772-5683,47,Karnataka,Karnataka,Manufacturing,920,Highly-skilled,PM-Kisan,2025-09-03
MOCK-UAN-4557-6252,40,West Bengal,Andhra Pradesh,Agriculture,480,Semi-skilled,eShram,2025-02-28
MOCK-UAN-9120-6692,56,Karnataka,Karnataka,Domestic Worker,956,Highly-skilled,None,2026-05-23
MOCK-UAN-1707-6012,29,Jharkhand,Jharkhand,Gig Worker,628,Skilled,Ayushman Bharat,2025-08-23
MOCK-UAN-1888-3807,63,Maharashtra,Maharashtra,Manufacturing,387,Unskilled,eShram,2025-06-04
MOCK-UAN-9323-8912,54,West Bengal,Tamil Nadu,Domestic Worker,324,Semi-skilled,PM-Kisan,2026-08-31
MOCK-UAN-7392-8119,49,Bihar,Jharkhand,Manufacturing,861,Highly-skilled,PM-Kisan,2026-08-30
MOCK-UAN-2452-6967,59,Odisha,Tamil Nadu,Construction,327,Unskilled,PM-SYM,2025-06-05
MOCK-UAN-6901-4025,45,Uttar Pradesh,Bihar,Manufacturing,629,Skilled,PM-Kisan,2026-06-16
MOCK-UAN-7003-6868,27,Bihar,Karnataka,Gig Worker,410,Unskilled,PM-Kisan,2026-02-06
MOCK-UAN-2672-8280,48,Gujarat,Gujarat,Manufacturing,591,Skilled,PM-SYM,2024-11-07
MOCK-UAN-1505-4426,28,Jharkhand,Odisha,Agriculture,899,Highly-skilled,eShram,2026-09-15
MOCK-UAN-9425-6242,59,Odisha,Jharkhand,Construction,601,Skilled,None,2026-03-12
MOCK-UAN-1832-5998,51,Gujarat,Uttar Pradesh,Domestic Worker,825,Highly-skilled,Ayushman Bharat,2024-10-09
MOCK-UAN-5763-3152,62,Bihar,Maharashtra,Construction,986,Highly-skilled,None,2025-10-14
MOCK-UAN-8211-9039,23,Karnataka,Maharashtra,Construction,384,Unskilled,None,2025-01-16
MOCK-UAN-9152-9789,59,Odisha,Odisha,Agriculture,679,Skilled,Ayushman Bharat,2024-12-13
MOCK-UAN-8890-1596,32,Andhra Pradesh,Odisha,Manufacturing,410,Semi-skilled,eShram,2025-06-25
MOCK-UAN-5137-4331,63,Andhra Pradesh,Jharkhand,Gig Worker,734,Skilled,PM-Kisan,2026-01-16
MOCK-UAN-3956-3140,49,Uttar Pradesh,Uttar Pradesh,Domestic Worker,435,Semi-skilled,Ayushman Bharat,2025-02-10
MOCK-UAN-2919-5755,32,Odisha,Uttar Pradesh,Construction,409,Unskilled,PM-SYM,2025-07-24
MOCK-UAN-9528-1165,46,Uttar Pradesh,Odisha,Construction,401,Unskilled,PM-Kisan,2025-03-17
MOCK-UAN-7926-4806,46,West Bengal,Odisha,Gig Worker,710,Skilled,PM-SYM,2026-06-27
MOCK-UAN-5885-3244,35,Bihar,Maharashtra,Domestic Worker,283,Unskilled,Ayushman Bharat,2025-03-26
MOCK-UAN-1125-1990,35,Andhra Pradesh,Odisha,Domestic Worker,948,Highly-skilled,PM-Kisan,2026-08-20
MOCK-UAN-9281-6050,46,Tamil Nadu,Bihar,Domestic Worker,932,Highly-skilled,Ayushman Bharat,2026-04-25
MOCK-UAN-6345-5459,59,Uttar Pradesh,Karnataka,Construction,315,Unskilled,Ayushman Bharat,2025-05-18
MOCK-UAN-7548-9094,22,Jharkhand,Karnataka,Domestic Worker,383,Semi-skilled,Ayushman Bharat,2026-01-04
MOCK-UAN-8181-4449,58,Uttar Pradesh,West Bengal,Construction,485,Semi-skilled,Ayushman Bharat,2025-09-12
MOCK-UAN-4473-1117,46,Bihar,Maharashtra,Agriculture,525,Semi-skilled,PM-Kisan,2025-10-19
MOCK-UAN-4585-8334,32,Maharashtra,Maharashtra,Construction,1007,Highly-skilled,eShram,2026-05-24
MOCK-UAN-7226-6968,46,West Bengal,Gujarat,Manufacturing,394,Semi-skilled,None,2024-12-29
MOCK-UAN-3221-5612,21,Bihar,Maharashtra,Manufacturing,541,Skilled,eShram,2025-12-15
MOCK-UAN-4705-8360,52,Tamil Nadu,West Bengal,Agriculture,513,Semi-skilled,eShram,2025-05-22
MOCK-UAN-5292-4023,20,West Bengal,Tamil Nadu,Construction,293,Unskilled,PM-Kisan,2025-05-07
MOCK-UAN-8048-7066,62,Odisha,Odisha,Agriculture,475,Semi-skilled,eShram,2026-02-05
MOCK-UAN-4334-6255,45,West Bengal,Bihar,Agriculture,419,Semi-skilled,eShram,2026-01-22
MOCK-UAN-5517-9241,39,Tamil Nadu,Bihar,Gig Worker,780,Skilled,eShram,2026-09-10
MOCK-UAN-7236-2207,22,Maharashtra,Odisha,Domestic Worker,561,Skilled,Ayushman Bharat,2026-02-02
MOCK-UAN-6245-1408,16,Odisha,Tamil Nadu,Domestic Worker,2500,Highly-skilled,PM-SYM,2026-06-11
MOCK-UAN-1475-6931,28,West Bengal,Odisha,Domestic Worker,459,Semi-skilled,PM-SYM,2026-05-19
MOCK-UAN-2148-1657,50,Karnataka,Karnataka,Manufacturing,312,Unskilled,PM-Kisan,2026-02-08
MOCK-UAN-7674-4987,35,Karnataka,Karnataka,Gig Worker,901,Highly-skilled,eShram,2026-04-02
MOCK-UAN-1601-4443,20,Gujarat,Odisha,Manufacturing,189,Unskilled,None,2026-05-25
MOCK-UAN-5458-3525,62,Bihar,Maharashtra,Manufacturing,888,Highly-skilled,PM-SYM,2024-11-12
MOCK-UAN-1427-2300,63,West Bengal,West Bengal,Gig Worker,712,Skilled,Ayushman Bharat,2026-06-22
MOCK-UAN-9942-4530,21,West Bengal,Maharashtra,Gig Worker,643,Skilled,None,2025-04-09
MOCK-UAN-1175-1555,62,Bihar,Bihar,Agriculture,395,Semi-skilled,Ayushman Bharat,2025-05-08
MOCK-UAN-9997-4285,32,Maharashtra,Andhra Pradesh,Manufacturing,928,Highly-skilled,eShram,2025-05-01
MOCK-UAN-6595-3240,37,Uttar Pradesh,Tamil Nadu,Manufacturing,928,Highly-skilled,PM-SYM,2025-05-24
MOCK-UAN-9114-9783,44,West Bengal,Karnataka,Domestic Worker,293,Unskilled,PM-SYM,2025-12-03
MOCK-UAN-1812-3056,37,West Bengal,Odisha,Domestic Worker,939,Highly-skilled,None,2025-06-16
MOCK-UAN-7554-4527,21,Karnataka,Odisha,Manufacturing,391,Semi-skilled,None,2025-09-13
MOCK-UAN-4548-2744,53,Jharkhand,Jharkhand,Domestic Worker,282,Unskilled,eShram,2024-11-30
MOCK-UAN-5089-7214,21,Karnataka,West Bengal,Agriculture,982,Highly-skilled,eShram,2025-02-24
MOCK-UAN-3690-3217,38,Uttar Pradesh,Maharashtra,Domestic Worker,903,Highly-skilled,eShram,2026-08-02
MOCK-UAN-3227-7213,44,Odisha,Karnataka,Manufacturing,906,Highly-skilled,eShram,2025-04-11
MOCK-UAN-5237-5426,55,Gujarat,Uttar Pradesh,Domestic Worker,715,Skilled,None,2025-01-02
MOCK-UAN-7584-9146,41,Gujarat,Uttar Pradesh,Domestic Worker,530,Skilled,None,2025-07-25
MOCK-UAN-5095-1318,56,West Bengal,Andhra Pradesh,Domestic Worker,339,Unskilled,Ayushman Bharat,2025-06-10
MOCK-UAN-1966-4297,31,Tamil Nadu,Tamil Nadu,Gig Worker,1083,Highly-skilled,Ayushman Bharat,2026-08-10
MOCK-UAN-9726-6778,62,Odisha,Tamil Nadu,Construction,633,Skilled,PM-Kisan,2025-09-25
MOCK-UAN-3603-2642,16,Andhra Pradesh,Andhra Pradesh,Agriculture,2500,Highly-skilled,PM-SYM,2025-04-14
MOCK-UAN-8548-8506,53,Bihar,Karnataka,Manufacturing,400,Semi-skilled,PM-SYM,2025-07-23
MOCK-UAN-3554-5338,49,Odisha,Gujarat,Construction,615,Skilled,PM-SYM,2026-05-11
MOCK-UAN-2034-6164,46,Jharkhand,Jharkhand,Gig Worker,719,Skilled,PM-SYM,2026-06-14
MOCK-UAN-6744-4517,42,Jharkhand,Karnataka,Gig Worker,739,Skilled,None,2026-05-05
MOCK-UAN-6662-7773,61,Gujarat,Odisha,Construction,406,Unskilled,PM-SYM,2026-05-18
MOCK-UAN-3056-2718,24,Karnataka,Maharashtra,Domestic Worker,978,Highly-skilled,PM-SYM,2025-10-25
MOCK-UAN-3282-5326,47,Tamil Nadu,Bihar,Gig Worker,996,Highly-skilled,eShram,2025-09-12
MOCK-UAN-9945-8800,24,Maharashtra,Jharkhand,Domestic Worker,959,Highly-skilled,Ayushman Bharat,2025-05-29
MOCK-UAN-9457-1435,19,Tamil Nadu,Uttar Pradesh,Construction,482,Semi-skilled,PM-Kisan,2025-07-18
MOCK-UAN-1641-6362,20,Uttar Pradesh,Maharashtra,Domestic Worker,345,Unskilled,None,2025-03-28
MOCK-UAN-1730-1359,53,Gujarat,Gujarat,Manufacturing,910,Highly-skilled,PM-Kisan,2026-01-31
MOCK-UAN-5576-2585,38,Karnataka,Jharkhand,Domestic Worker,622,Skilled,eShram,2025-05-21
MOCK-UAN-9799-3392,54,Jharkhand,Jharkhand,Gig Worker,421,Unskilled,None,2025-05-28
MOCK-UAN-4925-8344,20,Karnataka,Odisha,Agriculture,819,Highly-skilled,None,2025-08-20
MOCK-UAN-1058-1923,63,Odisha,Maharashtra,Manufacturing,543,Skilled,None,2026-06-17
MOCK-UAN-7125-7032,-1,Bihar,Gujarat,Construction,655,Skilled,eShram,2025-07-17
MOCK-UAN-9837-5763,43,Gujarat,Gujarat,Construction,265,Unskilled,None,2026-04-02
MOCK-UAN-4005-5604,50,Jharkhand,Jharkhand,Domestic Worker,341,Unskilled,eShram,2026-08-21
MOCK-UAN-1723-3103,63,Karnataka,Tamil Nadu,Manufacturing,643,Skilled,eShram,2025-03-19
MOCK-UAN-3900-6123,38,Uttar Pradesh,Bihar,Agriculture,466,Semi-skilled,eShram,2026-04-20
MOCK-UAN-2805-2570,49,Odisha,Tamil Nadu,Construction,593,Skilled,Ayushman Bharat,2024-11-15
MOCK-UAN-9966-6855,34,Odisha,Odisha,Gig Worker,769,Skilled,PM-Kisan,2025-11-29
MOCK-UAN-1869-1954,24,Tamil Nadu,Tamil Nadu,Gig Worker,501,Unskilled,Ayushman Bharat,2025-04-19
MOCK-UAN-1300-2683,37,Maharashtra,Jharkhand,Construction,657,Skilled,Ayushman Bharat,2025-11-02
MOCK-UAN-9777-6459,26,Bihar,Bihar,Construction,375,Unskilled,PM-SYM,2026-02-03
MOCK-UAN-3753-1899,47,Karnataka,West Bengal,Manufacturing,460,Semi-skilled,PM-Kisan,2026-01-08
MOCK-UAN-4593-4522,59,Tamil Nadu,West Bengal,Gig Worker,576,Semi-skilled,PM-Kisan,2025-07-24
MOCK-UAN-2991-3455,64,West Bengal,West Bengal,Domestic Worker,594,Skilled,Ayushman Bharat,2025-03-23
MOCK-UAN-7386-4784,32,West Bengal,West Bengal,Manufacturing,448,Semi-skilled,None,2026-05-08
MOCK-UAN-8846-1808,48,Jharkhand,Jharkhand,Manufacturing,345,Unskilled,PM-Kisan,2026-01-24
MOCK-UAN-4073-9757,58,Bihar,Bihar,Domestic Worker,1017,Highly-skilled,Ayushman Bharat,2024-11-15
MOCK-UAN-4750-9417,51,Gujarat,Gujarat,Agriculture,529,Skilled,PM-Kisan,2026-05-29
MOCK-UAN-2879-4360,38,Uttar Pradesh,Karnataka,Agriculture,444,Semi-skilled,eShram,2026-03-01
MOCK-UAN-6600-4671,63,Maharashtra,Maharashtra,Manufacturing,840,Highly-skilled,PM-SYM,2026-05-13
MOCK-UAN-9620-3733,57,Odisha,Odisha,Manufacturing,979,Highly-skilled,PM-SYM,2025-07-02
MOCK-UAN-9763-7467,58,Maharashtra,Maharashtra,Manufacturing,870,Highly-skilled,Ayushman Bharat,2025-06-19
MOCK-UAN-6378-7040,40,Andhra Pradesh,Andhra Pradesh,Domestic Worker,377,Semi-skilled,Ayushman Bharat,2026-03-31
MOCK-UAN-4406-7488,26,West Bengal,Tamil Nadu,Agriculture,631,Skilled,Ayushman Bharat,2025-06-08
MOCK-UAN-3052-9708,14,Odisha,Jharkhand,Manufacturing,2500,Highly-skilled,eShram,2025-06-28
MOCK-UAN-9754-6460,32,Maharashtra,Maharashtra,Gig Worker,733,Skilled,None,2026-08-19
MOCK-UAN-7334-6681,19,Odisha,Jharkhand,Agriculture,910,Highly-skilled,eShram,2024-11-15
MOCK-UAN-1088-1808,20,Andhra Pradesh,Odisha,Construction,370,Unskilled,None,2025-06-21
MOCK-UAN-3848-8102,59,Andhra Pradesh,Jharkhand,Construction,570,Semi-skilled,PM-SYM,2025-02-04
MOCK-UAN-8310-3329,-1,Odisha,Odisha,Agriculture,556,Skilled,None,2025-06-02
MOCK-UAN-3645-3904,43,Odisha,Andhra Pradesh,Manufacturing,894,Highly-skilled,eShram,2026-03-27
MOCK-UAN-2433-9368,43,Maharashtra,Gujarat,Agriculture,577,Skilled,None,2024-09-27
MOCK-UAN-1573-9097,50,Andhra Pradesh,Bihar,Manufacturing,241,Unskilled,eShram,2026-05-13
MOCK-UAN-8976-1143,24,Bihar,Karnataka,Gig Worker,383,Unskilled,Ayushman Bharat,2026-02-10
MOCK-UAN-4822-2363,35,Tamil Nadu,Tamil Nadu,Gig Worker,605,Semi-skilled,PM-SYM,2025-04-22
MOCK-UAN-6307-4220,29,Jharkhand,Bihar,Gig Worker,1028,Highly-skilled,Ayushman Bharat,2026-05-28
MOCK-UAN-2286-1854,18,Bihar,Bihar,Gig Worker,732,Skilled,PM-SYM,2024-12-24
MOCK-UAN-9119-3298,32,Uttar Pradesh,Uttar Pradesh,Agriculture,907,Highly-skilled,None,2026-01-26
MOCK-UAN-6984-3683,43,West Bengal,West Bengal,Domestic Worker,326,Unskilled,PM-Kisan,2025-02-22
MOCK-UAN-7611-9380,23,Tamil Nadu,Maharashtra,Domestic Worker,409,Semi-skilled,PM-Kisan,2024-12-05
MOCK-UAN-9330-9979,20,Uttar Pradesh,Bihar,Domestic Worker,284,Unskilled,None,2024-09-18
MOCK-UAN-2911-7131,56,Bihar,Bihar,Manufacturing,909,Highly-skilled,PM-SYM,2025-12-20
MOCK-UAN-5441-4671,58,Uttar Pradesh,Uttar Pradesh,Domestic Worker,463,Semi-skilled,PM-SYM,2026-01-05
MOCK-UAN-4542-2888,36,Tamil Nadu,Gujarat,Manufacturing,616,Skilled,eShram,2025-05-10
MOCK-UAN-3530-9568,65,Tamil Nadu,Gujarat,Gig Worker,693,Skilled,eShram,2026-08-10
MOCK-UAN-5689-3238,62,Andhra Pradesh,Andhra Pradesh,Domestic Worker,281,Unskilled,Ayushman Bharat,2025-02-18
MOCK-UAN-6700-9717,63,Uttar Pradesh,Bihar,Gig Worker,1157,Highly-skilled,PM-Kisan,2024-10-23
MOCK-UAN-3206-3550,35,Uttar Pradesh,Tamil Nadu,Manufacturing,495,Semi-skilled,eShram,2025-03-21
MOCK-UAN-9503-5639,38,Odisha,Tamil Nadu,Construction,970,Highly-skilled,PM-Kisan,2026-07-24
MOCK-UAN-8987-7133,51,Tamil Nadu,Gujarat,Manufacturing,438,Semi-skilled,Ayushman Bharat,2025-06-17
MOCK-UAN-8694-7842,34,Andhra Pradesh,Andhra Pradesh,Construction,927,Highly-skilled,PM-Kisan,2025-11-24
MOCK-UAN-1404-2863,44,Uttar Pradesh,Jharkhand,Gig Worker,993,Highly-skilled,PM-SYM,2024-12-05
MOCK-UAN-5762-2139,39,Tamil Nadu,Andhra Pradesh,Agriculture,314,Unskilled,None,2026-01-27
MOCK-UAN-8698-9439,42,Bihar,Bihar,Gig Worker,605,Skilled,PM-Kisan,2025-12-22
MOCK-UAN-3606-7450,57,Andhra Pradesh,Andhra Pradesh,Construction,271,Unskilled,PM-Kisan,2025-11-30
MOCK-UAN-3691-4823,42,Jharkhand,West Bengal,Domestic Worker,868,Highly-skilled,eShram,2024-10-22
MOCK-UAN-1996-2965,58,Maharashtra,Maharashtra,Construction,960,Highly-skilled,PM-Kisan,2026-04-04
MOCK-UAN-8307-9637,21,Maharashtra,Jharkhand,Gig Worker,388,Unskilled,None,2025-07-25
MOCK-UAN-6510-9749,43,Uttar Pradesh,Uttar Pradesh,Domestic Worker,373,Unskilled,None,2024-10-22
MOCK-UAN-1247-4524,21,Karnataka,Karnataka,Agriculture,825,Highly-skilled,PM-SYM,2025-06-16
MOCK-UAN-3750-5377,36,Bihar,Bihar,Construction,462,Semi-skilled,PM-Kisan,2026-01-22
MOCK-UAN-1182-4469,22,Andhra Pradesh,Jharkhand,Domestic Worker,976,Highly-skilled,PM-Kisan,2024-12-09
MOCK-UAN-8034-2867,18,Karnataka,Karnataka,Manufacturing,606,Skilled,eShram,2025-02-13
MOCK-UAN-4388-2725,36,Jharkhand,Odisha,Gig Worker,594,Semi-skilled,Ayushman Bharat,2025-06-24
MOCK-UAN-6495-2723,41,Maharashtra,Bihar,Construction,602,Semi-skilled,Ayushman Bharat,2024-10-15
MOCK-UAN-6132-4008,64,Gujarat,Karnataka,Manufacturing,6331,Skilled,Ayushman Bharat,2026-04-21
MOCK-UAN-1033-7718,33,Karnataka,Andhra Pradesh,Construction,645,Skilled,eShram,2025-02-26
MOCK-UAN-3141-3849,20,Uttar Pradesh,Uttar Pradesh,Gig Worker,386,Unskilled,PM-SYM,2025-10-17
MOCK-UAN-4797-1979,38,Andhra Pradesh,Andhra Pradesh,Manufacturing,352,Semi-skilled,None,2025-05-23
MOCK-UAN-4289-5642,45,Tamil Nadu,Karnataka,Manufacturing,584,Skilled,PM-Kisan,2026-05-20
MOCK-UAN-4972-6543,64,Bihar,Bihar,Construction,994,Highly-skilled,None,2025-05-25
MOCK-UAN-8060-7644,-1,Gujarat,Maharashtra,Manufacturing,927,Highly-skilled,eShram,2025-07-05
MOCK-UAN-5611-5332,25,Tamil Nadu,Karnataka,Manufacturing,330,Unskilled,PM-Kisan,2025-06-20
MOCK-UAN-5161-1084,58,Bihar,Jharkhand,Agriculture,881,Highly-skilled,PM-Kisan,2025-06-27
MOCK-UAN-5859-6187,42,Bihar,Jharkhand,Gig Worker,667,Skilled,PM-Kisan,2025-04-05
MOCK-UAN-7262-8718,41,Tamil Nadu,Tamil Nadu,Gig Worker,463,Unskilled,PM-SYM,2026-06-12
MOCK-UAN-7197-4139,47,Odisha,Odisha,Gig Worker,975,Highly-skilled,None,2026-03-11
MOCK-UAN-9512-1331,24,Odisha,Odisha,Gig Worker,564,Semi-skilled,eShram,2024-12-21
MOCK-UAN-2686-2628,60,Jharkhand,Jharkhand,Gig Worker,708,Skilled,PM-SYM,2025-06-22
MOCK-UAN-5437-5809,18,Karnataka,Karnataka,Construction,423,Unskilled,PM-SYM,2025-03-13
MOCK-UAN-7198-7510,46,Odisha,Odisha,Agriculture,948,Highly-skilled,PM-SYM,2025-01-19
MOCK-UAN-4131-6754,33,Andhra Pradesh,Uttar Pradesh,Manufacturing,385,Semi-skilled,eShram,2026-05-01
MOCK-UAN-8981-6962,48,Karnataka,West Bengal,Manufacturing,840,Highly-skilled,PM-SYM,2025-03-06
MOCK-UAN-7869-6903,25,Uttar Pradesh,Uttar Pradesh,Gig Worker,728,Skilled,PM-SYM,2025-06-02
MOCK-UAN-1319-5457,23,West Bengal,West Bengal,Gig Worker,996,Highly-skilled,None,2025-05-03
MOCK-UAN-1115-3771,20,Bihar,West Bengal,Agriculture,577,Skilled,PM-SYM,2026-08-05
MOCK-UAN-9272-9703,55,Maharashtra,West Bengal,Gig Worker,450,Unskilled,PM-SYM,2026-05-02
MOCK-UAN-1046-4787,18,West Bengal,Karnataka,Gig Worker,1009,Highly-skilled,PM-SYM,2025-05-12
MOCK-UAN-6776-2903,55,Tamil Nadu,Tamil Nadu,Gig Worker,552,Semi-skilled,eShram,2025-05-02
MOCK-UAN-9862-1424,25,Karnataka,Karnataka,Construction,688,Skilled,None,2026-04-20
MOCK-UAN-5835-1607,35,Tamil Nadu,Odisha,Domestic Worker,581,Skilled,None,2025-01-14
MOCK-UAN-4441-6792,22,Jharkhand,Tamil Nadu,Agriculture,378,Unskilled,Ayushman Bharat,2025-04-27
MOCK-UAN-7421-6405,45,West Bengal,West Bengal,Domestic Worker,860,Highly-skilled,PM-Kisan,2026-01-22
MOCK-UAN-5206-5336,32,Andhra Pradesh,Odisha,Domestic Worker,332,Unskilled,PM-SYM,2025-12-29
MOCK-UAN-6047-6446,45,Bihar,Bihar,Agriculture,371,Unskilled,eShram,2024-10-08
MOCK-UAN-1614-5393,50,Maharashtra,Maharashtra,Agriculture,831,Highly-skilled,None,2025-05-03
MOCK-UAN-4663-3768,22,Uttar Pradesh,Uttar Pradesh,Construction,932,Highly-skilled,None,2026-04-13
MOCK-UAN-2245-5666,31,Odisha,Odisha,Domestic Worker,657,Skilled,None,2026-03-29
MOCK-UAN-5240-8247,44,Tamil Nadu,Uttar Pradesh,Manufacturing,957,Highly-skilled,None,2025-06-12
MOCK-UAN-6515-4502,23,Maharashtra,Maharashtra,Domestic Worker,891,Highly-skilled,None,2025-04-22
MOCK-UAN-9105-5454,64,Jharkhand,Jharkhand,Manufacturing,563,Skilled,PM-SYM,2025-08-01
MOCK-UAN-8780-2175,46,Tamil Nadu,Maharashtra,Gig Worker,597,Semi-skilled,PM-Kisan,2025-03-31
MOCK-UAN-4234-9531,25,Uttar Pradesh,Andhra Pradesh,Gig Worker,1,Highly-skilled,eShram,2026-08-19
MOCK-UAN-1087-4314,44,Jharkhand,Gujarat,Manufacturing,391,Semi-skilled,PM-Kisan,2025-04-20
MOCK-UAN-4633-3375,45,Karnataka,Tamil Nadu,Gig Worker,339,Unskilled,PM-Kisan,2025-01-29
MOCK-UAN-1416-8933,40,Odisha,Odisha,Domestic Worker,311,Unskilled,None,2026-07-15
MOCK-UAN-2614-8159,19,Bihar,Bihar,Gig Worker,731,Skilled,PM-SYM,2025-03-28
MOCK-UAN-4217-7877,18,West Bengal,Odisha,Construction,635,Skilled,None,2025-09-16
MOCK-UAN-5538-8790,40,Tamil Nadu,Tamil Nadu,Gig Worker,433,Unskilled,PM-SYM,2026-07-20
MOCK-UAN-4440-2776,57,Odisha,Odisha,Domestic Worker,864,Highly-skilled,eShram,2025-09-22
MOCK-UAN-4776-2532,32,Maharashtra,Maharashtra,Agriculture,794,Highly-skilled,eShram,2025-10-31
MOCK-UAN-6677-1309,32,West Bengal,Andhra Pradesh,Agriculture,578,Skilled,PM-Kisan,2025-10-10
MOCK-UAN-2737-1781,23,Gujarat,Gujarat,Gig Worker,403,Unskilled,PM-SYM,2024-11-03
MOCK-UAN-3699-2707,57,Odisha,Odisha,Domestic Worker,436,Semi-skilled,PM-Kisan,2025-10-16
MOCK-UAN-1650-9033,30,Maharashtra,Gujarat,Manufacturing,842,Highly-skilled,PM-SYM,2025-06-12
MOCK-UAN-1705-7295,26,Bihar,Andhra Pradesh,Gig Worker,609,Skilled,PM-Kisan,2026-05-14
MOCK-UAN-9933-5087,59,Uttar Pradesh,Uttar Pradesh,Construction,924,Highly-skilled,PM-SYM,2026-04-07
MOCK-UAN-3017-4006,52,Uttar Pradesh,Gujarat,Gig Worker,1044,Highly-skilled,None,2025-10-04
MOCK-UAN-6884-3971,41,Maharashtra,Maharashtra,Agriculture,512,Semi-skilled,Ayushman Bharat,2025-06-15
MOCK-UAN-8282-6853,54,Tamil Nadu,Jharkhand,Agriculture,509,Semi-skilled,PM-Kisan,2026-03-25
MOCK-UAN-2731-9544,47,Tamil Nadu,Odisha,Gig Worker,359,Unskilled,None,2025-04-09
MOCK-UAN-6152-9897,40,Jharkhand,Tamil Nadu,Gig Worker,342,Unskilled,None,2026-06-18
MOCK-UAN-9454-9486,37,Gujarat,Andhra Pradesh,Domestic Worker,924,Highly-skilled,eShram,2025-03-21
MOCK-UAN-6251-2296,56,Uttar Pradesh,Karnataka,Manufacturing,631,Skilled,eShram,2025-08-15
MOCK-UAN-7016-6482,42,Jharkhand,Gujarat,Agriculture,470,Semi-skilled,eShram,2026-04-05
MOCK-UAN-8133-3717,25,Odisha,Bihar,Agriculture,499,Skilled,eShram,2026-04-06
MOCK-UAN-5720-8073,54,Karnataka,Maharashtra,Domestic Worker,556,Skilled,None,2025-04-26
MOCK-UAN-6584-3807,49,Gujarat,Bihar,Construction,498,Semi-skilled,PM-SYM,2026-01-18
MOCK-UAN-2987-6396,65,West Bengal,West Bengal,Agriculture,324,Unskilled,Ayushman Bharat,2026-09-09
MOCK-UAN-8692-1937,53,Karnataka,Karnataka,Domestic Worker,638,Skilled,PM-SYM,2025-05-24
MOCK-UAN-7422-5482,58,Tamil Nadu,Tamil Nadu,Construction,657,Skilled,None,2024-10-30
MOCK-UAN-3692-1955,63,Bihar,Uttar Pradesh,Gig Worker,716,Skilled,None,2025-08-15
MOCK-UAN-2020-1910,40,Maharashtra,Gujarat,Gig Worker,704,Skilled,None,2026-04-10
MOCK-UAN-1390-4385,19,Karnataka,Karnataka,Gig Worker,434,Unskilled,PM-Kisan,2026-02-09
MOCK-UAN-6538-5487,65,Jharkhand,Tamil Nadu,Domestic Worker,465,Semi-skilled,None,2026-07-03
MOCK-UAN-4876-9216,55,Tamil Nadu,Tamil Nadu,Construction,953,Highly-skilled,eShram,2026-07-24
MOCK-UAN-6577-5786,15,Karnataka,Andhra Pradesh,Construction,2500,Highly-skilled,PM-SYM,2026-04-10
MOCK-UAN-4094-1875,-2,Gujarat,Gujarat,Gig Worker,704,Skilled,PM-Kisan,2026-02-06
MOCK-UAN-5195-7466,19,Andhra Pradesh,Andhra Pradesh,Agriculture,474,Semi-skilled,PM-SYM,2024-09-27
MOCK-UAN-6919-9445,59,Uttar Pradesh,Tamil Nadu,Agriculture,313,Unskilled,PM-Kisan,2025-09-23
MOCK-UAN-5219-1052,25,Karnataka,Tamil Nadu,Construction,519,Semi-skilled,Ayushman Bharat,2025-06-21
MOCK-UAN-3052-6143,32,Andhra Pradesh,Odisha,Construction,567,Semi-skilled,Ayushman Bharat,2026-06-14
MOCK-UAN-5518-1115,19,West Bengal,Maharashtra,Domestic Worker,913,Highly-skilled,Ayushman Bharat,2025-08-10
MOCK-UAN-9969-7524,52,Andhra Pradesh,Karnataka,Manufacturing,567,Skilled,eShram,2024-10-15
MOCK-UAN-4180-9461,49,Tamil Nadu,West Bengal,Domestic Worker,944,Highly-skilled,eShram,2026-06-10
MOCK-UAN-9353-2161,46,Karnataka,Karnataka,Agriculture,9,Skilled,Ayushman Bharat,2026-03-09
MOCK-UAN-2947-2346,44,Gujarat,Maharashtra,Agriculture,845,Highly-skilled,Ayushman Bharat,2026-06-20
MOCK-UAN-2151-5727,30,Bihar,Andhra Pradesh,Domestic Worker,916,Highly-skilled,PM-SYM,2026-04-21
MOCK-UAN-1646-3559,59,Maharashtra,Jharkhand,Agriculture,325,Unskilled,PM-Kisan,2026-08-26
MOCK-UAN-9992-4733,19,Maharashtra,Maharashtra,Manufacturing,387,Semi-skilled,PM-Kisan,2026-05-03
MOCK-UAN-4790-3611,52,Uttar Pradesh,Uttar Pradesh,Construction,930,Highly-skilled,PM-Kisan,2025-02-04
MOCK-UAN-4408-2223,61,Maharashtra,Tamil Nadu,Construction,319,Unskilled,PM-SYM,2026-04-28
MOCK-UAN-6653-2593,44,Maharashtra,Tamil Nadu,Agriculture,425,Semi-skilled,Ayushman Bharat,2025-03-21
MOCK-UAN-1311-7126,41,West Bengal,West Bengal,Domestic Worker,347,Unskilled,PM-SYM,2026-06-02
MOCK-UAN-3004-1713,32,Andhra Pradesh,Andhra Pradesh,Agriculture,16402,Semi-skilled,None,2024-10-05
MOCK-UAN-5189-2145,52,Uttar Pradesh,Andhra Pradesh,Agriculture,449,Semi-skilled,PM-Kisan,2025-05-09
MOCK-UAN-1588-6448,58,Tamil Nadu,Tamil Nadu,Agriculture,872,Highly-skilled,Ayushman Bharat,2025-06-13
MOCK-UAN-7565-5675,43,Tamil Nadu,Jharkhand,Gig Worker,332,Unskilled,eShram,2026-06-14
MOCK-UAN-3493-9434,37,Uttar Pradesh,Gujarat,Manufacturing,671,Skilled,eShram,2025-06-25
MOCK-UAN-1073-9608,24,Andhra Pradesh,Andhra Pradesh,Manufacturing,479,Semi-skilled,eShram,2026-07-02
MOCK-UAN-3322-7690,23,Odisha,Odisha,Construction,314,Unskilled,eShram,2024-10-28
MOCK-UAN-1143-7355,36,Karnataka,Tamil Nadu,Domestic Worker,335,Unskilled,PM-SYM,2026-03-26
MOCK-UAN-2619-8779,34,Uttar Pradesh,Bihar,Manufacturing,296,Unskilled,None,2025-02-22
MOCK-UAN-1386-9879,56,Uttar Pradesh,Karnataka,Gig Worker,385,Unskilled,PM-Kisan,2026-05-16
MOCK-UAN-9501-4096,40,West Bengal,West Bengal,Agriculture,471,Semi-skilled,Ayushman Bharat,2025-05-25
MOCK-UAN-6626-2018,33,Gujarat,Bihar,Domestic Worker,412,Semi-skilled,PM-SYM,2025-09-06
MOCK-UAN-3532-8628,22,Odisha,Andhra Pradesh,Domestic Worker,582,Skilled,Ayushman Bharat,2025-11-05
MOCK-UAN-3213-5980,58,West Bengal,Gujarat,Agriculture,456,Semi-skilled,eShram,2025-06-28
MOCK-UAN-6021-1701,42,Maharashtra,Jharkhand,Domestic Worker,575,Skilled,None,2026-05-14
MOCK-UAN-1233-4209,41,Jharkhand,Bihar,Agriculture,633,Skilled,Ayushman Bharat,2025-12-23
MOCK-UAN-6467-9528,22,West Bengal,Andhra Pradesh,Construction,593,Semi-skilled,PM-SYM,2026-03-06
MOCK-UAN-3803-2605,22,Gujarat,Gujarat,Agriculture,862,Highly-skilled,PM-SYM,2025-01-14
MOCK-UAN-6974-5115,25,West Bengal,Odisha,Agriculture,366,Semi-skilled,PM-Kisan,2026-08-15
MOCK-UAN-7849-4490,24,Karnataka,Karnataka,Construction,849,Highly-skilled,eShram,2026-04-04
MOCK-UAN-1742-5827,60,Odisha,Andhra Pradesh,Agriculture,892,Highly-skilled,None,2026-05-25
MOCK-UAN-9984-6500,50,Gujarat,Andhra Pradesh,Manufacturing,866,Highly-skilled,PM-SYM,2026-03-19
MOCK-UAN-1857-5432,29,Bihar,Bihar,Manufacturing,460,Semi-skilled,eShram,2025-06-22
MOCK-UAN-3008-8063,43,Maharashtra,Bihar,Gig Worker,556,Semi-skilled,eShram,2026-05-19
MOCK-UAN-9950-5797,34,West Bengal,Odisha,Gig Worker,619,Skilled,PM-Kisan,2026-01-29
MOCK-UAN-5401-9627,39,Maharashtra,Jharkhand,Agriculture,209,Unskilled,None,2025-10-03
MOCK-UAN-2755-7846,36,West Bengal,West Bengal,Domestic Worker,914,Highly-skilled,PM-SYM,2025-07-02
MOCK-UAN-5982-1302,21,Bihar,Bihar,Agriculture,306,Unskilled,eShram,2025-05-28
MOCK-UAN-5392-8633,28,Gujarat,Karnataka,Gig Worker,378,Unskilled,Ayushman Bharat,2026-01-07
MOCK-UAN-7900-2430,40,Karnataka,Maharashtra,Agriculture,517,Skilled,PM-SYM,2025-05-02
MOCK-UAN-4927-1269,24,Gujarat,Gujarat,Agriculture,623,Skilled,eShram,2026-04-17
MOCK-UAN-8043-8207,59,Jharkhand,Uttar Pradesh,Agriculture,963,Highly-skilled,PM-SYM,2024-12-07
MOCK-UAN-3809-8371,54,Bihar,Bihar,Gig Worker,1013,Highly-skilled,PM-Kisan,2026-02-08
MOCK-UAN-3416-9310,57,Andhra Pradesh,Bihar,Agriculture,857,Highly-skilled,eShram,2026-06-23
MOCK-UAN-4400-2005,34,Uttar Pradesh,Uttar Pradesh,Manufacturing,902,Highly-skilled,PM-Kisan,2026-02-07
MOCK-UAN-8483-2539,38,Karnataka,Gujarat,Manufacturing,231,Unskilled,PM-SYM,2026-04-05
MOCK-UAN-5909-4212,22,West Bengal,West Bengal,Construction,4,Unskilled,PM-Kisan,2026-02-15
MOCK-UAN-6977-4545,31,Uttar Pradesh,Gujarat,Domestic Worker,604,Skilled,None,2026-06-14
MOCK-UAN-4015-4834,42,Tamil Nadu,Tamil Nadu,Agriculture,811,Highly-skilled,None,2026-08-30
MOCK-UAN-8837-2036,35,Gujarat,Tamil Nadu,Manufacturing,584,Skilled,PM-Kisan,2025-07-19
MOCK-UAN-9492-9916,58,Jharkhand,Andhra Pradesh,Domestic Worker,473,Semi-skilled,eShram,2026-06-18
MOCK-UAN-8624-9487,20,Odisha,Odisha,Gig Worker,983,Highly-skilled,eShram,2025-09-21
MOCK-UAN-8442-8712,46,Jharkhand,Jharkhand,Domestic Worker,886,Highly-skilled,eShram,2025-08-27
MOCK-UAN-4097-8877,37,Gujarat,Karnataka,Gig Worker,638,Skilled,PM-SYM,2025-09-21
MOCK-UAN-8968-3956,50,Tamil Nadu,Maharashtra,Construction,528,Semi-skilled,Ayushman Bharat,2024-09-15
MOCK-UAN-7526-1741,48,Maharashtra,Maharashtra,Manufacturing,267,Unskilled,Ayushman Bharat,2024-11-02
MOCK-UAN-4968-9658,21,Gujarat,Gujarat,Agriculture,192,Unskilled,PM-SYM,2025-03-21
MOCK-UAN-9587-1016,49,Maharashtra,Uttar Pradesh,Construction,631,Skilled,PM-SYM,2025-07-09
MOCK-UAN-5976-2446,45,Bihar,Karnataka,Agriculture,499,Semi-skilled,PM-Kisan,2026-04-28
MOCK-UAN-6341-9067,38,Karnataka,Karnataka,Agriculture,580,Skilled,PM-Kisan,2025-02-27
MOCK-UAN-8425-5394,28,Maharashtra,West Bengal,Gig Worker,486,Unskilled,Ayushman Bharat,2025-05-13
MOCK-UAN-5587-6402,31,Andhra Pradesh,Gujarat,Construction,671,Skilled,None,2026-03-19
MOCK-UAN-8586-2853,33,Odisha,Andhra Pradesh,Gig Worker,716,Skilled,Ayushman Bharat,2025-05-28
MOCK-UAN-9468-2179,57,Maharashtra,Andhra Pradesh,Domestic Worker,893,Highly-skilled,None,2025-12-23
MOCK-UAN-3957-2625,45,Jharkhand,Karnataka,Domestic Worker,596,Skilled,None,2026-03-19
MOCK-UAN-4453-5892,47,Tamil Nadu,Andhra Pradesh,Domestic Worker,286,Unskilled,PM-Kisan,2026-07-18
MOCK-UAN-1633-6121,60,Karnataka,Tamil Nadu,Gig Worker,684,Skilled,None,2025-05-10
MOCK-UAN-4731-2966,65,Andhra Pradesh,Bihar,Manufacturing,626,Skilled,None,2026-07-10
MOCK-UAN-7205-8198,33,West Bengal,West Bengal,Gig Worker,503,Semi-skilled,None,2025-08-22
MOCK-UAN-4449-4444,24,Jharkhand,Jharkhand,Domestic Worker,396,Semi-skilled,PM-SYM,2026-06-01
MOCK-UAN-6517-2374,45,Gujarat,Gujarat,Gig Worker,493,Semi-skilled,Ayushman Bharat,2025-05-11
MOCK-UAN-8457-5785,57,Odisha,Odisha,Domestic Worker,402,Unskilled,None,2025-07-10
MOCK-UAN-5980-7473,29,Uttar Pradesh,Uttar Pradesh,Gig Worker,426,Unskilled,Ayushman Bharat,2025-04-07
MOCK-UAN-1231-4934,34,Bihar,Tamil Nadu,Manufacturing,465,Semi-skilled,Ayushman Bharat,2026-04-25
MOCK-UAN-6446-5565,24,Jharkhand,Jharkhand,Construction,597,Skilled,PM-Kisan,2025-04-09
MOCK-UAN-2001-1491,55,Uttar Pradesh,Tamil Nadu,Domestic Worker,331,Unskilled,Ayushman Bharat,2025-05-12
MOCK-UAN-4481-4634,55,Tamil Nadu,Tamil Nadu,Agriculture,894,Highly-skilled,Ayushman Bharat,2025-06-01
MOCK-UAN-9874-4125,23,Jharkhand,Gujarat,Gig Worker,15364,Unskilled,None,2025-02-19
MOCK-UAN-3862-6944,39,Jharkhand,West Bengal,Gig Worker,501,Semi-skilled,PM-SYM,2025-06-06
MOCK-UAN-8258-6525,41,Tamil Nadu,Odisha,Agriculture,308,Unskilled,eShram,2026-04-05
MOCK-UAN-3127-9627,53,West Bengal,Gujarat,Domestic Worker,278,Unskilled,PM-Kisan,2025-08-02
MOCK-UAN-7428-3089,21,Jharkhand,Uttar Pradesh,Agriculture,411,Semi-skilled,PM-Kisan,2025-12-20
MOCK-UAN-8876-6388,42,Gujarat,Bihar,Agriculture,636,Skilled,PM-SYM,2025-05-20
MOCK-UAN-7245-6254,23,Odisha,Odisha,Domestic Worker,223,Unskilled,None,2025-10-27
MOCK-UAN-2964-7134,27,Andhra Pradesh,Andhra Pradesh,Gig Worker,728,Skilled,PM-SYM,2026-02-16
MOCK-UAN-7459-9616,44,Andhra Pradesh,Odisha,Agriculture,634,Skilled,PM-Kisan,2025-11-15
MOCK-UAN-3009-4900,41,West Bengal,West Bengal,Domestic Worker,406,Semi-skilled,None,2025-06-18
MOCK-UAN-3462-2417,56,Jharkhand,Jharkhand,Gig Worker,658,Skilled,Ayushman Bharat,2024-10-16
MOCK-UAN-3949-5779,52,Gujarat,Odisha,Construction,638,Skilled,PM-Kisan,2026-08-11
MOCK-UAN-2609-8491,48,Uttar Pradesh,Andhra Pradesh,Gig Worker,414,Unskilled,PM-Kisan,2026-02-01
MOCK-UAN-3780-1292,44,Maharashtra,Maharashtra,Domestic Worker,442,Semi-skilled,eShram,2025-05-01
MOCK-UAN-9393-7943,-4,Uttar Pradesh,Uttar Pradesh,Agriculture,471,Semi-skilled,PM-SYM,2025-04-17
MOCK-UAN-7900-8863,58,Uttar Pradesh,West Bengal,Construction,738,Skilled,Ayushman Bharat,2026-02-24
MOCK-UAN-1128-8623,22,Maharashtra,Maharashtra,Agriculture,574,Skilled,None,2026-03-02
MOCK-UAN-7202-2452,45,Jharkhand,Jharkhand,Domestic Worker,514,Skilled,eShram,2026-04-02
MOCK-UAN-4565-4801,62,Andhra Pradesh,Andhra Pradesh,Agriculture,641,Skilled,PM-Kisan,2025-06-04
MOCK-UAN-3323-4497,65,West Bengal,West Bengal,Manufacturing,984,Highly-skilled,eShram,2026-05-15
MOCK-UAN-7316-1442,19,West Bengal,Andhra Pradesh,Manufacturing,319,Unskilled,Ayushman Bharat,2026-04-24
MOCK-UAN-1589-4582,31,Jharkhand,Jharkhand,Manufacturing,395,Semi-skilled,PM-SYM,2025-03-16
MOCK-UAN-6445-2691,60,Karnataka,Odisha,Gig Worker,993,Highly-skilled,None,2026-06-01
MOCK-UAN-6904-1918,51,Tamil Nadu,Uttar Pradesh,Construction,294,Unskilled,eShram,2026-04-12
MOCK-UAN-5796-3444,-4,Jharkhand,Odisha,Manufacturing,332,Unskilled,None,2025-08-12
MOCK-UAN-1862-3961,-5,Uttar Pradesh,Gujarat,Gig Worker,332,Unskilled,PM-Kisan,2026-06-12
MOCK-UAN-5844-9799,21,Tamil Nadu,Tamil Nadu,Construction,634,Skilled,PM-SYM,2025-11-30
MOCK-UAN-1250-6212,26,Odisha,Uttar Pradesh,Construction,299,Unskilled,None,2025-05-01
MOCK-UAN-3453-1872,51,West Bengal,Tamil Nadu,Manufacturing,606,Skilled,None,2025-08-01
MOCK-UAN-5546-5145,51,Andhra Pradesh,Tamil Nadu,Agriculture,881,Highly-skilled,PM-Kisan,2025-04-16
MOCK-UAN-1372-3957,44,Karnataka,Karnataka,Gig Worker,1008,Highly-skilled,PM-SYM,2025-01-03
MOCK-UAN-9753-1151,33,West Bengal,West Bengal,Construction,651,Skilled,Ayushman Bharat,2025-04-15
MOCK-UAN-9618-3367,36,West Bengal,West Bengal,Agriculture,550,Skilled,Ayushman Bharat,2025-06-09
MOCK-UAN-7772-5098,58,Odisha,Odisha,Domestic Worker,931,Highly-skilled,PM-SYM,2026-05-21
MOCK-UAN-5970-7222,38,Uttar Pradesh,Andhra Pradesh,Construction,347,Unskilled,PM-Kisan,2024-10-09
MOCK-UAN-7027-1738,23,Tamil Nadu,Tamil Nadu,Gig Worker,650,Skilled,PM-Kisan,2026-05-18
MOCK-UAN-9130-9605,32,Odisha,Andhra Pradesh,Domestic Worker,412,Unskilled,None,2025-01-09
MOCK-UAN-3070-1409,29,West Bengal,Bihar,Gig Worker,573,Semi-skilled,eShram,2026-01-16
MOCK-UAN-2872-2429,54,Bihar,Bihar,Domestic Worker,442,Semi-skilled,None,2026-01-28
MOCK-UAN-4343-6714,45,Karnataka,Uttar Pradesh,Domestic Worker,670,Skilled,Ayushman Bharat,2025-11-05
MOCK-UAN-2306-1015,44,Odisha,West Bengal,Agriculture,392,Unskilled,eShram,2026-03-26
MOCK-UAN-6228-4410,61,Tamil Nadu,Tamil Nadu,Manufacturing,892,Highly-skilled,eShram,2025-04-03
MOCK-UAN-6002-7345,46,Odisha,Maharashtra,Domestic Worker,467,Semi-skilled,None,2026-02-06
MOCK-UAN-6454-8759,36,Andhra Pradesh,Andhra Pradesh,Manufacturing,400,Semi-skilled,None,2025-10-14
MOCK-UAN-1084-3416,53,West Bengal,Jharkhand,Domestic Worker,292,Unskilled,PM-SYM,2025-01-23
MOCK-UAN-5184-7457,22,Uttar Pradesh,Jharkhand,Agriculture,10950,Unskilled,Ayushman Bharat,2026-07-29
MOCK-UAN-5309-6889,65,Bihar,Gujarat,Agriculture,909,Highly-skilled,None,2025-01-29
MOCK-UAN-8834-9765,34,Bihar,Bihar,Agriculture,916,Highly-skilled,None,2026-08-15
MOCK-UAN-9427-7642,64,Maharashtra,Bihar,Manufacturing,477,Semi-skilled,eShram,2025-06-28
MOCK-UAN-9036-4027,34,Uttar Pradesh,Maharashtra,Domestic Worker,311,Unskilled,None,2025-12-14
MOCK-UAN-5275-3962,23,Uttar Pradesh,Andhra Pradesh,Agriculture,839,Highly-skilled,PM-Kisan,2025-06-07
MOCK-UAN-8633-7701,36,Uttar Pradesh,Uttar Pradesh,Agriculture,253,Unskilled,None,2026-06-09
MOCK-UAN-9525-6309,30,Jharkhand,Karnataka,Gig Worker,672,Skilled,eShram,2026-04-07
MOCK-UAN-2519-8025,56,Uttar Pradesh,Tamil Nadu,Gig Worker,685,Skilled,PM-Kisan,2026-04-07
MOCK-UAN-7824-4875,39,Karnataka,Gujarat,Construction,402,Unskilled,eShram,2026-03-11
MOCK-UAN-2447-4096,18,Jharkhand,Jharkhand,Domestic Worker,241,Unskilled,eShram,2024-10-09
MOCK-UAN-8818-3198,19,Odisha,Jharkhand,Agriculture,282,Unskilled,Ayushman Bharat,2026-02-06
MOCK-UAN-3322-2886,34,Odisha,Uttar Pradesh,Gig Worker,447,Unskilled,PM-SYM,2025-11-21
MOCK-UAN-7977-5572,18,Karnataka,West Bengal,Manufacturing,2500,Highly-skilled,None,2025-10-19
MOCK-UAN-1271-8099,62,Odisha,Andhra Pradesh,Gig Worker,573,Semi-skilled,eShram,2026-07-13
MOCK-UAN-9818-9614,41,Jharkhand,Jharkhand,Domestic Worker,593,Skilled,PM-SYM,2025-10-05
MOCK-UAN-8347-6034,48,Uttar Pradesh,Odisha,Construction,962,Highly-skilled,None,2026-03-02
MOCK-UAN-4756-1319,62,Bihar,Bihar,Construction,488,Semi-skilled,Ayushman Bharat,2025-10-18
MOCK-UAN-5311-5149,64,Odisha,Gujarat,Construction,383,Unskilled,None,2025-12-29
MOCK-UAN-5256-8341,47,Maharashtra,Uttar Pradesh,Agriculture,222,Unskilled,PM-SYM,2026-01-21
MOCK-UAN-1751-3398,47,Jharkhand,Uttar Pradesh,Agriculture,581,Skilled,PM-Kisan,2026-01-12
MOCK-UAN-9300-7508,53,Karnataka,West Bengal,Agriculture,314,Unskilled,eShram,2025-06-16
MOCK-UAN-2888-3317,20,Gujarat,Gujarat,Agriculture,626,Skilled,PM-Kisan,2026-02-26
MOCK-UAN-4065-9606,31,Karnataka,Karnataka,Manufacturing,674,Skilled,eShram,2025-02-15
MOCK-UAN-6704-7189,40,Tamil Nadu,Gujarat,Construction,480,Semi-skilled,None,2026-07-05
MOCK-UAN-5602-2551,18,Gujarat,Odisha,Agriculture,523,Semi-skilled,Ayushman Bharat,2025-06-18
MOCK-UAN-1839-5791,25,Odisha,Odisha,Construction,317,Unskilled,PM-SYM,2025-10-31
MOCK-UAN-1021-3988,50,Bihar,Gujarat,Agriculture,516,Semi-skilled,Ayushman Bharat,2024-11-05
MOCK-UAN-5011-5920,36,Jharkhand,Maharashtra,Construction,690,Skilled,None,2024-12-16
MOCK-UAN-5730-9814,54,Andhra Pradesh,Tamil Nadu,Domestic Worker,554,Skilled,None,2026-05-09
MOCK-UAN-5868-4838,33,Andhra Pradesh,Karnataka,Manufacturing,315,Unskilled,Ayushman Bharat,2025-08-28
MOCK-UAN-3474-4784,44,Odisha,West Bengal,Gig Worker,547,Semi-skilled,PM-SYM,2025-06-02
MOCK-UAN-3464-5295,45,West Bengal,West Bengal,Construction,681,Skilled,eShram,2026-01-14
MOCK-UAN-9734-6078,19,Odisha,Gujarat,Manufacturing,288,Unskilled,PM-Kisan,2026-03-16
MOCK-UAN-5542-9560,45,Uttar Pradesh,Uttar Pradesh,Manufacturing,584,Skilled,PM-Kisan,2025-04-07
MOCK-UAN-5069-9559,41,Karnataka,Karnataka,Gig Worker,468,Unskilled,eShram,2025-02-26
MOCK-UAN-1092-2927,24,Odisha,Maharashtra,Agriculture,895,Highly-skilled,eShram,2026-01-24
MOCK-UAN-4452-4800,29,Tamil Nadu,Tamil Nadu,Construction,391,Unskilled,PM-Kisan,2026-06-14
MOCK-UAN-8727-1217,32,Bihar,Uttar Pradesh,Manufacturing,288,Unskilled,PM-Kisan,2024-10-20
MOCK-UAN-9662-3415,19,Tamil Nadu,Tamil Nadu,Gig Worker,633,Semi-skilled,None,2026-08-08
MOCK-UAN-6501-4596,22,Jharkhand,West Bengal,Domestic Worker,566,Skilled,eShram,2026-04-13
MOCK-UAN-8112-5215,61,Uttar Pradesh,Uttar Pradesh,Agriculture,269,Unskilled,None,2026-08-05
MOCK-UAN-2236-8817,51,Karnataka,Maharashtra,Construction,426,Unskilled,Ayushman Bharat,2026-01-10
MOCK-UAN-6491-9131,41,West Bengal,Uttar Pradesh,Domestic Worker,427,Semi-skilled,PM-Kisan,2026-05-27
MOCK-UAN-7599-2276,18,Gujarat,Gujarat,Construction,430,Unskilled,None,2026-08-12
MOCK-UAN-2586-3795,43,Tamil Nadu,Gujarat,Gig Worker,594,Semi-skilled,PM-SYM,2025-05-05
MOCK-UAN-5466-4818,29,Bihar,Bihar,Manufacturing,592,Skilled,PM-Kisan,2025-05-06
MOCK-UAN-6361-5165,54,Uttar Pradesh,West Bengal,Agriculture,809,Highly-skilled,None,2026-07-28
MOCK-UAN-8124-9619,48,Odisha,Andhra Pradesh,Domestic Worker,899,Highly-skilled,PM-SYM,2026-06-02
MOCK-UAN-4348-7008,35,Jharkhand,Karnataka,Gig Worker,555,Semi-skilled,PM-SYM,2026-01-03
MOCK-UAN-8682-1587,49,Karnataka,Karnataka,Gig Worker,458,Unskilled,PM-Kisan,2025-11-28
MOCK-UAN-5813-2759,45,Jharkhand,Bihar,Agriculture,379,Unskilled,Ayushman Bharat,2025-04-01
MOCK-UAN-6825-7495,25,Gujarat,Tamil Nadu,Construction,615,Skilled,PM-SYM,2025-05-25
MOCK-UAN-9465-4328,50,Gujarat,Andhra Pradesh,Construction,390,Unskilled,PM-Kisan,2026-06-25
MOCK-UAN-4977-3378,16,Andhra Pradesh,Gujarat,Agriculture,2500,Highly-skilled,Ayushman Bharat,2025-03-05
MOCK-UAN-9677-2127,56,Karnataka,Maharashtra,Domestic Worker,953,Highly-skilled,PM-SYM,2025-02-11
MOCK-UAN-3111-3866,45,Bihar,Uttar Pradesh,Gig Worker,1024,Highly-skilled,None,2024-10-29
MOCK-UAN-9541-5593,34,Tamil Nadu,Uttar Pradesh,Domestic Worker,202,Unskilled,Ayushman Bharat,2025-07-11
MOCK-UAN-2106-4598,28,Maharashtra,Gujarat,Gig Worker,692,Skilled,None,2026-05-17
MOCK-UAN-5892-6522,59,Tamil Nadu,Tamil Nadu,Gig Worker,342,Unskilled,Ayushman Bharat,2026-08-28
MOCK-UAN-2694-6216,37,Karnataka,Karnataka,Gig Worker,9624,Highly-skilled,Ayushman Bharat,2026-04-13
MOCK-UAN-7205-6562,27,Andhra Pradesh,Tamil Nadu,Manufacturing,349,Unskilled,eShram,2025-04-19
MOCK-UAN-2645-4375,26,Jharkhand,Gujarat,Manufacturing,315,Unskilled,PM-SYM,2025-06-11
MOCK-UAN-6019-8933,53,Maharashtra,Tamil Nadu,Gig Worker,1057,Highly-skilled,Ayushman Bharat,2026-02-17
MOCK-UAN-3309-7604,26,Maharashtra,Odisha,Manufacturing,317,Unskilled,PM-Kisan,2026-02-12
MOCK-UAN-2095-9269,64,Gujarat,Bihar,Gig Worker,635,Skilled,None,2024-09-20
MOCK-UAN-4149-2595,58,Jharkhand,Andhra Pradesh,Gig Worker,273,Unskilled,Ayushman Bharat,2024-11-10
MOCK-UAN-2586-5623,55,Jharkhand,Bihar,Manufacturing,307,Unskilled,PM-SYM,2026-05-10
MOCK-UAN-1890-3695,27,Uttar Pradesh,Uttar Pradesh,Construction,939,Highly-skilled,Ayushman Bharat,2025-04-07
MOCK-UAN-3797-1330,61,Andhra Pradesh,Andhra Pradesh,Manufacturing,401,Semi-skilled,PM-Kisan,2026-01-01
MOCK-UAN-1488-8550,30,Uttar Pradesh,Maharashtra,Domestic Worker,214,Unskilled,PM-SYM,2025-01-12
MOCK-UAN-7957-2424,23,Tamil Nadu,Tamil Nadu,Manufacturing,563,Skilled,None,2025-09-13
MOCK-UAN-7481-2545,30,Odisha,Odisha,Construction,340,Unskilled,PM-SYM,2026-01-19
MOCK-UAN-5307-8443,32,Uttar Pradesh,Maharashtra,Manufacturing,333,Unskilled,PM-Kisan,2026-05-24
MOCK-UAN-9732-6190,35,Gujarat,Gujarat,Construction,359,Unskilled,PM-Kisan,2024-12-26
MOCK-UAN-2123-9272,36,Gujarat,Gujarat,Construction,580,Semi-skilled,eShram,2024-10-09
MOCK-UAN-8397-8986,65,Jharkhand,Bihar,Agriculture,848,Highly-skilled,PM-Kisan,2025-06-16
MOCK-UAN-4991-2816,59,Uttar Pradesh,Uttar Pradesh,Manufacturing,644,Skilled,None,2025-05-05
MOCK-UAN-9896-9901,32,Uttar Pradesh,Karnataka,Gig Worker,402,Unskilled,PM-SYM,2026-03-05
MOCK-UAN-5853-6104,39,Andhra Pradesh,Andhra Pradesh,Agriculture,484,Semi-skilled,PM-Kisan,2025-06-16
MOCK-UAN-3489-7082,35,Maharashtra,Andhra Pradesh,Gig Worker,678,Skilled,eShram,2026-05-15
MOCK-UAN-6089-8380,29,Maharashtra,Andhra Pradesh,Manufacturing,953,Highly-skilled,eShram,2026-02-21
MOCK-UAN-3590-6315,28,Uttar Pradesh,Uttar Pradesh,Agriculture,464,Semi-skilled,eShram,2025-05-18
MOCK-UAN-2490-2415,31,Jharkhand,West Bengal,Gig Worker,666,Skilled,eShram,2025-01-16
MOCK-UAN-8120-8459,54,Karnataka,Odisha,Agriculture,599,Skilled,eShram,2025-06-17
MOCK-UAN-9714-5544,60,Tamil Nadu,Jharkhand,Manufacturing,438,Semi-skilled,PM-SYM,2025-09-05
MOCK-UAN-7734-4814,64,Andhra Pradesh,Jharkhand,Domestic Worker,474,Semi-skilled,eShram,2025-05-06
MOCK-UAN-8072-8323,45,West Bengal,Odisha,Manufacturing,841,Highly-skilled,PM-SYM,2025-08-30
MOCK-UAN-3215-8399,54,Karnataka,Karnataka,Domestic Worker,448,Semi-skilled,Ayushman Bharat,2025-06-25
MOCK-UAN-4580-3372,22,Andhra Pradesh,Andhra Pradesh,Agriculture,619,Skilled,None,2025-08-11
MOCK-UAN-7364-9943,18,Bihar,Maharashtra,Domestic Worker,451,Semi-skilled,None,2026-02-15
MOCK-UAN-9906-9530,41,Bihar,Jharkhand,Domestic Worker,967,Highly-skilled,Ayushman Bharat,2025-12-08
MOCK-UAN-2257-7707,59,Odisha,Karnataka,Gig Worker,7,Semi-skilled,PM-SYM,2025-05-29
MOCK-UAN-5337-3015,39,Maharashtra,Odisha,Construction,499,Semi-skilled,None,2026-04-27
MOCK-UAN-1280-6567,53,Jharkhand,Uttar Pradesh,Agriculture,910,Highly-skilled,Ayushman Bharat,2025-07-03
MOCK-UAN-9654-2727,36,Gujarat,Gujarat,Agriculture,314,Unskilled,None,2024-11-20
MOCK-UAN-2155-7113,50,Andhra Pradesh,Andhra Pradesh,Agriculture,920,Highly-skilled,Ayushman Bharat,2026-06-15
MOCK-UAN-3429-9251,63,West Bengal,Tamil Nadu,Domestic Worker,808,Highly-skilled,PM-Kisan,2026-07-28
MOCK-UAN-4175-7141,42,Tamil Nadu,Karnataka,Domestic Worker,884,Highly-skilled,PM-SYM,2026-02-01
MOCK-UAN-9538-5902,19,Maharashtra,Andhra Pradesh,Agriculture,5081,Skilled,eShram,2025-03-16
MOCK-UAN-1202-9307,61,Tamil Nadu,Uttar Pradesh,Gig Worker,1063,Highly-skilled,None,2025-02-06
MOCK-UAN-7805-7355,53,Jharkhand,Jharkhand,Domestic Worker,596,Skilled,None,2025-06-17
MOCK-UAN-4014-6351,57,Karnataka,Jharkhand,Agriculture,890,Highly-skilled,Ayushman Bharat,2026-03-10
MOCK-UAN-1963-4434,39,Jharkhand,Bihar,Gig Worker,444,Unskilled,Ayushman Bharat,2024-09-27
MOCK-UAN-6022-5369,33,Karnataka,Andhra Pradesh,Gig Worker,421,Unskilled,Ayushman Bharat,2025-05-06
MOCK-UAN-3479-1941,34,Andhra Pradesh,Andhra Pradesh,Construction,893,Highly-skilled,eShram,2025-12-18
MOCK-UAN-2159-6518,50,Gujarat,Gujarat,Domestic Worker,296,Unskilled,Ayushman Bharat,2026-06-07
MOCK-UAN-2947-2424,33,Karnataka,Maharashtra,Agriculture,433,Semi-skilled,PM-SYM,2026-02-20
MOCK-UAN-4952-8821,21,Bihar,Karnataka,Manufacturing,812,Highly-skilled,PM-SYM,2025-12-10
MOCK-UAN-2025-5531,26,West Bengal,Odisha,Domestic Worker,415,Semi-skilled,PM-SYM,2025-07-27
MOCK-UAN-7998-9724,29,Andhra Pradesh,Bihar,Construction,340,Unskilled,None,2026-06-04
MOCK-UAN-9351-1152,61,Andhra Pradesh,Andhra Pradesh,Agriculture,594,Skilled,eShram,2025-05-31
MOCK-UAN-6719-8916,42,Tamil Nadu,Maharashtra,Domestic Worker,825,Highly-skilled,PM-SYM,2024-12-22
MOCK-UAN-4692-3103,23,Andhra Pradesh,Bihar,Gig Worker,607,Semi-skilled,Ayushman Bharat,2025-06-04
MOCK-UAN-3404-3097,37,Gujarat,Gujarat,Gig Worker,694,Skilled,PM-Kisan,2025-06-17
MOCK-UAN-8147-4703,38,Andhra Pradesh,Gujarat,Construction,351,Unskilled,Ayushman Bharat,2025-12-05
MOCK-UAN-8479-8176,31,Tamil Nadu,Karnataka,Domestic Worker,920,Highly-skilled,None,2025-11-30
MOCK-UAN-7804-2042,46,Andhra Pradesh,West Bengal,Manufacturing,560,Skilled,PM-Kisan,2024-12-03
MOCK-UAN-1330-8394,62,Jharkhand,Jharkhand,Agriculture,472,Semi-skilled,Ayushman Bharat,2025-01-01
MOCK-UAN-7812-8834,18,Bihar,West Bengal,Manufacturing,581,Skilled,None,2025-09-27
MOCK-UAN-8059-6243,55,Uttar Pradesh,Maharashtra,Domestic Worker,555,Skilled,eShram,2025-05-13
MOCK-UAN-5511-6901,53,Andhra Pradesh,Bihar,Manufacturing,628,Skilled,Ayushman Bharat,2026-01-01
MOCK-UAN-1648-3544,35,Gujarat,Tamil Nadu,Manufacturing,974,Highly-skilled,PM-Kisan,2024-10-10
MOCK-UAN-2123-5972,47,Jharkhand,Tamil Nadu,Domestic Worker,936,Highly-skilled,None,2026-05-22
MOCK-UAN-9408-6594,32,Bihar,Andhra Pradesh,Construction,396,Unskilled,eShram,2025-05-11
MOCK-UAN-8010-8809,31,Gujarat,Bihar,Manufacturing,273,Unskilled,eShram,2025-10-17
MOCK-UAN-6524-3914,33,Gujarat,West Bengal,Domestic Worker,520,Skilled,PM-SYM,2025-01-21
MOCK-UAN-2120-3698,65,Tamil Nadu,Gujarat,Manufacturing,524,Semi-skilled,eShram,2024-11-23
MOCK-UAN-4714-2846,63,Uttar Pradesh,Uttar Pradesh,Agriculture,8538,Highly-skilled,PM-SYM,2025-03-30
MOCK-UAN-4551-8735,31,Maharashtra,Maharashtra,Domestic Worker,677,Skilled,PM-Kisan,2025-04-22
MOCK-UAN-6380-1284,35,West Bengal,Odisha,Manufacturing,583,Skilled,eShram,2026-06-06
MOCK-UAN-1966-9278,62,Odisha,Andhra Pradesh,Domestic Worker,842,Highly-skilled,Ayushman Bharat,2025-11-01
MOCK-UAN-3967-6003,54,Uttar Pradesh,Uttar Pradesh,Domestic Worker,396,Semi-skilled,None,2025-08-11
MOCK-UAN-4557-1692,47,Bihar,Jharkhand,Manufacturing,515,Skilled,None,2025-05-09
MOCK-UAN-7543-5339,47,Jharkhand,Jharkhand,Manufacturing,894,Highly-skilled,PM-SYM,2024-12-01
MOCK-UAN-2178-5448,49,Andhra Pradesh,Andhra Pradesh,Manufacturing,680,Skilled,PM-SYM,2025-06-02
MOCK-UAN-9593-7358,22,Bihar,Maharashtra,Agriculture,892,Highly-skilled,PM-Kisan,2025-05-08
MOCK-UAN-5492-7217,23,Odisha,Odisha,Gig Worker,715,Skilled,PM-SYM,2026-04-05
MOCK-UAN-9236-6742,40,Uttar Pradesh,Uttar Pradesh,Construction,1018,Highly-skilled,eShram,2025-11-03
MOCK-UAN-4715-2156,60,Jharkhand,Jharkhand,Gig Worker,679,Skilled,PM-SYM,2025-06-01
MOCK-UAN-2526-2188,48,Uttar Pradesh,Karnataka,Construction,601,Semi-skilled,None,2026-01-11
MOCK-UAN-6084-1574,43,Jharkhand,Karnataka,Gig Worker,499,Unskilled,None,2026-08-06
MOCK-UAN-7238-5153,53,Odisha,Odisha,Construction,643,Skilled,eShram,2026-05-22
MOCK-UAN-1637-1039,54,West Bengal,Odisha,Construction,321,Unskilled,PM-SYM,2024-11-21
MOCK-UAN-4974-4299,20,Maharashtra,Andhra Pradesh,Gig Worker,734,Skilled,None,2025-08-25
MOCK-UAN-1971-2312,55,Maharashtra,Maharashtra,Domestic Worker,282,Unskilled,PM-SYM,2026-08-02
MOCK-UAN-1378-6192,43,Jharkhand,Gujarat,Domestic Worker,542,Skilled,PM-SYM,2026-04-21
MOCK-UAN-4361-9871,54,Tamil Nadu,Tamil Nadu,Manufacturing,964,Highly-skilled,PM-Kisan,2026-07-03
MOCK-UAN-5381-2517,39,West Bengal,Maharashtra,Construction,710,Skilled,PM-Kisan,2024-11-04
MOCK-UAN-9140-1971,44,Jharkhand,Jharkhand,Agriculture,307,Unskilled,eShram,2026-04-27
MOCK-UAN-3182-5257,29,West Bengal,Karnataka,Manufacturing,536,Skilled,PM-SYM,2026-08-30
MOCK-UAN-5921-1569,28,Andhra Pradesh,Andhra Pradesh,Manufacturing,388,Semi-skilled,PM-SYM,2025-04-13
MOCK-UAN-8874-9010,43,Karnataka,Maharashtra,Domestic Worker,305,Unskilled,None,2026-05-23
MOCK-UAN-2067-1550,63,Gujarat,Gujarat,Domestic Worker,875,Highly-skilled,Ayushman Bharat,2026-02-07
MOCK-UAN-3925-4284,23,Karnataka,Karnataka,Manufacturing,282,Unskilled,PM-SYM,2025-06-13
MOCK-UAN-9492-9430,26,Uttar Pradesh,Uttar Pradesh,Domestic Worker,351,Unskilled,Ayushman Bharat,2025-12-03
MOCK-UAN-7535-5840,30,Odisha,Odisha,Domestic Worker,636,Skilled,Ayushman Bharat,2026-06-03
MOCK-UAN-7232-2411,33,Bihar,Bihar,Domestic Worker,968,Highly-skilled,PM-SYM,2026-04-23
MOCK-UAN-2830-5333,42,Jharkhand,Andhra Pradesh,Construction,450,Semi-skilled,None,2025-01-09
MOCK-UAN-4140-3425,47,Gujarat,Jharkhand,Manufacturing,582,Skilled,eShram,2024-09-29
MOCK-UAN-5843-6049,20,Bihar,Bihar,Gig Worker,1037,Highly-skilled,None,2026-07-28
MOCK-UAN-5182-8035,54,Andhra Pradesh,Karnataka,Manufacturing,922,Highly-skilled,Ayushman Bharat,2026-06-19
MOCK-UAN-3063-8504,-1,West Bengal,Maharashtra,Construction,726,Skilled,None,2026-07-15
MOCK-UAN-4944-6447,28,Uttar Pradesh,Andhra Pradesh,Manufacturing,15529,Unskilled,PM-Kisan,2026-08-08
MOCK-UAN-7592-4725,23,Uttar Pradesh,Bihar,Domestic Worker,692,Skilled,PM-SYM,2025-10-18
MOCK-UAN-3537-2829,27,Uttar Pradesh,Andhra Pradesh,Domestic Worker,327,Unskilled,Ayushman Bharat,2026-05-28
MOCK-UAN-4072-3478,35,West Bengal,West Bengal,Gig Worker,453,Unskilled,PM-Kisan,2024-12-09
MOCK-UAN-5241-4049,54,Gujarat,Uttar Pradesh,Agriculture,883,Highly-skilled,eShram,2026-05-09
MOCK-UAN-8248-3763,65,Gujarat,Bihar,Domestic Worker,900,Highly-skilled,PM-SYM,2026-05-18
MOCK-UAN-6630-3217,53,Tamil Nadu,Maharashtra,Gig Worker,445,Unskilled,PM-Kisan,2025-06-21
MOCK-UAN-4470-9919,35,Odisha,Odisha,Domestic Worker,530,Semi-skilled,Ayushman Bharat,2025-05-17
MOCK-UAN-5860-9078,60,Jharkhand,Jharkhand,Manufacturing,936,Highly-skilled,PM-Kisan,2024-12-17
MOCK-UAN-6838-1819,54,Uttar Pradesh,Uttar Pradesh,Gig Worker,545,Semi-skilled,None,2024-12-02
MOCK-UAN-7208-5342,39,Gujarat,West Bengal,Domestic Worker,668,Skilled,None,2026-03-31
MOCK-UAN-7374-8616,62,West Bengal,West Bengal,Gig Worker,590,Skilled,PM-SYM,2025-09-11
MOCK-UAN-3356-1577,57,Karnataka,Uttar Pradesh,Manufacturing,378,Semi-skilled,eShram,2025-02-17
MOCK-UAN-6893-5664,49,Bihar,Gujarat,Agriculture,484,Semi-skilled,Ayushman Bharat,2026-06-19
MOCK-UAN-7457-7809,59,Uttar Pradesh,Andhra Pradesh,Manufacturing,450,Semi-skilled,None,2024-10-04
MOCK-UAN-8267-5451,30,Uttar Pradesh,Gujarat,Construction,380,Unskilled,eShram,2026-04-16
MOCK-UAN-1851-7745,38,Tamil Nadu,Uttar Pradesh,Gig Worker,403,Unskilled,None,2026-02-22
MOCK-UAN-8103-4228,40,Karnataka,Andhra Pradesh,Domestic Worker,928,Highly-skilled,PM-Kisan,2024-12-31
MOCK-UAN-9306-9848,33,Gujarat,Uttar Pradesh,Agriculture,859,Highly-skilled,PM-Kisan,2026-08-03
MOCK-UAN-9956-3164,22,Gujarat,Tamil Nadu,Domestic Worker,478,Semi-skilled,Ayushman Bharat,2025-01-31
MOCK-UAN-8220-9723,65,Bihar,Bihar,Construction,549,Semi-skilled,PM-SYM,2024-11-10
MOCK-UAN-8835-6888,33,Karnataka,Karnataka,Agriculture,511,Semi-skilled,eShram,2026-01-11
MOCK-UAN-1752-4968,45,Jharkhand,Tamil Nadu,Agriculture,550,Semi-skilled,eShram,2025-01-25
MOCK-UAN-8466-9907,51,Tamil Nadu,Uttar Pradesh,Domestic Worker,462,Semi-skilled,None,2025-02-09
MOCK-UAN-8504-8339,31,Andhra Pradesh,Andhra Pradesh,Gig Worker,4,Highly-skilled,PM-SYM,2025-04-17
MOCK-UAN-8373-7089,40,Bihar,Maharashtra,Construction,573,Skilled,PM-SYM,2026-08-04
MOCK-UAN-8653-2403,50,West Bengal,Karnataka,Agriculture,573,Skilled,Ayushman Bharat,2025-03-15
MOCK-UAN-9453-2988,22,Uttar Pradesh,West Bengal,Gig Worker,390,Unskilled,PM-Kisan,2024-12-26
MOCK-UAN-8242-6736,44,West Bengal,Gujarat,Manufacturing,352,Unskilled,Ayushman Bharat,2025-09-02
MOCK-UAN-8123-8356,44,Maharashtra,Maharashtra,Domestic Worker,869,Highly-skilled,Ayushman Bharat,2025-05-30
MOCK-UAN-3159-3165,31,Andhra Pradesh,Odisha,Agriculture,489,Semi-skilled,PM-Kisan,2026-04-05
MOCK-UAN-6887-7982,17,Gujarat,Jharkhand,Construction,2500,Highly-skilled,Ayushman Bharat,2025-12-13
MOCK-UAN-3865-4989,33,Bihar,West Bengal,Domestic Worker,291,Unskilled,PM-Kisan,2025-06-02
MOCK-UAN-4275-6035,35,Uttar Pradesh,Andhra Pradesh,Manufacturing,912,Highly-skilled,eShram,2026-02-10
MOCK-UAN-4706-5752,40,Maharashtra,Uttar Pradesh,Agriculture,880,Highly-skilled,PM-Kisan,2025-08-05
MOCK-UAN-9217-4159,52,Odisha,Andhra Pradesh,Agriculture,428,Semi-skilled,None,2026-02-17
MOCK-UAN-8975-7243,41,Gujarat,Karnataka,Construction,264,Unskilled,PM-Kisan,2025-05-25
MOCK-UAN-1718-1483,58,Gujarat,Gujarat,Gig Worker,537,Semi-skilled,Ayushman Bharat,2026-05-22
MOCK-UAN-5375-1906,32,Bihar,Uttar Pradesh,Domestic Worker,426,Semi-skilled,None,2026-07-24
MOCK-UAN-8660-5449,28,West Bengal,West Bengal,Agriculture,424,Semi-skilled,PM-Kisan,2025-05-14
MOCK-UAN-6384-7527,39,West Bengal,Uttar Pradesh,Manufacturing,320,Unskilled,PM-Kisan,2024-12-08
MOCK-UAN-5256-8111,33,Gujarat,Andhra Pradesh,Agriculture,482,Semi-skilled,Ayushman Bharat,2025-08-16
MOCK-UAN-6549-2488,46,Andhra Pradesh,Tamil Nadu,Domestic Worker,611,Skilled,eShram,2026-07-13
MOCK-UAN-2394-7309,40,Tamil Nadu,Jharkhand,Manufacturing,949,Highly-skilled,Ayushman Bharat,2025-03-13
MOCK-UAN-6429-2154,55,Karnataka,Bihar,Gig Worker,1028,Highly-skilled,None,2025-05-18
MOCK-UAN-1025-6233,48,Andhra Pradesh,Jharkhand,Manufacturing,885,Highly-skilled,None,2025-11-06
MOCK-UAN-5902-3960,53,Maharashtra,Uttar Pradesh,Domestic Worker,426,Semi-skilled,Ayushman Bharat,2026-05-04
MOCK-UAN-2428-2355,50,Jharkhand,Jharkhand,Construction,965,Highly-skilled,PM-SYM,2025-07-15
MOCK-UAN-1486-8101,58,West Bengal,Maharashtra,Construction,378,Unskilled,PM-SYM,2025-04-15
MOCK-UAN-3806-7906,41,Tamil Nadu,Odisha,Manufacturing,519,Semi-skilled,Ayushman Bharat,2026-02-17
MOCK-UAN-6543-8817,24,Uttar Pradesh,Uttar Pradesh,Manufacturing,509,Semi-skilled,PM-Kisan,2026-04-11
MOCK-UAN-6708-3736,58,Odisha,Andhra Pradesh,Domestic Worker,872,Highly-skilled,Ayushman Bharat,2025-04-16
MOCK-UAN-4916-4482,51,Maharashtra,West Bengal,Manufacturing,294,Unskilled,PM-SYM,2026-04-13
MOCK-UAN-6752-5538,27,Karnataka,Maharashtra,Domestic Worker,333,Unskilled,None,2025-07-21
MOCK-UAN-8693-7540,45,Bihar,Odisha,Construction,403,Unskilled,eShram,2026-01-29
MOCK-UAN-4026-6915,52,Karnataka,Gujarat,Manufacturing,346,Unskilled,Ayushman Bharat,2025-05-10
MOCK-UAN-2577-1819,55,Tamil Nadu,Tamil Nadu,Manufacturing,596,Skilled,None,2026-02-13
MOCK-UAN-5871-3396,19,Gujarat,Bihar,Gig Worker,637,Skilled,PM-Kisan,2025-06-19
MOCK-UAN-5983-9335,38,Uttar Pradesh,Odisha,Manufacturing,250,Unskilled,PM-Kisan,2026-01-28
MOCK-UAN-9327-4155,51,Odisha,Jharkhand,Agriculture,463,Semi-skilled,PM-Kisan,2026-06-14
MOCK-UAN-3592-4551,52,Jharkhand,West Bengal,Manufacturing,917,Highly-skilled,PM-Kisan,2026-02-05
MOCK-UAN-4694-6165,18,Maharashtra,West Bengal,Agriculture,395,Semi-skilled,eShram,2026-04-30
MOCK-UAN-1439-4113,55,Karnataka,Odisha,Manufacturing,452,Semi-skilled,PM-SYM,2025-06-10
MOCK-UAN-8577-5756,24,Odisha,West Bengal,Domestic Worker,10,Highly-skilled,None,2026-05-16
MOCK-UAN-5787-7720,61,Maharashtra,Andhra Pradesh,Gig Worker,642,Skilled,PM-Kisan,2025-06-19
MOCK-UAN-1677-3168,60,Karnataka,Andhra Pradesh,Manufacturing,955,Highly-skilled,PM-SYM,2025-06-11
MOCK-UAN-4212-9765,31,Uttar Pradesh,Uttar Pradesh,Gig Worker,381,Unskilled,None,2026-06-10
MOCK-UAN-1496-5057,38,Tamil Nadu,Bihar,Manufacturing,962,Highly-skilled,eShram,2024-11-06
MOCK-UAN-8107-2951,27,Jharkhand,Jharkhand,Domestic Worker,273,Unskilled,eShram,2026-04-01
MOCK-UAN-2381-5081,50,West Bengal,Gujarat,Gig Worker,948,Highly-skilled,None,2025-03-09
MOCK-UAN-4185-2920,54,Bihar,Bihar,Gig Worker,977,Highly-skilled,None,2025-12-11
MOCK-UAN-6636-4633,52,Maharashtra,Uttar Pradesh,Agriculture,895,Highly-skilled,PM-Kisan,2026-09-08
MOCK-UAN-9085-4880,37,Gujarat,Maharashtra,Domestic Worker,280,Unskilled,PM-Kisan,2025-08-30
MOCK-UAN-3258-2863,62,Uttar Pradesh,Uttar Pradesh,Domestic Worker,589,Skilled,PM-Kisan,2025-06-07
MOCK-UAN-4374-1586,33,West Bengal,Uttar Pradesh,Manufacturing,4,Semi-skilled,PM-Kisan,2026-04-26
MOCK-UAN-5126-3265,25,Bihar,Bihar,Agriculture,591,Skilled,None,2025-01-15
MOCK-UAN-9365-1435,36,West Bengal,West Bengal,Domestic Worker,296,Unskilled,eShram,2026-06-03
MOCK-UAN-5167-1585,47,Jharkhand,Odisha,Domestic Worker,364,Semi-skilled,PM-SYM,2026-05-22
MOCK-UAN-1412-6901,61,Karnataka,West Bengal,Gig Worker,569,Semi-skilled,PM-Kisan,2026-07-17
MOCK-UAN-8300-2628,35,Andhra Pradesh,Karnataka,Construction,645,Skilled,eShram,2026-04-06
MOCK-UAN-6974-5864,36,Andhra Pradesh,Jharkhand,Gig Worker,1080,Highly-skilled,eShram,2026-09-11
MOCK-UAN-8735-8162,65,Maharashtra,Bihar,Agriculture,253,Unskilled,eShram,2025-11-06
MOCK-UAN-6975-2707,62,Maharashtra,West Bengal,Domestic Worker,209,Unskilled,eShram,2025-05-05
MOCK-UAN-4728-5651,64,Gujarat,Bihar,Domestic Worker,630,Skilled,None,2026-05-02
MOCK-UAN-7392-3404,56,Maharashtra,Gujarat,Agriculture,317,Unskilled,Ayushman Bharat,2026-01-25
MOCK-UAN-9049-8884,55,Maharashtra,Maharashtra,Construction,449,Semi-skilled,PM-Kisan,2026-08-23
MOCK-UAN-9518-5542,44,Odisha,Uttar Pradesh,Manufacturing,223,Unskilled,eShram,2025-11-02
MOCK-UAN-7903-5217,58,Maharashtra,Bihar,Gig Worker,476,Unskilled,PM-SYM,2026-01-22
MOCK-UAN-2246-1043,38,Jharkhand,Jharkhand,Construction,720,Skilled,None,2025-03-20
MOCK-UAN-4402-2159,26,Maharashtra,Maharashtra,Gig Worker,425,Semi-skilled,None,2025-06-02
MOCK-UAN-7296-7789,38,Andhra Pradesh,Andhra Pradesh,Construction,327,Unskilled,PM-Kisan,2025-04-01
MOCK-UAN-7115-6585,60,Odisha,Odisha,Manufacturing,383,Unskilled,Ayushman Bharat,2025-04-21
MOCK-UAN-8094-2569,46,Bihar,Jharkhand,Gig Worker,376,Unskilled,Ayushman Bharat,2025-10-08
MOCK-UAN-5822-7636,26,Karnataka,Maharashtra,Domestic Worker,875,Highly-skilled,Ayushman Bharat,2025-11-17
MOCK-UAN-4779-5978,63,Gujarat,Gujarat,Domestic Worker,285,Unskilled,Ayushman Bharat,2026-08-20
MOCK-UAN-3668-1043,47,Jharkhand,Jharkhand,Domestic Worker,843,Highly-skilled,eShram,2025-01-02
MOCK-UAN-2112-4910,35,Maharashtra,Odisha,Construction,414,Semi-skilled,eShram,2024-09-26
MOCK-UAN-8049-1372,48,Gujarat,Tamil Nadu,Construction,1002,Highly-skilled,Ayushman Bharat,2024-10-13
MOCK-UAN-7667-9860,37,Andhra Pradesh,Andhra Pradesh,Domestic Worker,807,Highly-skilled,eShram,2025-02-23
MOCK-UAN-8577-4062,33,Bihar,Andhra Pradesh,Manufacturing,462,Semi-skilled,None,2025-04-11
MOCK-UAN-2042-7536,20,Odisha,Odisha,Agriculture,944,Highly-skilled,None,2024-12-10
MOCK-UAN-6365-4427,40,Uttar Pradesh,Tamil Nadu,Manufacturing,527,Skilled,PM-Kisan,2024-09-30
MOCK-UAN-8962-2027,50,Bihar,Bihar,Manufacturing,253,Unskilled,None,2025-12-28
MOCK-UAN-8918-7435,30,Jharkhand,Jharkhand,Gig Worker,9,Semi-skilled,None,2026-05-04
MOCK-UAN-5714-3552,65,Maharashtra,Maharashtra,Agriculture,626,Skilled,Ayushman Bharat,2026-08-24
MOCK-UAN-5705-1180,51,Gujarat,Odisha,Gig Worker,369,Unskilled,None,2026-03-29
MOCK-UAN-7270-9984,51,Jharkhand,Andhra Pradesh,Domestic Worker,960,Highly-skilled,Ayushman Bharat,2024-10-27
MOCK-UAN-2106-4592,45,Andhra Pradesh,Karnataka,Construction,560,Semi-skilled,PM-SYM,2026-09-06
MOCK-UAN-3241-8940,34,Uttar Pradesh,Odisha,Domestic Worker,313,Unskilled,None,2026-09-07
MOCK-UAN-4861-5999,50,Uttar Pradesh,Karnataka,Gig Worker,654,Skilled,PM-SYM,2025-05-13
MOCK-UAN-6703-8826,45,Bihar,Bihar,Domestic Worker,429,Semi-skilled,PM-Kisan,2026-02-26
MOCK-UAN-8021-1821,56,Andhra Pradesh,Gujarat,Agriculture,614,Skilled,Ayushman Bharat,2026-07-19
MOCK-UAN-4275-4178,38,Jharkhand,Maharashtra,Manufacturing,290,Unskilled,Ayushman Bharat,2026-04-29
MOCK-UAN-4054-7242,50,Bihar,Bihar,Agriculture,946,Highly-skilled,eShram,2025-06-02
MOCK-UAN-4179-7332,21,Jharkhand,Bihar,Manufacturing,373,Semi-skilled,Ayushman Bharat,2026-07-06
MOCK-UAN-4150-3164,31,Uttar Pradesh,Andhra Pradesh,Construction,275,Unskilled,Ayushman Bharat,2026-02-01
MOCK-UAN-7548-5177,38,Odisha,Odisha,Manufacturing,309,Unskilled,PM-Kisan,2026-01-03
MOCK-UAN-4757-1673,64,Odisha,Tamil Nadu,Gig Worker,525,Semi-skilled,eShram,2026-05-11
MOCK-UAN-5433-7762,23,Tamil Nadu,Gujarat,Agriculture,568,Skilled,PM-SYM,2026-05-03
MOCK-UAN-9144-6152,49,Karnataka,Gujarat,Agriculture,211,Unskilled,Ayushman Bharat,2025-02-28
MOCK-UAN-2902-1175,19,Andhra Pradesh,Andhra Pradesh,Gig Worker,400,Unskilled,PM-Kisan,2025-03-10
MOCK-UAN-7042-9634,45,Maharashtra,Odisha,Manufacturing,447,Semi-skilled,PM-SYM,2026-07-06
MOCK-UAN-9532-1990,37,Uttar Pradesh,Gujarat,Gig Worker,1032,Highly-skilled,None,2025-10-19
MOCK-UAN-7011-8656,21,Jharkhand,Jharkhand,Manufacturing,303,Unskilled,Ayushman Bharat,2026-02-18
MOCK-UAN-5215-1714,41,Uttar Pradesh,West Bengal,Gig Worker,543,Semi-skilled,Ayushman Bharat,2025-05-23
MOCK-UAN-4085-6908,31,West Bengal,Karnataka,Manufacturing,508,Semi-skilled,eShram,2026-06-20
MOCK-UAN-7168-1937,47,Bihar,West Bengal,Domestic Worker,834,Highly-skilled,None,2026-05-22
MOCK-UAN-5863-5031,16,Gujarat,Gujarat,Agriculture,2500,Highly-skilled,eShram,2026-05-07
MOCK-UAN-6264-6004,32,Uttar Pradesh,Uttar Pradesh,Manufacturing,816,Highly-skilled,PM-Kisan,2026-01-11
MOCK-UAN-8479-2101,60,Tamil Nadu,West Bengal,Gig Worker,508,Semi-skilled,PM-SYM,2026-07-14
MOCK-UAN-8014-3271,48,Karnataka,West Bengal,Construction,289,Unskilled,eShram,2025-08-14
MOCK-UAN-5539-8962,62,Bihar,West Bengal,Gig Worker,1039,Highly-skilled,Ayushman Bharat,2024-11-10
MOCK-UAN-4405-4973,25,Uttar Pradesh,Uttar Pradesh,Manufacturing,596,Skilled,PM-Kisan,2026-06-06
MOCK-UAN-8146-3371,20,Jharkhand,Jharkhand,Gig Worker,549,Semi-skilled,PM-SYM,2025-04-06
MOCK-UAN-1271-9254,52,Tamil Nadu,Andhra Pradesh,Manufacturing,544,Skilled,None,2026-08-02
MOCK-UAN-4772-6996,30,Gujarat,Tamil Nadu,Gig Worker,385,Unskilled,eShram,2026-07-27
MOCK-UAN-9826-8079,38,Karnataka,Maharashtra,Manufacturing,561,Skilled,PM-SYM,2025-05-11
MOCK-UAN-1981-2568,54,Karnataka,Tamil Nadu,Agriculture,1,Skilled,PM-Kisan,2024-09-30
MOCK-UAN-7286-8076,32,Odisha,Tamil Nadu,Manufacturing,550,Skilled,eShram,2026-05-02
MOCK-UAN-3913-7440,30,Tamil Nadu,Uttar Pradesh,Gig Worker,766,Skilled,eShram,2024-10-14
MOCK-UAN-8294-8724,43,Gujarat,Andhra Pradesh,Gig Worker,316,Unskilled,None,2025-05-15
MOCK-UAN-9061-4170,23,West Bengal,Jharkhand,Gig Worker,659,Skilled,None,2026-03-19
MOCK-UAN-2017-7289,54,Jharkhand,Jharkhand,Domestic Worker,383,Unskilled,Ayushman Bharat,2025-10-03
MOCK-UAN-4312-9470,15,Jharkhand,Gujarat,Domestic Worker,2500,Highly-skilled,PM-Kisan,2025-06-18
MOCK-UAN-9834-1616,18,Jharkhand,Jharkhand,Construction,434,Semi-skilled,None,2024-10-18
MOCK-UAN-6051-3964,38,West Bengal,Tamil Nadu,Domestic Worker,310,Unskilled,PM-SYM,2025-05-16
MOCK-UAN-4532-5201,48,Andhra Pradesh,Andhra Pradesh,Manufacturing,576,Skilled,PM-Kisan,2026-09-02
MOCK-UAN-6889-4468,-2,Jharkhand,Jharkhand,Domestic Worker,558,Skilled,Ayushman Bharat,2025-03-09
MOCK-UAN-4260-7263,43,Jharkhand,Odisha,Construction,295,Unskilled,PM-SYM,2025-05-05
MOCK-UAN-8480-5121,59,West Bengal,West Bengal,Construction,788,Skilled,PM-SYM,2026-03-08
MOCK-UAN-8200-9933,42,Maharashtra,Maharashtra,Manufacturing,287,Unskilled,PM-Kisan,2024-10-12
MOCK-UAN-8468-4769,31,West Bengal,West Bengal,Agriculture,353,Semi-skilled,Ayushman Bharat,2026-07-20
MOCK-UAN-8387-4294,62,Maharashtra,Bihar,Construction,724,Skilled,Ayushman Bharat,2025-02-13
MOCK-UAN-6704-8901,46,Odisha,Tamil Nadu,Domestic Worker,630,Skilled,eShram,2024-10-10
MOCK-UAN-3329-3668,45,Gujarat,Odisha,Gig Worker,511,Semi-skilled,PM-Kisan,2025-01-08
MOCK-UAN-5395-5671,56,Maharashtra,Gujarat,Agriculture,853,Highly-skilled,PM-Kisan,2025-01-09
MOCK-UAN-1926-6404,30,Maharashtra,Odisha,Agriculture,333,Unskilled,eShram,2025-06-20
MOCK-UAN-4554-6487,59,Gujarat,Andhra Pradesh,Construction,637,Skilled,None,2025-01-09
MOCK-UAN-2454-1765,35,West Bengal,West Bengal,Manufacturing,803,Highly-skilled,Ayushman Bharat,2025-05-17
MOCK-UAN-5507-9055,29,West Bengal,Maharashtra,Construction,439,Unskilled,eShram,2026-08-15
MOCK-UAN-8095-8377,58,Maharashtra,Maharashtra,Manufacturing,278,Unskilled,eShram,2026-06-20
MOCK-UAN-8869-8185,29,Karnataka,Bihar,Agriculture,374,Unskilled,PM-Kisan,2025-04-17
MOCK-UAN-6616-2355,47,Gujarat,Gujarat,Agriculture,363,Unskilled,None,2026-05-21
MOCK-UAN-8224-9320,39,Maharashtra,Karnataka,Construction,449,Semi-skilled,PM-Kisan,2024-12-11
MOCK-UAN-8872-3341,50,Maharashtra,Karnataka,Construction,551,Semi-skilled,PM-SYM,2026-07-27
MOCK-UAN-6923-9050,19,Odisha,Odisha,Gig Worker,367,Unskilled,Ayushman Bharat,2025-01-08
MOCK-UAN-2377-9875,36,Maharashtra,Maharashtra,Domestic Worker,806,Highly-skilled,PM-Kisan,2025-04-08
MOCK-UAN-8260-4016,65,Jharkhand,Maharashtra,Construction,628,Skilled,Ayushman Bharat,2025-04-25
MOCK-UAN-1299-8476,26,Odisha,Gujarat,Agriculture,919,Highly-skilled,PM-Kisan,2026-03-07
MOCK-UAN-5641-8090,53,Tamil Nadu,Uttar Pradesh,Domestic Worker,426,Semi-skilled,eShram,2025-11-26
MOCK-UAN-5122-3853,24,Karnataka,Uttar Pradesh,Construction,334,Unskilled,Ayushman Bharat,2026-04-10
MOCK-UAN-8097-2629,27,Karnataka,Maharashtra,Domestic Worker,357,Unskilled,Ayushman Bharat,2025-04-01
MOCK-UAN-8058-2157,46,Karnataka,Karnataka,Gig Worker,705,Skilled,eShram,2026-02-28
MOCK-UAN-1921-7372,58,Odisha,Uttar Pradesh,Manufacturing,857,Highly-skilled,eShram,2025-04-11
MOCK-UAN-1834-8259,33,Gujarat,Gujarat,Agriculture,935,Highly-skilled,PM-SYM,2024-12-08
MOCK-UAN-8413-5235,21,Karnataka,Karnataka,Domestic Worker,309,Unskilled,PM-SYM,2025-09-20
MOCK-UAN-4244-1471,25,Tamil Nadu,West Bengal,Gig Worker,873,Highly-skilled,Ayushman Bharat,2025-05-06
MOCK-UAN-1457-8690,20,Bihar,Bihar,Domestic Worker,471,Semi-skilled,PM-Kisan,2025-04-27
MOCK-UAN-9503-7902,42,Bihar,Jharkhand,Manufacturing,619,Skilled,PM-SYM,2025-07-02
MOCK-UAN-4209-9615,21,Tamil Nadu,Uttar Pradesh,Gig Worker,401,Unskilled,PM-Kisan,2025-08-08
MOCK-UAN-3059-1893,33,Gujarat,Gujarat,Manufacturing,644,Skilled,eShram,2025-04-14
MOCK-UAN-7939-5770,33,Gujarat,Jharkhand,Construction,916,Highly-skilled,Ayushman Bharat,2025-05-06
MOCK-UAN-5005-5873,64,Odisha,Odisha,Gig Worker,716,Skilled,PM-SYM,2025-08-13
MOCK-UAN-9255-1655,60,Karnataka,Tamil Nadu,Manufacturing,221,Unskilled,PM-SYM,2026-01-27
MOCK-UAN-9710-6300,19,Bihar,Bihar,Construction,670,Skilled,PM-SYM,2024-09-24
MOCK-UAN-7069-2915,62,Bihar,Uttar Pradesh,Construction,747,Skilled,Ayushman Bharat,2024-09-30
MOCK-UAN-2518-6994,50,Jharkhand,Maharashtra,Agriculture,550,Skilled,None,2026-09-08
MOCK-UAN-1142-3749,54,West Bengal,West Bengal,Manufacturing,262,Unskilled,PM-Kisan,2026-07-02
MOCK-UAN-1460-6632,26,West Bengal,West Bengal,Manufacturing,414,Semi-skilled,Ayushman Bharat,2025-08-14
MOCK-UAN-2276-4970,65,Gujarat,Gujarat,Manufacturing,306,Unskilled,PM-Kisan,2025-04-09
MOCK-UAN-7047-7103,38,Jharkhand,Maharashtra,Gig Worker,346,Unskilled,Ayushman Bharat,2025-09-28
MOCK-UAN-4143-2747,60,Uttar Pradesh,Uttar Pradesh,Construction,671,Skilled,Ayushman Bharat,2026-08-14
MOCK-UAN-5299-8947,47,Tamil Nadu,Tamil Nadu,Gig Worker,1042,Highly-skilled,PM-Kisan,2025-01-12
MOCK-UAN-3653-3381,47,Bihar,West Bengal,Manufacturing,926,Highly-skilled,Ayushman Bharat,2025-08-25
MOCK-UAN-5058-2577,23,Andhra Pradesh,Jharkhand,Gig Worker,461,Semi-skilled,Ayushman Bharat,2026-03-18
MOCK-UAN-4048-4519,42,Uttar Pradesh,Uttar Pradesh,Construction,399,Unskilled,PM-Kisan,2025-12-01
MOCK-UAN-9572-2410,15,Gujarat,Gujarat,Domestic Worker,2500,Highly-skilled,None,2026-05-23
MOCK-UAN-7616-7729,63,Bihar,Uttar Pradesh,Construction,541,Semi-skilled,Ayushman Bharat,2026-04-07
MOCK-UAN-6558-1221,43,Uttar Pradesh,Jharkhand,Construction,668,Skilled,PM-Kisan,2026-01-08
MOCK-UAN-2131-3625,65,Bihar,Uttar Pradesh,Construction,661,Skilled,None,2025-04-20
MOCK-UAN-6922-4643,30,Karnataka,Karnataka,Agriculture,351,Unskilled,eShram,2025-05-04
MOCK-UAN-4507-8387,40,Uttar Pradesh,Jharkhand,Gig Worker,796,Skilled,None,2025-05-07
MOCK-UAN-4654-5451,20,Tamil Nadu,Andhra Pradesh,Gig Worker,16847,Highly-skilled,Ayushman Bharat,2025-05-01
MOCK-UAN-4865-8910,30,Andhra Pradesh,Karnataka,Gig Worker,453,Unskilled,None,2026-04-26
MOCK-UAN-2431-1173,58,Maharashtra,Maharashtra,Gig Worker,545,Semi-skilled,PM-SYM,2026-04-20
MOCK-UAN-8569-5796,48,Jharkhand,Jharkhand,Domestic Worker,593,Skilled,None,2026-09-03
MOCK-UAN-7938-5854,49,Bihar,Andhra Pradesh,Manufacturing,373,Semi-skilled,PM-SYM,2026-06-26
MOCK-UAN-4958-5516,54,Gujarat,Gujarat,Manufacturing,285,Unskilled,None,2025-06-25
MOCK-UAN-4498-2886,29,Maharashtra,Odisha,Construction,450,Semi-skilled,Ayushman Bharat,2026-02-16
MOCK-UAN-9639-2848,59,Bihar,Bihar,Gig Worker,8,Skilled,eShram,2025-06-04
MOCK-UAN-3289-3303,42,Andhra Pradesh,Andhra Pradesh,Construction,595,Skilled,eShram,2025-05-29
MOCK-UAN-8096-5462,23,Uttar Pradesh,Odisha,Gig Worker,527,Semi-skilled,PM-SYM,2025-04-08
MOCK-UAN-9801-5937,28,West Bengal,West Bengal,Gig Worker,529,Semi-skilled,eShram,2024-10-07
MOCK-UAN-4331-8640,41,Maharashtra,Tamil Nadu,Manufacturing,604,Skilled,None,2026-04-12
MOCK-UAN-6812-6033,62,Bihar,Maharashtra,Agriculture,369,Semi-skilled,PM-Kisan,2025-04-20
MOCK-UAN-5167-7449,22,Andhra Pradesh,Andhra Pradesh,Construction,277,Unskilled,Ayushman Bharat,2024-11-04
MOCK-UAN-7312-9121,45,Odisha,Odisha,Gig Worker,568,Semi-skilled,Ayushman Bharat,2026-08-07
MOCK-UAN-2724-1469,18,Maharashtra,Karnataka,Manufacturing,560,Skilled,PM-Kisan,2024-09-24
MOCK-UAN-1554-9047,18,Odisha,Odisha,Domestic Worker,953,Highly-skilled,None,2026-08-13
MOCK-UAN-2406-5861,-3,Bihar,Gujarat,Domestic Worker,611,Skilled,Ayushman Bharat,2026-02-02
MOCK-UAN-8257-6747,37,Uttar Pradesh,Uttar Pradesh,Construction,980,Highly-skilled,PM-SYM,2026-08-02
MOCK-UAN-9046-3709,65,Bihar,Karnataka,Gig Worker,1070,Highly-skilled,eShram,2025-12-25
MOCK-UAN-6912-5446,-3,Odisha,Odisha,Construction,634,Skilled,PM-SYM,2026-08-02
MOCK-UAN-5685-8329,22,Andhra Pradesh,Bihar,Agriculture,421,Semi-skilled,PM-Kisan,2025-10-11
MOCK-UAN-5471-2668,24,Karnataka,Uttar Pradesh,Agriculture,643,Skilled,PM-SYM,2025-01-18
MOCK-UAN-7232-2393,44,Andhra Pradesh,Jharkhand,Construction,375,Unskilled,PM-SYM,2026-06-28
MOCK-UAN-9826-4513,59,Karnataka,Tamil Nadu,Manufacturing,440,Semi-skilled,PM-SYM,2025-02-08
MOCK-UAN-9781-4797,41,Gujarat,Andhra Pradesh,Agriculture,519,Semi-skilled,PM-Kisan,2026-05-03
MOCK-UAN-1866-1932,39,Uttar Pradesh,Bihar,Manufacturing,589,Skilled,PM-Kisan,2026-01-03
MOCK-UAN-3479-1764,40,Andhra Pradesh,Maharashtra,Gig Worker,551,Semi-skilled,None,2024-12-06
MOCK-UAN-3483-1371,56,Andhra Pradesh,Andhra Pradesh,Agriculture,901,Highly-skilled,None,2026-08-20
MOCK-UAN-2946-3274,57,Gujarat,Gujarat,Construction,303,Unskilled,Ayushman Bharat,2025-10-23
MOCK-UAN-8779-2654,63,Karnataka,Karnataka,Manufacturing,453,Semi-skilled,None,2026-02-08
MOCK-UAN-3133-2285,35,Tamil Nadu,Tamil Nadu,Manufacturing,669,Skilled,None,2025-04-22
MOCK-UAN-6869-9538,44,Bihar,Karnataka,Construction,522,Semi-skilled,Ayushman Bharat,2025-06-03
MOCK-UAN-4192-8416,54,West Bengal,West Bengal,Manufacturing,901,Highly-skilled,Ayushman Bharat,2025-05-30
MOCK-UAN-6851-8842,31,Karnataka,Jharkhand,Manufacturing,591,Skilled,PM-Kisan,2025-01-16
MOCK-UAN-8841-7393,30,Odisha,Karnataka,Domestic Worker,466,Semi-skilled,eShram,2026-09-09
MOCK-UAN-9329-4828,35,Andhra Pradesh,Andhra Pradesh,Agriculture,937,Highly-skilled,eShram,2025-11-07
MOCK-UAN-1474-9456,42,Odisha,Maharashtra,Gig Worker,430,Unskilled,PM-SYM,2026-08-09
MOCK-UAN-8471-4902,48,Karnataka,Karnataka,Gig Worker,683,Skilled,Ayushman Bharat,2025-05-23
MOCK-UAN-7979-5899,50,Andhra Pradesh,Tamil Nadu,Construction,966,Highly-skilled,eShram,2025-12-07
MOCK-UAN-1735-6506,47,Odisha,Odisha,Manufacturing,623,Skilled,eShram,2026-03-31
MOCK-UAN-4142-4403,36,Gujarat,Uttar Pradesh,Manufacturing,549,Skilled,Ayushman Bharat,2025-01-21
MOCK-UAN-3690-3796,32,Bihar,Bihar,Gig Worker,408,Unskilled,Ayushman Bharat,2025-04-06
MOCK-UAN-5225-9661,44,Odisha,Andhra Pradesh,Agriculture,491,Skilled,eShram,2025-12-04
MOCK-UAN-1815-4849,40,Jharkhand,Uttar Pradesh,Gig Worker,424,Unskilled,eShram,2025-11-18
MOCK-UAN-2254-4683,42,Jharkhand,Odisha,Gig Worker,733,Skilled,eShram,2025-07-13
MOCK-UAN-3453-1985,18,West Bengal,West Bengal,Agriculture,337,Unskilled,eShram,2025-09-30
MOCK-UAN-7771-3062,28,West Bengal,Odisha,Construction,330,Unskilled,PM-Kisan,2026-04-24
MOCK-UAN-2601-8998,43,Tamil Nadu,Uttar Pradesh,Construction,365,Unskilled,Ayushman Bharat,2025-06-03
MOCK-UAN-2340-2910,65,Karnataka,Karnataka,Domestic Worker,971,Highly-skilled,PM-Kisan,2026-06-11
MOCK-UAN-6466-5860,49,Gujarat,Gujarat,Agriculture,970,Highly-skilled,None,2026-01-20
MOCK-UAN-1538-7360,30,Uttar Pradesh,Andhra Pradesh,Domestic Worker,598,Skilled,Ayushman Bharat,2025-04-16
MOCK-UAN-7654-7908,35,Uttar Pradesh,Andhra Pradesh,Manufacturing,306,Unskilled,PM-Kisan,2025-04-23
MOCK-UAN-3268-3323,27,Andhra Pradesh,Andhra Pradesh,Gig Worker,1055,Highly-skilled,None,2025-12-21
MOCK-UAN-9758-5955,26,Odisha,Odisha,Domestic Worker,524,Skilled,None,2026-06-04
MOCK-UAN-9249-3217,37,Tamil Nadu,Tamil Nadu,Construction,633,Skilled,PM-SYM,2025-11-10
MOCK-UAN-7037-4842,36,Andhra Pradesh,Maharashtra,Manufacturing,966,Highly-skilled,None,2026-08-10
MOCK-UAN-7929-8414,52,Tamil Nadu,Maharashtra,Manufacturing,648,Skilled,Ayushman Bharat,2025-06-12
MOCK-UAN-5241-3224,32,Odisha,Jharkhand,Domestic Worker,318,Unskilled,PM-SYM,2026-04-10
MOCK-UAN-6565-3818,50,Uttar Pradesh,Bihar,Construction,574,Skilled,PM-Kisan,2026-06-22
MOCK-UAN-5298-2728,62,Maharashtra,Maharashtra,Domestic Worker,447,Semi-skilled,PM-Kisan,2026-02-23
MOCK-UAN-2222-1105,64,West Bengal,Uttar Pradesh,Agriculture,270,Unskilled,Ayushman Bharat,2026-05-11
MOCK-UAN-9645-6383,21,Odisha,West Bengal,Construction,666,Skilled,PM-Kisan,2025-10-06
MOCK-UAN-7800-5436,59,Tamil Nadu,West Bengal,Construction,609,Skilled,PM-Kisan,2026-01-09
MOCK-UAN-4764-4758,30,Uttar Pradesh,Tamil Nadu,Construction,298,Unskilled,PM-Kisan,2025-03-16
MOCK-UAN-6946-2680,14,West Bengal,Uttar Pradesh,Construction,2500,Highly-skilled,eShram,2026-05-08
MOCK-UAN-9221-4920,21,Jharkhand,Jharkhand,Gig Worker,461,Unskilled,Ayushman Bharat,2026-02-27
MOCK-UAN-9621-8337,37,Maharashtra,Maharashtra,Agriculture,430,Semi-skilled,Ayushman Bharat,2026-04-09
MOCK-UAN-3210-2931,33,Bihar,Bihar,Agriculture,307,Unskilled,PM-Kisan,2024-10-25
MOCK-UAN-2917-8292,53,Andhra Pradesh,Odisha,Manufacturing,599,Skilled,PM-Kisan,2026-02-28
MOCK-UAN-5935-2152,49,Maharashtra,Uttar Pradesh,Agriculture,396,Semi-skilled,Ayushman Bharat,2025-01-20
MOCK-UAN-4237-9267,45,Bihar,Gujarat,Manufacturing,537,Skilled,PM-SYM,2025-12-30
MOCK-UAN-5229-3764,43,Jharkhand,Jharkhand,Manufacturing,249,Unskilled,PM-Kisan,2025-07-12
MOCK-UAN-4602-5315,51,Tamil Nadu,Gujarat,Domestic Worker,563,Skilled,None,2026-08-25
MOCK-UAN-1002-9842,39,Uttar Pradesh,Uttar Pradesh,Construction,518,Semi-skilled,Ayushman Bharat,2025-06-21
MOCK-UAN-5734-4458,21,Andhra Pradesh,Andhra Pradesh,Agriculture,260,Unskilled,None,2026-07-02
MOCK-UAN-6339-4147,38,Maharashtra,Tamil Nadu,Agriculture,537,Semi-skilled,PM-Kisan,2026-08-12
MOCK-UAN-6570-8692,56,Karnataka,Bihar,Gig Worker,1051,Highly-skilled,PM-SYM,2024-11-10
MOCK-UAN-3259-3742,59,Jharkhand,Maharashtra,Agriculture,940,Highly-skilled,None,2026-01-13
MOCK-UAN-7483-7439,63,Gujarat,Maharashtra,Construction,944,Highly-skilled,eShram,2025-01-11
MOCK-UAN-7969-3683,62,Uttar Pradesh,Uttar Pradesh,Agriculture,5,Semi-skilled,PM-SYM,2025-11-14
MOCK-UAN-7270-2098,61,Karnataka,Andhra Pradesh,Construction,639,Skilled,PM-SYM,2026-09-02
MOCK-UAN-4075-4138,45,Gujarat,Gujarat,Manufacturing,898,Highly-skilled,eShram,2025-10-21
MOCK-UAN-9316-6529,62,Tamil Nadu,Odisha,Gig Worker,1008,Highly-skilled,PM-SYM,2024-10-31
MOCK-UAN-6383-5453,40,Maharashtra,Maharashtra,Manufacturing,935,Highly-skilled,eShram,2025-04-09
MOCK-UAN-9135-2365,40,Odisha,Bihar,Gig Worker,431,Unskilled,eShram,2026-09-04
MOCK-UAN-9248-9764,49,Andhra Pradesh,Andhra Pradesh,Gig Worker,526,Semi-skilled,PM-SYM,2025-05-17
MOCK-UAN-2019-1847,55,West Bengal,West Bengal,Manufacturing,573,Skilled,None,2026-01-18
MOCK-UAN-4222-4214,65,Uttar Pradesh,Uttar Pradesh,Agriculture,631,Skilled,PM-SYM,2026-09-02
MOCK-UAN-8581-6371,62,Jharkhand,Karnataka,Domestic Worker,485,Semi-skilled,PM-Kisan,2026-05-30
MOCK-UAN-3473-1118,18,Tamil Nadu,Gujarat,Manufacturing,580,Skilled,eShram,2025-10-20
MOCK-UAN-3625-5839,61,Tamil Nadu,Bihar,Gig Worker,620,Skilled,None,2025-05-01
MOCK-UAN-1019-2766,29,West Bengal,West Bengal,Construction,339,Unskilled,Ayushman Bharat,2025-05-18
MOCK-UAN-9757-3840,36,Tamil Nadu,Odisha,Domestic Worker,331,Unskilled,None,2026-01-01
MOCK-UAN-3503-3588,37,Maharashtra,Andhra Pradesh,Manufacturing,690,Skilled,Ayushman Bharat,2026-04-01
MOCK-UAN-2408-3851,65,Tamil Nadu,Odisha,Gig Worker,490,Semi-skilled,None,2024-10-02
MOCK-UAN-1971-1562,18,Andhra Pradesh,Tamil Nadu,Gig Worker,2500,Highly-skilled,PM-Kisan,2026-09-09
MOCK-UAN-7466-7459,-2,Jharkhand,Jharkhand,Construction,330,Unskilled,PM-Kisan,2024-12-14
MOCK-UAN-5504-8910,61,West Bengal,West Bengal,Agriculture,367,Unskilled,Ayushman Bharat,2025-02-03
MOCK-UAN-9302-9983,27,West Bengal,Maharashtra,Construction,498,Semi-skilled,Ayushman Bharat,2025-04-14
MOCK-UAN-1899-2304,46,Gujarat,Gujarat,Construction,604,Skilled,PM-SYM,2025-02-14
MOCK-UAN-5106-2327,56,Jharkhand,Uttar Pradesh,Manufacturing,477,Semi-skilled,PM-Kisan,2025-12-16
MOCK-UAN-4755-6726,40,Andhra Pradesh,Andhra Pradesh,Manufacturing,429,Semi-skilled,PM-Kisan,2026-05-21
MOCK-UAN-9038-7751,14,Maharashtra,Bihar,Construction,2500,Highly-skilled,PM-SYM,2025-05-23
MOCK-UAN-9514-5560,26,Karnataka,Karnataka,Domestic Worker,555,Skilled,None,2026-05-25
MOCK-UAN-4536-8869,52,Gujarat,Bihar,Manufacturing,986,Highly-skilled,PM-Kisan,2026-03-02
MOCK-UAN-1309-7055,61,Bihar,West Bengal,Construction,369,Unskilled,eShram,2026-06-18
MOCK-UAN-1568-7968,28,Karnataka,West Bengal,Agriculture,305,Unskilled,eShram,2026-01-20
MOCK-UAN-9597-3486,29,Jharkhand,Maharashtra,Gig Worker,537,Semi-skilled,eShram,2026-08-26
MOCK-UAN-8546-1918,62,Bihar,Bihar,Manufacturing,464,Semi-skilled,PM-SYM,2025-05-13
MOCK-UAN-3099-4166,46,Uttar Pradesh,Uttar Pradesh,Gig Worker,1014,Highly-skilled,eShram,2026-05-02
MOCK-UAN-1294-7321,45,Jharkhand,Jharkhand,Gig Worker,1014,Highly-skilled,eShram,2025-06-07
MOCK-UAN-5838-7975,28,Odisha,Tamil Nadu,Gig Worker,555,Semi-skilled,None,2026-01-19
MOCK-UAN-9670-9332,51,Karnataka,Maharashtra,Manufacturing,643,Skilled,eShram,2026-08-06
MOCK-UAN-5298-8586,56,Karnataka,Jharkhand,Domestic Worker,601,Skilled,PM-SYM,2025-06-16
MOCK-UAN-8040-6896,45,Tamil Nadu,Uttar Pradesh,Domestic Worker,401,Semi-skilled,None,2026-01-18
MOCK-UAN-2017-9922,57,Uttar Pradesh,Uttar Pradesh,Manufacturing,269,Unskilled,eShram,2026-05-11
MOCK-UAN-8851-2049,58,West Bengal,Gujarat,Manufacturing,201,Unskilled,None,2026-05-08
MOCK-UAN-6692-4670,19,Andhra Pradesh,Andhra Pradesh,Manufacturing,701,Skilled,eShram,2025-02-23
MOCK-UAN-8297-9478,29,West Bengal,Tamil Nadu,Gig Worker,743,Skilled,PM-Kisan,2025-06-19
MOCK-UAN-9177-2208,59,Gujarat,Jharkhand,Construction,458,Semi-skilled,eShram,2026-03-30
MOCK-UAN-7250-8101,30,Bihar,Odisha,Gig Worker,685,Skilled,PM-SYM,2025-04-01
MOCK-UAN-8885-1827,53,Bihar,Bihar,Manufacturing,568,Skilled,eShram,2025-07-10
MOCK-UAN-8755-5647,48,Odisha,Odisha,Domestic Worker,8,Skilled,Ayushman Bharat,2025-09-21
MOCK-UAN-1435-7058,27,Karnataka,Maharashtra,Domestic Worker,229,Unskilled,PM-SYM,2026-09-10
MOCK-UAN-4899-5226,46,Uttar Pradesh,Uttar Pradesh,Gig Worker,555,Semi-skilled,PM-Kisan,2025-06-12
MOCK-UAN-5977-6761,40,Tamil Nadu,Uttar Pradesh,Construction,644,Skilled,PM-Kisan,2026-01-25
MOCK-UAN-1463-5584,50,Andhra Pradesh,Andhra Pradesh,Construction,991,Highly-skilled,None,2026-07-19
MOCK-UAN-3935-5589,63,Uttar Pradesh,Uttar Pradesh,Gig Worker,544,Semi-skilled,eShram,2024-12-13
MOCK-UAN-1118-6398,56,Andhra Pradesh,Karnataka,Domestic Worker,512,Skilled,PM-SYM,2026-02-15
MOCK-UAN-5818-1033,57,Uttar Pradesh,Uttar Pradesh,Gig Worker,687,Skilled,None,2025-06-15
MOCK-UAN-9004-8946,54,Karnataka,Gujarat,Domestic Worker,851,Highly-skilled,eShram,2025-07-14
MOCK-UAN-9503-4182,22,Uttar Pradesh,Bihar,Manufacturing,303,Unskilled,Ayushman Bharat,2026-04-25
MOCK-UAN-4244-6895,35,Odisha,Odisha,Gig Worker,771,Skilled,eShram,2025-05-08
MOCK-UAN-3440-8045,49,Karnataka,Gujarat,Gig Worker,913,Highly-skilled,PM-Kisan,2025-04-24
MOCK-UAN-3849-6622,41,Uttar Pradesh,Andhra Pradesh,Agriculture,259,Unskilled,PM-Kisan,2025-07-26
MOCK-UAN-7538-3619,16,Odisha,Gujarat,Manufacturing,2500,Highly-skilled,Ayushman Bharat,2025-05-21
MOCK-UAN-2720-5386,42,Karnataka,Andhra Pradesh,Construction,930,Highly-skilled,Ayushman Bharat,2025-04-12
MOCK-UAN-3324-1245,22,Maharashtra,Uttar Pradesh,Manufacturing,637,Skilled,None,2025-07-07
MOCK-UAN-5685-5213,41,Andhra Pradesh,Bihar,Construction,941,Highly-skilled,None,2026-08-24
MOCK-UAN-8515-7124,26,Andhra Pradesh,Tamil Nadu,Domestic Worker,620,Skilled,PM-SYM,2025-01-07
MOCK-UAN-3625-7600,36,Uttar Pradesh,Tamil Nadu,Construction,318,Unskilled,PM-Kisan,2025-10-04
MOCK-UAN-3531-5700,19,Maharashtra,Tamil Nadu,Manufacturing,611,Skilled,PM-Kisan,2026-07-25
MOCK-UAN-9612-8234,36,Karnataka,Tamil Nadu,Construction,538,Semi-skilled,eShram,2026-05-15
MOCK-UAN-8134-4114,29,Karnataka,Bihar,Construction,463,Semi-skilled,PM-Kisan,2026-06-01
MOCK-UAN-5504-2803,44,Odisha,Odisha,Manufacturing,18025,Highly-skilled,PM-Kisan,2025-04-06
MOCK-UAN-6833-7436,65,Karnataka,Uttar Pradesh,Domestic Worker,452,Semi-skilled,PM-SYM,2026-05-06
MOCK-UAN-5629-5059,42,Jharkhand,Bihar,Agriculture,352,Unskilled,None,2026-06-08
MOCK-UAN-1319-5939,50,Gujarat,Gujarat,Domestic Worker,439,Semi-skilled,PM-Kisan,2026-02-11
MOCK-UAN-8930-5062,51,Bihar,Bihar,Agriculture,919,Highly-skilled,eShram,2025-05-17
MOCK-UAN-1155-3585,22,Gujarat,Karnataka,Manufacturing,897,Highly-skilled,PM-SYM,2026-06-03
MOCK-UAN-3455-9718,44,Jharkhand,Maharashtra,Domestic Worker,4,Semi-skilled,eShram,2026-04-19
MOCK-UAN-5206-4708,26,Jharkhand,Jharkhand,Manufacturing,312,Unskilled,PM-SYM,2025-08-07
MOCK-UAN-4399-6684,64,Karnataka,Uttar Pradesh,Domestic Worker,326,Unskilled,PM-Kisan,2026-05-23
MOCK-UAN-5611-1203,39,West Bengal,Bihar,Agriculture,237,Unskilled,Ayushman Bharat,2025-01-09
MOCK-UAN-7783-1946,40,Gujarat,Gujarat,Domestic Worker,371,Unskilled,Ayushman Bharat,2025-05-06
MOCK-UAN-7135-3442,44,Tamil Nadu,Andhra Pradesh,Manufacturing,807,Highly-skilled,PM-Kisan,2025-03-16
MOCK-UAN-9971-9327,32,Maharashtra,Gujarat,Domestic Worker,265,Unskilled,PM-Kisan,2025-12-02
MOCK-UAN-7730-4937,18,Odisha,Gujarat,Manufacturing,595,Skilled,Ayushman Bharat,2024-11-07
MOCK-UAN-8252-7570,60,Uttar Pradesh,Uttar Pradesh,Manufacturing,320,Unskilled,eShram,2025-05-11
MOCK-UAN-1121-8848,37,Gujarat,Odisha,Manufacturing,378,Unskilled,PM-SYM,2024-11-10
MOCK-UAN-1071-7820,59,West Bengal,Tamil Nadu,Domestic Worker,807,Highly-skilled,None,2025-10-13
MOCK-UAN-2738-8149,22,Odisha,Gujarat,Agriculture,274,Unskilled,Ayushman Bharat,2025-05-27
MOCK-UAN-8243-1549,-1,Uttar Pradesh,Bihar,Construction,843,Highly-skilled,PM-SYM,2025-03-15
MOCK-UAN-6488-3346,21,Gujarat,Gujarat,Agriculture,901,Highly-skilled,PM-Kisan,2026-05-22
MOCK-UAN-3041-3898,22,Uttar Pradesh,Odisha,Agriculture,313,Unskilled,Ayushman Bharat,2025-08-28
MOCK-UAN-6326-7585,20,Tamil Nadu,Andhra Pradesh,Manufacturing,529,Semi-skilled,None,2025-12-08
MOCK-UAN-2371-2962,50,West Bengal,West Bengal,Agriculture,456,Semi-skilled,PM-SYM,2025-08-07
MOCK-UAN-3005-3952,41,Maharashtra,Andhra Pradesh,Manufacturing,352,Unskilled,PM-Kisan,2025-05-31
MOCK-UAN-2740-8323,32,Karnataka,Karnataka,Construction,679,Skilled,Ayushman Bharat,2026-05-27
MOCK-UAN-1368-3562,20,Odisha,Andhra Pradesh,Gig Worker,528,Semi-skilled,Ayushman Bharat,2026-02-22
MOCK-UAN-7100-6204,46,Karnataka,Karnataka,Agriculture,379,Semi-skilled,None,2025-03-17
MOCK-UAN-6220-5736,22,Jharkhand,Jharkhand,Agriculture,463,Semi-skilled,PM-SYM,2024-12-06
MOCK-UAN-2951-7482,55,Karnataka,Karnataka,Gig Worker,925,Highly-skilled,None,2025-09-29
MOCK-UAN-9604-1546,20,Uttar Pradesh,Karnataka,Agriculture,514,Semi-skilled,None,2026-03-04
MOCK-UAN-8040-1449,38,Maharashtra,Maharashtra,Construction,341,Unskilled,Ayushman Bharat,2026-04-13
MOCK-UAN-9590-2514,33,Gujarat,Gujarat,Domestic Worker,659,Skilled,None,2025-08-05
MOCK-UAN-6627-7710,43,Gujarat,Andhra Pradesh,Domestic Worker,275,Unskilled,eShram,2025-08-20
MOCK-UAN-8675-4405,24,Gujarat,Odisha,Manufacturing,613,Skilled,PM-SYM,2026-08-09
MOCK-UAN-6077-7514,34,Gujarat,Karnataka,Gig Worker,710,Skilled,PM-SYM,2024-10-17
MOCK-UAN-3865-9260,21,Bihar,Bihar,Agriculture,597,Skilled,Ayushman Bharat,2025-12-02
MOCK-UAN-7606-3920,45,Uttar Pradesh,Uttar Pradesh,Domestic Worker,878,Highly-skilled,eShram,2026-04-25
MOCK-UAN-2042-6955,58,Gujarat,Karnataka,Domestic Worker,919,Highly-skilled,PM-Kisan,2025-08-31
MOCK-UAN-4376-7391,19,Gujarat,Karnataka,Gig Worker,353,Unskilled,PM-Kisan,2026-01-22
MOCK-UAN-9261-9614,43,Andhra Pradesh,Andhra Pradesh,Construction,439,Semi-skilled,Ayushman Bharat,2025-01-16
MOCK-UAN-2354-4578,32,Odisha,Karnataka,Manufacturing,512,Semi-skilled,None,2024-11-05
MOCK-UAN-5348-2110,42,West Bengal,Gujarat,Construction,686,Skilled,None,2025-04-12
MOCK-UAN-7765-2290,56,Andhra Pradesh,Odisha,Gig Worker,1003,Highly-skilled,PM-SYM,2024-10-19
MOCK-UAN-6204-2840,24,Gujarat,Andhra Pradesh,Gig Worker,483,Unskilled,Ayushman Bharat,2024-12-14
MOCK-UAN-4865-8645,41,Odisha,Bihar,Gig Worker,986,Highly-skilled,Ayushman Bharat,2024-11-15
MOCK-UAN-8198-9975,28,Andhra Pradesh,Andhra Pradesh,Gig Worker,616,Semi-skilled,PM-SYM,2025-08-17
MOCK-UAN-7728-8908,57,Jharkhand,Maharashtra,Construction,3,Highly-skilled,PM-SYM,2026-06-28
MOCK-UAN-9480-8559,25,Jharkhand,Jharkhand,Manufacturing,248,Unskilled,PM-Kisan,2025-05-12
MOCK-UAN-2814-6445,30,Uttar Pradesh,West Bengal,Construction,592,Semi-skilled,Ayushman Bharat,2026-06-15
MOCK-UAN-6820-8480,58,Bihar,Tamil Nadu,Domestic Worker,649,Skilled,Ayushman Bharat,2025-05-14
MOCK-UAN-6345-1085,20,Karnataka,Bihar,Agriculture,443,Semi-skilled,eShram,2025-05-05
MOCK-UAN-8565-2388,55,Andhra Pradesh,Tamil Nadu,Construction,986,Highly-skilled,PM-Kisan,2025-04-15
MOCK-UAN-2392-6671,36,Uttar Pradesh,Odisha,Manufacturing,579,Skilled,PM-SYM,2026-06-20
MOCK-UAN-9338-1091,39,Jharkhand,Jharkhand,Domestic Worker,341,Unskilled,Ayushman Bharat,2026-03-30
MOCK-UAN-2246-1183,44,Odisha,Gujarat,Gig Worker,580,Skilled,PM-SYM,2025-07-17
MOCK-UAN-9681-4036,61,Gujarat,Gujarat,Domestic Worker,849,Highly-skilled,eShram,2024-12-01
MOCK-UAN-8627-3001,51,Bihar,Karnataka,Construction,548,Semi-skilled,PM-SYM,2025-03-14
MOCK-UAN-4913-5135,28,Maharashtra,Maharashtra,Construction,937,Highly-skilled,None,2025-06-17
MOCK-UAN-8957-5933,65,Odisha,Odisha,Agriculture,610,Skilled,eShram,2026-06-01
MOCK-UAN-4382-7587,43,West Bengal,West Bengal,Construction,882,Highly-skilled,Ayushman Bharat,2025-01-18
MOCK-UAN-4917-9363,46,Karnataka,Karnataka,Gig Worker,492,Unskilled,PM-Kisan,2026-01-21
MOCK-UAN-8190-9809,22,Bihar,Uttar Pradesh,Gig Worker,1059,Highly-skilled,PM-Kisan,2026-07-20
MOCK-UAN-4042-2221,20,Gujarat,Bihar,Gig Worker,989,Highly-skilled,eShram,2026-06-13
MOCK-UAN-1480-3428,61,Gujarat,Gujarat,Gig Worker,679,Skilled,PM-Kisan,2026-07-05
MOCK-UAN-9159-3298,37,Odisha,West Bengal,Construction,1001,Highly-skilled,PM-Kisan,2025-09-20
MOCK-UAN-3313-1777,58,Maharashtra,Gujarat,Agriculture,399,Unskilled,eShram,2026-04-17
MOCK-UAN-9401-6813,19,Maharashtra,West Bengal,Construction,547,Semi-skilled,Ayushman Bharat,2025-07-21
MOCK-UAN-2741-6924,63,Karnataka,Uttar Pradesh,Construction,758,Skilled,Ayushman Bharat,2025-07-22
MOCK-UAN-4376-9055,43,Andhra Pradesh,Andhra Pradesh,Construction,903,Highly-skilled,None,2025-12-27
MOCK-UAN-4925-4495,18,Gujarat,Tamil Nadu,Manufacturing,409,Semi-skilled,PM-SYM,2025-02-06
MOCK-UAN-4083-8639,23,Gujarat,Maharashtra,Gig Worker,640,Skilled,PM-Kisan,2025-12-24
MOCK-UAN-4242-6683,47,Andhra Pradesh,Bihar,Manufacturing,322,Unskilled,PM-SYM,2025-11-29
MOCK-UAN-2374-8395,35,Bihar,Odisha,Manufacturing,308,Unskilled,Ayushman Bharat,2026-04-03
MOCK-UAN-4329-2534,36,Gujarat,Gujarat,Construction,342,Unskilled,Ayushman Bharat,2025-12-13
MOCK-UAN-6974-4180,22,Uttar Pradesh,Uttar Pradesh,Construction,15172,Unskilled,None,2025-05-17
MOCK-UAN-4077-9663,40,Jharkhand,West Bengal,Gig Worker,611,Semi-skilled,PM-Kisan,2026-04-19
MOCK-UAN-6573-9217,58,Tamil Nadu,Tamil Nadu,Construction,10643,Semi-skilled,eShram,2025-06-14
MOCK-UAN-5557-9568,62,West Bengal,Maharashtra,Agriculture,870,Highly-skilled,None,2025-07-13
MOCK-UAN-5413-9305,36,Gujarat,Maharashtra,Manufacturing,491,Semi-skilled,None,2025-05-24
MOCK-UAN-1280-5369,28,Karnataka,West Bengal,Construction,326,Unskilled,eShram,2026-01-01
MOCK-UAN-2143-7227,25,Maharashtra,Maharashtra,Manufacturing,260,Unskilled,eShram,2026-05-18
MOCK-UAN-1767-2886,61,Karnataka,Tamil Nadu,Manufacturing,950,Highly-skilled,Ayushman Bharat,2026-05-23
MOCK-UAN-2428-3592,20,West Bengal,West Bengal,Gig Worker,485,Semi-skilled,eShram,2026-05-10
MOCK-UAN-7961-1075,24,Maharashtra,Tamil Nadu,Domestic Worker,584,Skilled,eShram,2025-10-20
MOCK-UAN-1942-9790,49,Karnataka,Karnataka,Manufacturing,616,Skilled,PM-Kisan,2025-11-11
MOCK-UAN-5261-9138,23,Jharkhand,Andhra Pradesh,Domestic Worker,421,Semi-skilled,None,2024-11-15
MOCK-UAN-2742-2343,25,Gujarat,Gujarat,Gig Worker,1039,Highly-skilled,None,2025-08-17
MOCK-UAN-3836-5931,20,Gujarat,Maharashtra,Gig Worker,521,Semi-skilled,PM-Kisan,2025-11-12
MOCK-UAN-7024-9138,29,Odisha,Tamil Nadu,Agriculture,370,Unskilled,None,2026-06-20
MOCK-UAN-2644-8115,28,Bihar,Maharashtra,Domestic Worker,443,Semi-skilled,PM-Kisan,2026-05-03
MOCK-UAN-1067-5721,59,Gujarat,Bihar,Agriculture,933,Highly-skilled,PM-SYM,2025-05-23
MOCK-UAN-8348-2217,38,Tamil Nadu,Tamil Nadu,Manufacturing,637,Skilled,PM-SYM,2025-06-08
MOCK-UAN-7275-8243,42,Tamil Nadu,Tamil Nadu,Construction,618,Skilled,None,2024-11-07
MOCK-UAN-8579-3189,31,Gujarat,Gujarat,Manufacturing,497,Skilled,PM-Kisan,2026-06-01
MOCK-UAN-8873-7914,48,Bihar,Bihar,Manufacturing,468,Semi-skilled,eShram,2026-06-23
MOCK-UAN-3751-3797,35,West Bengal,Tamil Nadu,Domestic Worker,303,Unskilled,PM-Kisan,2025-08-07
MOCK-UAN-3953-8268,47,Bihar,Bihar,Gig Worker,427,Unskilled,Ayushman Bharat,2025-01-17
MOCK-UAN-8111-8902,50,West Bengal,Tamil Nadu,Agriculture,288,Unskilled,eShram,2025-05-19
MOCK-UAN-3281-4640,40,Bihar,Bihar,Domestic Worker,578,Skilled,PM-SYM,2025-05-01
MOCK-UAN-8772-8585,50,Tamil Nadu,Uttar Pradesh,Agriculture,550,Semi-skilled,PM-Kisan,2026-04-08
MOCK-UAN-9423-4534,51,Gujarat,Gujarat,Agriculture,826,Highly-skilled,PM-SYM,2026-06-29
MOCK-UAN-7775-4940,44,Karnataka,Maharashtra,Gig Worker,736,Skilled,PM-Kisan,2025-08-31
MOCK-UAN-5507-3434,27,Maharashtra,Tamil Nadu,Domestic Worker,271,Unskilled,PM-Kisan,2024-11-20
MOCK-UAN-3249-6932,51,Andhra Pradesh,Andhra Pradesh,Domestic Worker,883,Highly-skilled,eShram,2026-01-18
MOCK-UAN-7661-3983,31,Gujarat,Gujarat,Domestic Worker,584,Skilled,None,2026-05-22
MOCK-UAN-2479-8641,38,Karnataka,Karnataka,Agriculture,259,Unskilled,PM-SYM,2025-04-12
MOCK-UAN-8013-3189,27,Andhra Pradesh,Andhra Pradesh,Gig Worker,578,Semi-skilled,None,2024-10-14
MOCK-UAN-7640-1604,29,Karnataka,Uttar Pradesh,Agriculture,669,Skilled,eShram,2025-09-09
MOCK-UAN-5037-9176,55,West Bengal,Tamil Nadu,Gig Worker,423,Unskilled,PM-Kisan,2026-07-20
MOCK-UAN-2408-8132,56,Tamil Nadu,Odisha,Manufacturing,455,Semi-skilled,eShram,2024-10-08
MOCK-UAN-5718-6099,39,Odisha,Andhra Pradesh,Agriculture,250,Unskilled,eShram,2026-06-15
MOCK-UAN-1962-8408,60,West Bengal,Jharkhand,Construction,375,Unskilled,None,2026-05-19
MOCK-UAN-8686-8901,39,Jharkhand,Jharkhand,Agriculture,1007,Highly-skilled,Ayushman Bharat,2025-10-27
MOCK-UAN-5350-2400,40,Karnataka,Odisha,Construction,930,Highly-skilled,None,2025-06-21
MOCK-UAN-6982-4727,39,Maharashtra,Andhra Pradesh,Gig Worker,981,Highly-skilled,Ayushman Bharat,2026-04-01
MOCK-UAN-7396-5220,37,Tamil Nadu,Tamil Nadu,Domestic Worker,271,Unskilled,eShram,2025-04-08
MOCK-UAN-2918-7916,36,Andhra Pradesh,Andhra Pradesh,Manufacturing,875,Highly-skilled,Ayushman Bharat,2026-02-23
MOCK-UAN-5767-8338,43,Tamil Nadu,Tamil Nadu,Domestic Worker,162,Unskilled,PM-SYM,2026-01-17
MOCK-UAN-4596-9449,30,Karnataka,Odisha,Agriculture,920,Highly-skilled,PM-SYM,2026-02-09
MOCK-UAN-1908-8169,54,Karnataka,Andhra Pradesh,Construction,607,Skilled,eShram,2025-09-10
MOCK-UAN-8602-7271,57,Tamil Nadu,Gujarat,Gig Worker,619,Skilled,PM-SYM,2024-11-09
MOCK-UAN-5618-6001,32,Andhra Pradesh,Maharashtra,Construction,387,Unskilled,Ayushman Bharat,2024-10-16
MOCK-UAN-2389-9451,35,Bihar,Bihar,Manufacturing,545,Skilled,eShram,2025-06-14
MOCK-UAN-1441-6642,31,Odisha,Jharkhand,Agriculture,883,Highly-skilled,Ayushman Bharat,2025-07-05
MOCK-UAN-3711-5739,51,Karnataka,Gujarat,Gig Worker,773,Skilled,eShram,2025-11-17
MOCK-UAN-3427-5382,31,Karnataka,Uttar Pradesh,Construction,429,Semi-skilled,PM-Kisan,2026-09-09
MOCK-UAN-7553-4978,61,Bihar,Bihar,Domestic Worker,373,Semi-skilled,PM-Kisan,2025-05-27
MOCK-UAN-1490-2139,65,Uttar Pradesh,Gujarat,Gig Worker,713,Skilled,PM-SYM,2026-06-13
MOCK-UAN-5339-7372,34,Bihar,Uttar Pradesh,Construction,557,Semi-skilled,Ayushman Bharat,2025-06-23
MOCK-UAN-6630-7357,48,Jharkhand,Jharkhand,Manufacturing,15762,Unskilled,PM-SYM,2026-05-03
MOCK-UAN-5146-6595,62,Bihar,Tamil Nadu,Domestic Worker,320,Unskilled,None,2025-06-10
MOCK-UAN-8122-4284,40,Bihar,Andhra Pradesh,Construction,379,Unskilled,PM-Kisan,2025-07-23
MOCK-UAN-6806-4510,57,Maharashtra,Odisha,Domestic Worker,497,Skilled,Ayushman Bharat,2025-06-20
MOCK-UAN-5991-4880,44,Tamil Nadu,Jharkhand,Gig Worker,589,Semi-skilled,None,2026-06-01
MOCK-UAN-3981-6615,20,Jharkhand,Jharkhand,Gig Worker,1043,Highly-skilled,None,2026-05-10
MOCK-UAN-9956-2682,33,Bihar,Maharashtra,Agriculture,434,Semi-skilled,PM-SYM,2026-06-22
MOCK-UAN-7259-9302,38,Gujarat,Gujarat,Agriculture,662,Skilled,PM-SYM,2026-06-02
MOCK-UAN-8907-2167,20,West Bengal,West Bengal,Gig Worker,756,Skilled,None,2025-09-16
MOCK-UAN-3532-9906,36,West Bengal,West Bengal,Construction,655,Skilled,PM-Kisan,2024-11-16
MOCK-UAN-2030-3128,55,Jharkhand,Jharkhand,Construction,627,Skilled,eShram,2025-10-26
MOCK-UAN-5522-8557,62,Gujarat,West Bengal,Gig Worker,351,Unskilled,Ayushman Bharat,2024-12-23
MOCK-UAN-9311-9627,59,Karnataka,Uttar Pradesh,Manufacturing,298,Unskilled,PM-Kisan,2026-02-17
MOCK-UAN-3998-5118,33,Uttar Pradesh,Uttar Pradesh,Agriculture,478,Semi-skilled,Ayushman Bharat,2025-05-06
MOCK-UAN-7567-9359,18,Bihar,Andhra Pradesh,Domestic Worker,433,Semi-skilled,PM-Kisan,2026-01-01
MOCK-UAN-8696-1142,20,Uttar Pradesh,Uttar Pradesh,Domestic Worker,490,Skilled,eShram,2025-05-15
MOCK-UAN-6857-2141,36,Gujarat,Gujarat,Agriculture,963,Highly-skilled,PM-SYM,2026-02-04
MOCK-UAN-9720-3351,30,Bihar,Bihar,Agriculture,609,Skilled,None,2026-04-05
MOCK-UAN-4052-6815,23,Uttar Pradesh,Tamil Nadu,Domestic Worker,581,Skilled,PM-SYM,2025-05-03
MOCK-UAN-3745-7969,56,Karnataka,Karnataka,Manufacturing,492,Semi-skilled,eShram,2026-03-20
MOCK-UAN-9415-7647,35,Jharkhand,Bihar,Agriculture,976,Highly-skilled,PM-SYM,2025-01-06
MOCK-UAN-4954-5816,32,Gujarat,Tamil Nadu,Construction,209,Unskilled,eShram,2025-05-07
MOCK-UAN-2128-9647,48,Uttar Pradesh,Jharkhand,Construction,671,Skilled,eShram,2026-08-14
MOCK-UAN-5004-9868,23,West Bengal,West Bengal,Agriculture,828,Highly-skilled,PM-Kisan,2025-08-23
MOCK-UAN-7079-8361,64,Bihar,Bihar,Agriculture,474,Semi-skilled,None,2024-12-19
MOCK-UAN-3574-3984,20,Karnataka,Jharkhand,Manufacturing,456,Semi-skilled,PM-SYM,2025-12-31
MOCK-UAN-3404-1608,47,Andhra Pradesh,Tamil Nadu,Gig Worker,431,Unskilled,eShram,2025-11-28
MOCK-UAN-5623-7204,20,Karnataka,Odisha,Agriculture,275,Unskilled,PM-Kisan,2025-07-16
MOCK-UAN-3736-2423,20,Maharashtra,Gujarat,Gig Worker,456,Semi-skilled,PM-SYM,2026-06-27
MOCK-UAN-1666-9499,30,Andhra Pradesh,Andhra Pradesh,Gig Worker,527,Semi-skilled,None,2026-08-20
MOCK-UAN-7711-5994,35,Maharashtra,Maharashtra,Construction,520,Semi-skilled,PM-SYM,2026-05-08
MOCK-UAN-3071-4717,61,Karnataka,Karnataka,Construction,1000,Highly-skilled,PM-SYM,2025-04-27
MOCK-UAN-9435-1109,48,Bihar,Bihar,Domestic Worker,391,Semi-skilled,PM-SYM,2026-06-12
MOCK-UAN-5207-1972,48,Gujarat,Tamil Nadu,Construction,401,Unskilled,Ayushman Bharat,2026-07-17
MOCK-UAN-9584-6950,63,Jharkhand,Bihar,Agriculture,267,Unskilled,eShram,2025-01-31
MOCK-UAN-8935-1414,37,Maharashtra,Maharashtra,Domestic Worker,318,Unskilled,None,2026-05-06
MOCK-UAN-4072-1636,30,Jharkhand,Bihar,Construction,324,Unskilled,PM-Kisan,2025-04-13
MOCK-UAN-8722-9739,53,Bihar,Bihar,Gig Worker,709,Skilled,None,2025-08-03
MOCK-UAN-4324-6982,55,Karnataka,Maharashtra,Construction,544,Semi-skilled,eShram,2025-11-21
MOCK-UAN-3995-8913,59,Tamil Nadu,Tamil Nadu,Domestic Worker,838,Highly-skilled,Ayushman Bharat,2026-01-26
MOCK-UAN-5621-5172,56,Karnataka,Gujarat,Domestic Worker,416,Semi-skilled,eShram,2025-12-27
MOCK-UAN-7507-1397,23,Karnataka,Karnataka,Agriculture,459,Semi-skilled,Ayushman Bharat,2025-05-03
MOCK-UAN-9100-9801,63,Andhra Pradesh,Bihar,Manufacturing,570,Semi-skilled,PM-Kisan,2026-04-17
MOCK-UAN-7286-4485,38,Bihar,Bihar,Construction,606,Skilled,eShram,2025-09-28
MOCK-UAN-5946-5946,30,Bihar,Karnataka,Domestic Worker,402,Unskilled,PM-Kisan,2024-11-15
MOCK-UAN-4220-7393,54,Andhra Pradesh,Andhra Pradesh,Domestic Worker,550,Semi-skilled,PM-Kisan,2025-12-29
MOCK-UAN-1274-8881,43,Jharkhand,Karnataka,Gig Worker,395,Unskilled,Ayushman Bharat,2026-06-10
MOCK-UAN-3687-6849,22,Odisha,West Bengal,Manufacturing,885,Highly-skilled,Ayushman Bharat,2025-10-11
MOCK-UAN-9843-4497,43,Maharashtra,Maharashtra,Gig Worker,515,Semi-skilled,PM-SYM,2026-05-17
MOCK-UAN-5080-4298,33,West Bengal,Uttar Pradesh,Manufacturing,896,Highly-skilled,PM-SYM,2026-05-31
MOCK-UAN-4151-8965,33,Jharkhand,Jharkhand,Domestic Worker,379,Semi-skilled,PM-SYM,2026-07-23
MOCK-UAN-2873-6206,40,Andhra Pradesh,Gujarat,Gig Worker,396,Unskilled,PM-SYM,2026-03-08
MOCK-UAN-4911-3355,25,Uttar Pradesh,Karnataka,Agriculture,674,Skilled,Ayushman Bharat,2026-05-28
MOCK-UAN-9692-7446,55,Andhra Pradesh,Andhra Pradesh,Agriculture,419,Semi-skilled,eShram,2025-04-17
MOCK-UAN-2251-5799,23,Jharkhand,Gujarat,Agriculture,887,Highly-skilled,None,2025-07-09
MOCK-UAN-6948-8792,60,Karnataka,Andhra Pradesh,Domestic Worker,214,Unskilled,Ayushman Bharat,2024-10-03
MOCK-UAN-9444-1727,34,Tamil Nadu,Gujarat,Agriculture,468,Semi-skilled,PM-Kisan,2026-05-18
MOCK-UAN-9531-4175,61,Jharkhand,Maharashtra,Domestic Worker,613,Skilled,PM-Kisan,2025-12-10
MOCK-UAN-7394-7864,43,Bihar,Andhra Pradesh,Construction,353,Unskilled,None,2026-06-12
MOCK-UAN-6639-1152,57,West Bengal,West Bengal,Agriculture,289,Unskilled,Ayushman Bharat,2026-01-10
MOCK-UAN-6865-7642,22,Odisha,Odisha,Agriculture,885,Highly-skilled,eShram,2025-01-02
MOCK-UAN-8902-9507,56,Uttar Pradesh,Uttar Pradesh,Construction,525,Semi-skilled,None,2026-08-24
MOCK-UAN-9020-7624,38,Uttar Pradesh,Odisha,Agriculture,448,Semi-skilled,PM-Kisan,2024-10-24
MOCK-UAN-4319-5300,31,Jharkhand,Odisha,Domestic Worker,465,Semi-skilled,None,2025-11-07
MOCK-UAN-3027-6751,18,West Bengal,Tamil Nadu,Construction,360,Unskilled,eShram,2026-05-22
MOCK-UAN-1865-8949,46,Gujarat,Odisha,Gig Worker,456,Unskilled,None,2025-02-11
MOCK-UAN-7098-9913,45,Karnataka,Odisha,Construction,683,Skilled,PM-Kisan,2026-03-08
MOCK-UAN-2737-6444,20,Maharashtra,Bihar,Gig Worker,1009,Highly-skilled,PM-SYM,2025-03-05
MOCK-UAN-9075-1625,20,Andhra Pradesh,Uttar Pradesh,Manufacturing,525,Semi-skilled,None,2026-06-27
MOCK-UAN-4643-6605,62,West Bengal,West Bengal,Domestic Worker,621,Skilled,Ayushman Bharat,2026-05-05
MOCK-UAN-6510-9288,34,Odisha,Bihar,Domestic Worker,515,Semi-skilled,eShram,2026-02-18
MOCK-UAN-9938-6469,65,Andhra Pradesh,Andhra Pradesh,Gig Worker,1030,Highly-skilled,Ayushman Bharat,2026-08-22
MOCK-UAN-5300-1844,44,Andhra Pradesh,Odisha,Gig Worker,907,Highly-skilled,PM-SYM,2025-05-05
MOCK-UAN-7317-9078,64,Gujarat,Gujarat,Manufacturing,365,Unskilled,eShram,2026-06-05
MOCK-UAN-3590-1595,31,Andhra Pradesh,Gujarat,Construction,656,Skilled,None,2025-05-02
MOCK-UAN-8733-1607,29,Odisha,Karnataka,Domestic Worker,297,Unskilled,eShram,2026-05-26
MOCK-UAN-1634-3036,53,Odisha,Odisha,Manufacturing,614,Skilled,PM-SYM,2024-10-22
MOCK-UAN-2079-6934,42,West Bengal,West Bengal,Agriculture,432,Semi-skilled,Ayushman Bharat,2026-04-11
MOCK-UAN-2776-4173,55,Tamil Nadu,Tamil Nadu,Domestic Worker,461,Semi-skilled,None,2025-06-08
MOCK-UAN-2596-7924,27,Andhra Pradesh,Odisha,Domestic Worker,420,Semi-skilled,None,2024-12-19
MOCK-UAN-2508-5390,19,Gujarat,Gujarat,Agriculture,963,Highly-skilled,PM-SYM,2025-04-15
MOCK-UAN-4748-6547,54,Tamil Nadu,Jharkhand,Agriculture,594,Skilled,PM-Kisan,2025-03-31
MOCK-UAN-8478-7362,59,Maharashtra,Maharashtra,Gig Worker,380,Unskilled,PM-SYM,2026-03-24
MOCK-UAN-6737-8064,20,Uttar Pradesh,Uttar Pradesh,Domestic Worker,253,Unskilled,None,2025-10-25
MOCK-UAN-5947-2125,46,Karnataka,Odisha,Gig Worker,563,Semi-skilled,PM-SYM,2025-11-26
MOCK-UAN-9759-7867,35,Karnataka,Karnataka,Gig Worker,1009,Highly-skilled,PM-SYM,2024-12-10
MOCK-UAN-9969-1727,34,Karnataka,Karnataka,Gig Worker,1019,Highly-skilled,PM-Kisan,2026-07-04
MOCK-UAN-7256-1988,41,Uttar Pradesh,Uttar Pradesh,Manufacturing,398,Semi-skilled,Ayushman Bharat,2026-09-07
MOCK-UAN-2401-6332,33,Andhra Pradesh,Odisha,Manufacturing,369,Semi-skilled,None,2026-06-20
MOCK-UAN-3650-2067,60,Uttar Pradesh,Karnataka,Domestic Worker,631,Skilled,PM-SYM,2025-02-06
MOCK-UAN-8962-4707,55,Andhra Pradesh,Andhra Pradesh,Manufacturing,674,Skilled,eShram,2026-07-12
MOCK-UAN-4161-8983,34,Andhra Pradesh,Andhra Pradesh,Agriculture,548,Skilled,eShram,2026-03-14
MOCK-UAN-1519-1957,32,Tamil Nadu,Jharkhand,Agriculture,679,Skilled,Ayushman Bharat,2025-12-08
MOCK-UAN-9733-5056,31,Tamil Nadu,Karnataka,Construction,964,Highly-skilled,None,2025-03-26
MOCK-UAN-7433-8446,30,Karnataka,Gujarat,Domestic Worker,899,Highly-skilled,None,2025-01-01
MOCK-UAN-8475-2724,64,Maharashtra,Jharkhand,Gig Worker,530,Semi-skilled,None,2026-01-28
MOCK-UAN-3845-3648,48,Gujarat,Gujarat,Gig Worker,480,Semi-skilled,eShram,2025-04-22
MOCK-UAN-1107-8554,39,Gujarat,Odisha,Domestic Worker,349,Unskilled,PM-Kisan,2025-09-12
MOCK-UAN-8723-8301,36,Uttar Pradesh,Karnataka,Construction,311,Unskilled,PM-SYM,2025-11-15
MOCK-UAN-2247-1400,57,West Bengal,Andhra Pradesh,Domestic Worker,411,Semi-skilled,Ayushman Bharat,2026-05-20
MOCK-UAN-7589-9717,49,Andhra Pradesh,Uttar Pradesh,Manufacturing,349,Unskilled,None,2025-06-02
MOCK-UAN-1743-3910,43,Bihar,Gujarat,Gig Worker,605,Skilled,eShram,2025-03-18
MOCK-UAN-2001-7379,60,Uttar Pradesh,Andhra Pradesh,Construction,573,Skilled,Ayushman Bharat,2025-01-13
MOCK-UAN-1115-8769,-5,West Bengal,West Bengal,Domestic Worker,899,Highly-skilled,Ayushman Bharat,2026-02-22
MOCK-UAN-1774-9433,32,Gujarat,Uttar Pradesh,Construction,964,Highly-skilled,Ayushman Bharat,2024-10-01
MOCK-UAN-7385-6990,43,Karnataka,Karnataka,Domestic Worker,624,Skilled,None,2025-04-10
MOCK-UAN-6866-3796,28,Uttar Pradesh,Tamil Nadu,Domestic Worker,284,Unskilled,PM-SYM,2026-04-22
MOCK-UAN-6299-4480,54,Andhra Pradesh,Bihar,Agriculture,726,Skilled,Ayushman Bharat,2024-12-31
MOCK-UAN-2860-8567,45,Odisha,Andhra Pradesh,Domestic Worker,438,Semi-skilled,None,2025-05-17
MOCK-UAN-7938-9325,61,Odisha,Maharashtra,Manufacturing,438,Semi-skilled,PM-SYM,2025-11-04
MOCK-UAN-1426-8812,43,Odisha,Karnataka,Gig Worker,360,Unskilled,PM-SYM,2025-10-04
MOCK-UAN-6088-3541,51,Jharkhand,Karnataka,Gig Worker,406,Unskilled,None,2025-05-16
MOCK-UAN-9862-9334,65,West Bengal,West Bengal,Manufacturing,330,Unskilled,Ayushman Bharat,2025-01-28
MOCK-UAN-9236-4262,46,Maharashtra,Maharashtra,Agriculture,960,Highly-skilled,None,2026-05-26
MOCK-UAN-6391-6050,27,Tamil Nadu,Tamil Nadu,Agriculture,525,Skilled,PM-Kisan,2025-06-08
MOCK-UAN-4272-9129,43,Tamil Nadu,Tamil Nadu,Manufacturing,587,Skilled,PM-Kisan,2025-02-07
MOCK-UAN-4731-5320,24,Tamil Nadu,Gujarat,Domestic Worker,472,Semi-skilled,PM-Kisan,2025-03-29
MOCK-UAN-1810-6432,41,Maharashtra,Odisha,Gig Worker,429,Unskilled,Ayushman Bharat,2026-04-21
MOCK-UAN-8623-2649,45,Jharkhand,Gujarat,Agriculture,900,Highly-skilled,Ayushman Bharat,2025-02-13
MOCK-UAN-7092-8811,51,Odisha,West Bengal,Agriculture,477,Semi-skilled,PM-Kisan,2025-08-18
MOCK-UAN-5652-7767,47,Jharkhand,Karnataka,Construction,309,Unskilled,eShram,2025-04-01
MOCK-UAN-9928-1220,39,Andhra Pradesh,Uttar Pradesh,Gig Worker,777,Skilled,PM-SYM,2025-06-25
MOCK-UAN-4403-7492,50,Maharashtra,Maharashtra,Construction,399,Unskilled,PM-Kisan,2024-11-13
MOCK-UAN-6797-4205,46,Tamil Nadu,Odisha,Domestic Worker,532,Skilled,None,2026-03-21
MOCK-UAN-4937-2437,65,Odisha,Odisha,Gig Worker,646,Skilled,Ayushman Bharat,2026-07-13
MOCK-UAN-5944-3774,57,Jharkhand,West Bengal,Domestic Worker,397,Semi-skilled,eShram,2025-10-30
MOCK-UAN-4916-2292,35,Maharashtra,Andhra Pradesh,Agriculture,483,Semi-skilled,Ayushman Bharat,2026-06-08
MOCK-UAN-4687-8442,45,West Bengal,Odisha,Agriculture,235,Unskilled,PM-SYM,2024-09-29
MOCK-UAN-1689-4181,27,Jharkhand,Jharkhand,Manufacturing,433,Semi-skilled,PM-SYM,2026-08-25
MOCK-UAN-6053-6309,42,Gujarat,Jharkhand,Domestic Worker,18110,Semi-skilled,Ayushman Bharat,2024-12-28
MOCK-UAN-5959-7251,64,Tamil Nadu,Andhra Pradesh,Construction,496,Semi-skilled,PM-Kisan,2025-07-17
MOCK-UAN-1439-6005,46,Karnataka,Karnataka,Agriculture,312,Unskilled,Ayushman Bharat,2025-03-07
MOCK-UAN-7760-7288,29,West Bengal,Jharkhand,Agriculture,396,Semi-skilled,PM-SYM,2025-03-15
MOCK-UAN-7680-8887,30,West Bengal,West Bengal,Agriculture,929,Highly-skilled,None,2025-12-22
MOCK-UAN-8754-9867,59,Maharashtra,Maharashtra,Construction,469,Semi-skilled,PM-Kisan,2025-06-30
MOCK-UAN-1944-4720,62,Odisha,Andhra Pradesh,Gig Worker,683,Skilled,PM-Kisan,2025-05-20
MOCK-UAN-1904-7653,22,West Bengal,Karnataka,Gig Worker,561,Semi-skilled,eShram,2026-07-01
MOCK-UAN-4831-1795,32,Maharashtra,Odisha,Gig Worker,555,Semi-skilled,PM-Kisan,2026-08-04
MOCK-UAN-2628-7353,44,Bihar,Odisha,Construction,351,Unskilled,PM-Kisan,2025-03-21
MOCK-UAN-4153-3491,53,Maharashtra,Gujarat,Manufacturing,562,Skilled,Ayushman Bharat,2025-07-26
MOCK-UAN-7857-4891,41,West Bengal,Uttar Pradesh,Construction,335,Unskilled,eShram,2025-03-03
MOCK-UAN-8573-9997,47,Odisha,Gujarat,Construction,350,Unskilled,eShram,2025-05-10
MOCK-UAN-5740-2881,21,Uttar Pradesh,Uttar Pradesh,Manufacturing,231,Unskilled,None,2025-04-30
MOCK-UAN-7497-7482,22,Uttar Pradesh,Odisha,Domestic Worker,276,Unskilled,None,2025-08-04
MOCK-UAN-8440-4702,18,Bihar,Jharkhand,Construction,669,Skilled,None,2025-01-04
MOCK-UAN-5964-4688,54,Bihar,Bihar,Agriculture,836,Highly-skilled,PM-Kisan,2025-12-04
MOCK-UAN-5902-9957,59,Uttar Pradesh,Gujarat,Domestic Worker,957,Highly-skilled,eShram,2024-12-19
MOCK-UAN-6415-5641,61,Andhra Pradesh,Andhra Pradesh,Agriculture,963,Highly-skilled,PM-SYM,2026-05-11
MOCK-UAN-6660-3516,47,Karnataka,Karnataka,Gig Worker,337,Unskilled,Ayushman Bharat,2026-06-03
MOCK-UAN-7998-2783,52,Andhra Pradesh,Gujarat,Construction,567,Semi-skilled,eShram,2025-07-12
MOCK-UAN-2607-3779,30,Bihar,Uttar Pradesh,Gig Worker,992,Highly-skilled,None,2026-01-23
MOCK-UAN-5188-8684,37,Gujarat,Maharashtra,Domestic Worker,920,Highly-skilled,PM-SYM,2026-04-13
MOCK-UAN-7487-4765,22,Karnataka,Karnataka,Manufacturing,275,Unskilled,eShram,2025-02-18
MOCK-UAN-1814-5866,63,Uttar Pradesh,Bihar,Manufacturing,946,Highly-skilled,PM-SYM,2025-05-07
MOCK-UAN-5683-6383,49,Tamil Nadu,Maharashtra,Agriculture,470,Semi-skilled,eShram,2025-12-16
MOCK-UAN-9634-4283,34,West Bengal,Maharashtra,Gig Worker,509,Semi-skilled,eShram,2025-06-19
MOCK-UAN-1836-1076,19,Bihar,Bihar,Construction,441,Semi-skilled,PM-Kisan,2026-01-13
MOCK-UAN-7670-2373,58,Uttar Pradesh,Maharashtra,Gig Worker,476,Semi-skilled,PM-SYM,2026-08-01
MOCK-UAN-4276-4673,54,Odisha,Maharashtra,Agriculture,309,Unskilled,PM-SYM,2025-05-14
MOCK-UAN-5240-6835,40,Tamil Nadu,Uttar Pradesh,Agriculture,478,Semi-skilled,PM-SYM,2026-08-09
MOCK-UAN-4577-1844,19,Jharkhand,Andhra Pradesh,Construction,982,Highly-skilled,None,2025-05-21
MOCK-UAN-8103-6371,41,Tamil Nadu,Uttar Pradesh,Agriculture,894,Highly-skilled,eShram,2025-03-10
MOCK-UAN-1201-4165,43,Odisha,Odisha,Domestic Worker,542,Skilled,None,2025-09-05
MOCK-UAN-9458-1720,59,Jharkhand,Jharkhand,Domestic Worker,265,Unskilled,eShram,2026-04-03
MOCK-UAN-4757-3819,61,Gujarat,Andhra Pradesh,Construction,407,Unskilled,None,2026-05-19
MOCK-UAN-4962-2023,52,Bihar,Bihar,Agriculture,575,Skilled,Ayushman Bharat,2024-10-17
MOCK-UAN-7962-2574,63,Maharashtra,Maharashtra,Domestic Worker,607,Skilled,PM-Kisan,2026-09-07
MOCK-UAN-6912-1335,61,Andhra Pradesh,West Bengal,Manufacturing,396,Semi-skilled,PM-SYM,2026-08-27
MOCK-UAN-1731-8584,28,Karnataka,Karnataka,Domestic Worker,316,Unskilled,PM-Kisan,2024-09-28
MOCK-UAN-9320-6938,27,Tamil Nadu,Tamil Nadu,Domestic Worker,577,Skilled,None,2025-05-14
MOCK-UAN-7177-4018,36,Maharashtra,Maharashtra,Construction,552,Semi-skilled,Ayushman Bharat,2026-06-12
MOCK-UAN-3381-6503,18,Uttar Pradesh,Gujarat,Gig Worker,2500,Highly-skilled,PM-SYM,2025-11-29
MOCK-UAN-3209-3133,62,Maharashtra,Jharkhand,Domestic Worker,875,Highly-skilled,PM-Kisan,2026-07-21
MOCK-UAN-8507-4117,45,Maharashtra,Maharashtra,Manufacturing,593,Skilled,PM-Kisan,2026-04-21
MOCK-UAN-3189-5427,65,Gujarat,Karnataka,Manufacturing,872,Highly-skilled,PM-SYM,2025-04-24
MOCK-UAN-8492-4712,-4,Odisha,Odisha,Agriculture,529,Skilled,PM-SYM,2026-06-22
MOCK-UAN-6270-8049,50,Karnataka,Karnataka,Gig Worker,357,Unskilled,eShram,2026-05-03
MOCK-UAN-4287-1278,36,Maharashtra,Uttar Pradesh,Construction,359,Unskilled,eShram,2024-11-27
MOCK-UAN-6826-6965,20,Andhra Pradesh,Maharashtra,Gig Worker,716,Skilled,None,2025-11-12
MOCK-UAN-5442-2252,51,Karnataka,Karnataka,Agriculture,457,Semi-skilled,PM-Kisan,2025-06-22
MOCK-UAN-9987-1525,42,Uttar Pradesh,Uttar Pradesh,Construction,934,Highly-skilled,PM-Kisan,2025-08-16
MOCK-UAN-7279-5381,33,Uttar Pradesh,Uttar Pradesh,Agriculture,946,Highly-skilled,PM-Kisan,2025-09-13
MOCK-UAN-3734-4940,27,Uttar Pradesh,Bihar,Construction,653,Skilled,None,2025-01-21
MOCK-UAN-8323-8774,27,Andhra Pradesh,Bihar,Manufacturing,635,Skilled,PM-Kisan,2025-04-04
MOCK-UAN-7053-4167,52,Bihar,Karnataka,Manufacturing,211,Unskilled,eShram,2026-04-05
MOCK-UAN-7219-5521,25,Maharashtra,Andhra Pradesh,Domestic Worker,703,Highly-skilled,eShram,2026-06-25
MOCK-UAN-9905-8474,54,Jharkhand,Jharkhand,Gig Worker,714,Skilled,PM-Kisan,2024-12-13
MOCK-UAN-1229-4836,54,Odisha,Odisha,Domestic Worker,228,Unskilled,Ayushman Bharat,2025-04-12
MOCK-UAN-8777-5857,25,Odisha,Bihar,Agriculture,439,Semi-skilled,Ayushman Bharat,2026-06-17
MOCK-UAN-2429-9793,46,West Bengal,Tamil Nadu,Domestic Worker,434,Semi-skilled,None,2025-04-01
MOCK-UAN-7749-3934,31,Jharkhand,Andhra Pradesh,Construction,579,Semi-skilled,None,2024-10-17
MOCK-UAN-5999-5922,65,Jharkhand,Bihar,Construction,369,Unskilled,PM-SYM,2024-10-30
MOCK-UAN-1153-1049,41,Maharashtra,Maharashtra,Manufacturing,308,Unskilled,PM-Kisan,2026-02-18
MOCK-UAN-2964-8849,26,Odisha,West Bengal,Domestic Worker,491,Semi-skilled,eShram,2025-01-27
MOCK-UAN-9674-5091,49,Uttar Pradesh,Jharkhand,Gig Worker,418,Unskilled,None,2024-11-08
MOCK-UAN-2192-9005,-3,Karnataka,West Bengal,Manufacturing,427,Semi-skilled,PM-Kisan,2025-04-23
MOCK-UAN-7197-9111,41,Gujarat,West Bengal,Manufacturing,503,Semi-skilled,None,2025-04-07
MOCK-UAN-6479-5159,47,Jharkhand,Jharkhand,Agriculture,244,Unskilled,PM-SYM,2026-03-07
MOCK-UAN-6912-2630,18,West Bengal,West Bengal,Manufacturing,916,Highly-skilled,PM-SYM,2025-08-18
MOCK-UAN-7069-7052,30,Tamil Nadu,Tamil Nadu,Gig Worker,622,Skilled,PM-Kisan,2025-03-01
MOCK-UAN-1976-8538,43,Gujarat,Odisha,Domestic Worker,910,Highly-skilled,PM-Kisan,2025-05-24
MOCK-UAN-5795-7359,43,Jharkhand,Tamil Nadu,Domestic Worker,909,Highly-skilled,eShram,2025-01-29
MOCK-UAN-8717-7348,23,West Bengal,West Bengal,Construction,733,Skilled,None,2024-10-15
MOCK-UAN-2967-1998,55,Bihar,Uttar Pradesh,Agriculture,371,Semi-skilled,PM-Kisan,2025-11-17
MOCK-UAN-4470-2543,27,Bihar,Odisha,Agriculture,269,Unskilled,PM-Kisan,2025-05-25
MOCK-UAN-3407-1798,18,Andhra Pradesh,Andhra Pradesh,Construction,991,Highly-skilled,PM-Kisan,2025-10-09
MOCK-UAN-8226-3593,52,Andhra Pradesh,Andhra Pradesh,Domestic Worker,616,Skilled,None,2026-03-09
MOCK-UAN-1348-2628,18,Maharashtra,Maharashtra,Gig Worker,409,Unskilled,Ayushman Bharat,2026-03-08
MOCK-UAN-7711-9165,63,Maharashtra,Maharashtra,Construction,902,Highly-skilled,Ayushman Bharat,2026-01-24
MOCK-UAN-1147-9073,-5,Jharkhand,Jharkhand,Gig Worker,520,Semi-skilled,Ayushman Bharat,2026-04-21
MOCK-UAN-4684-2023,29,Maharashtra,Bihar,Agriculture,962,Highly-skilled,None,2025-05-13
MOCK-UAN-2437-1678,43,Andhra Pradesh,Karnataka,Gig Worker,397,Unskilled,Ayushman Bharat,2026-05-04
MOCK-UAN-5445-9848,20,Tamil Nadu,Bihar,Domestic Worker,618,Skilled,None,2025-05-19
MOCK-UAN-4283-9228,59,Gujarat,Karnataka,Construction,644,Skilled,PM-Kisan,2026-06-22
MOCK-UAN-2856-3643,57,Andhra Pradesh,Odisha,Gig Worker,490,Semi-skilled,PM-SYM,2024-12-25
MOCK-UAN-6777-3004,58,Gujarat,Karnataka,Agriculture,946,Highly-skilled,PM-SYM,2025-08-11
MOCK-UAN-5749-9985,28,Odisha,West Bengal,Agriculture,925,Highly-skilled,PM-Kisan,2025-04-01
MOCK-UAN-2724-7683,55,Maharashtra,Maharashtra,Gig Worker,665,Semi-skilled,None,2024-12-27
MOCK-UAN-1753-8532,29,Gujarat,Gujarat,Manufacturing,249,Unskilled,None,2025-02-01
MOCK-UAN-6158-7327,27,Gujarat,Gujarat,Agriculture,941,Highly-skilled,PM-Kisan,2024-12-29
MOCK-UAN-8542-5616,41,West Bengal,Odisha,Gig Worker,634,Skilled,PM-SYM,2026-04-03
MOCK-UAN-3874-4120,64,Karnataka,Gujarat,Manufacturing,307,Unskilled,PM-Kisan,2025-01-11
MOCK-UAN-3775-7397,39,Jharkhand,Jharkhand,Construction,548,Semi-skilled,None,2025-09-02
MOCK-UAN-3622-5317,31,Odisha,Odisha,Agriculture,346,Semi-skilled,Ayushman Bharat,2025-11-26
MOCK-UAN-9879-5151,63,Andhra Pradesh,Andhra Pradesh,Manufacturing,589,Skilled,PM-Kisan,2025-04-11
MOCK-UAN-2920-6032,57,Bihar,Bihar,Domestic Worker,421,Semi-skilled,Ayushman Bharat,2025-04-13
MOCK-UAN-8941-6823,62,West Bengal,Gujarat,Manufacturing,414,Semi-skilled,eShram,2026-01-27
MOCK-UAN-3541-2748,18,Jharkhand,Jharkhand,Manufacturing,619,Skilled,eShram,2026-04-11
MOCK-UAN-8097-1515,25,Karnataka,Uttar Pradesh,Agriculture,656,Skilled,Ayushman Bharat,2026-05-03
MOCK-UAN-8340-4518,63,West Bengal,West Bengal,Construction,943,Highly-skilled,Ayushman Bharat,2024-10-15
MOCK-UAN-3342-8909,52,Maharashtra,Maharashtra,Construction,960,Highly-skilled,PM-Kisan,2025-06-23
MOCK-UAN-4180-3799,59,Jharkhand,Andhra Pradesh,Gig Worker,555,Semi-skilled,Ayushman Bharat,2024-11-17
MOCK-UAN-8408-3700,61,Bihar,Odisha,Manufacturing,600,Skilled,Ayushman Bharat,2026-04-01
MOCK-UAN-5909-6319,39,Karnataka,Gujarat,Gig Worker,345,Unskilled,Ayushman Bharat,2025-05-20
MOCK-UAN-2853-7973,15,Jharkhand,West Bengal,Domestic Worker,2500,Highly-skilled,eShram,2025-12-20
MOCK-UAN-3195-1611,43,Bihar,Bihar,Agriculture,314,Unskilled,PM-Kisan,2025-03-02
MOCK-UAN-2770-4133,32,Odisha,Uttar Pradesh,Agriculture,319,Unskilled,eShram,2025-01-13
MOCK-UAN-6899-4876,24,Bihar,West Bengal,Agriculture,859,Highly-skilled,PM-Kisan,2026-06-30
MOCK-UAN-7802-5634,17,Odisha,Jharkhand,Manufacturing,2500,Highly-skilled,Ayushman Bharat,2025-09-25
MOCK-UAN-3813-6133,35,Andhra Pradesh,Uttar Pradesh,Agriculture,591,Skilled,PM-SYM,2025-02-13
MOCK-UAN-6258-9860,58,Karnataka,Tamil Nadu,Gig Worker,923,Highly-skilled,eShram,2025-10-07
MOCK-UAN-4016-8256,35,Jharkhand,Odisha,Agriculture,365,Semi-skilled,PM-Kisan,2025-11-15
MOCK-UAN-6593-1418,27,Odisha,Maharashtra,Agriculture,569,Skilled,None,2024-09-17
MOCK-UAN-8305-5311,46,Gujarat,Gujarat,Gig Worker,1026,Highly-skilled,PM-Kisan,2025-04-17
MOCK-UAN-5248-4308,28,Uttar Pradesh,Karnataka,Construction,317,Unskilled,Ayushman Bharat,2025-05-04
MOCK-UAN-9373-4597,33,Tamil Nadu,Odisha,Domestic Worker,849,Highly-skilled,Ayushman Bharat,2025-07-14
MOCK-UAN-7945-8497,25,Karnataka,Andhra Pradesh,Domestic Worker,559,Skilled,Ayushman Bharat,2025-02-24
MOCK-UAN-9900-1102,46,Bihar,Karnataka,Agriculture,427,Semi-skilled,eShram,2024-11-19
MOCK-UAN-1053-2880,24,Karnataka,Karnataka,Domestic Worker,882,Highly-skilled,Ayushman Bharat,2026-05-25
MOCK-UAN-7462-6087,64,Gujarat,Gujarat,Domestic Worker,708,Skilled,PM-Kisan,2025-05-12
MOCK-UAN-9826-6254,46,Andhra Pradesh,Andhra Pradesh,Agriculture,352,Unskilled,PM-Kisan,2026-05-17
MOCK-UAN-3597-7495,18,Maharashtra,Maharashtra,Domestic Worker,2500,Highly-skilled,eShram,2025-09-30
MOCK-UAN-9455-6123,17,Jharkhand,Karnataka,Construction,2500,Highly-skilled,PM-Kisan,2025-08-09
MOCK-UAN-1460-2452,46,Odisha,Odisha,Agriculture,400,Semi-skilled,Ayushman Bharat,2025-03-31
MOCK-UAN-3797-5704,22,Andhra Pradesh,Odisha,Gig Worker,638,Skilled,PM-Kisan,2025-11-12
MOCK-UAN-4313-1970,21,Maharashtra,Maharashtra,Manufacturing,544,Skilled,PM-SYM,2025-04-09
MOCK-UAN-8881-8537,53,Andhra Pradesh,Andhra Pradesh,Construction,566,Semi-skilled,PM-SYM,2024-11-30
MOCK-UAN-2791-4045,58,West Bengal,West Bengal,Construction,622,Skilled,None,2026-04-29
MOCK-UAN-4130-3095,19,Andhra Pradesh,Andhra Pradesh,Agriculture,387,Semi-skilled,None,2026-06-27
MOCK-UAN-4365-7469,33,Jharkhand,Odisha,Agriculture,878,Highly-skilled,None,2024-09-25
MOCK-UAN-4921-9131,24,Jharkhand,Uttar Pradesh,Agriculture,438,Semi-skilled,PM-Kisan,2025-04-04
MOCK-UAN-1433-7788,65,Maharashtra,Bihar,Agriculture,313,Unskilled,PM-Kisan,2024-09-22
MOCK-UAN-5553-8063,31,Karnataka,Jharkhand,Manufacturing,312,Unskilled,PM-SYM,2026-04-22
MOCK-UAN-6582-9994,19,Odisha,Odisha,Domestic Worker,408,Semi-skilled,None,2025-03-01
MOCK-UAN-6133-7810,53,Andhra Pradesh,Andhra Pradesh,Gig Worker,734,Skilled,PM-SYM,2025-04-09
MOCK-UAN-7042-4683,45,Karnataka,Karnataka,Construction,918,Highly-skilled,None,2025-08-07
MOCK-UAN-5451-8779,32,West Bengal,Jharkhand,Construction,642,Skilled,PM-SYM,2026-03-07
MOCK-UAN-5242-8579,24,West Bengal,Andhra Pradesh,Gig Worker,434,Unskilled,PM-SYM,2026-05-09
MOCK-UAN-9096-1569,60,Tamil Nadu,Odisha,Agriculture,867,Highly-skilled,None,2024-10-25
MOCK-UAN-4040-2380,41,Uttar Pradesh,Tamil Nadu,Manufacturing,871,Highly-skilled,None,2025-01-01
MOCK-UAN-8847-5784,33,West Bengal,West Bengal,Manufacturing,479,Semi-skilled,Ayushman Bharat,2025-05-03
MOCK-UAN-9945-2354,50,Tamil Nadu,Tamil Nadu,Domestic Worker,257,Unskilled,eShram,2025-06-13
MOCK-UAN-4288-2434,24,Uttar Pradesh,Andhra Pradesh,Domestic Worker,580,Skilled,None,2025-06-22
MOCK-UAN-2457-8680,-3,Tamil Nadu,Tamil Nadu,Construction,677,Skilled,PM-Kisan,2025-03-01
MOCK-UAN-3243-2468,39,Tamil Nadu,Maharashtra,Domestic Worker,1002,Highly-skilled,PM-Kisan,2026-05-18
MOCK-UAN-3407-2243,52,Karnataka,Gujarat,Agriculture,480,Semi-skilled,eShram,2024-10-25
MOCK-UAN-7119-7062,43,Jharkhand,Maharashtra,Domestic Worker,623,Skilled,PM-Kisan,2025-07-01
MOCK-UAN-2569-4171,58,Bihar,Bihar,Domestic Worker,626,Skilled,PM-Kisan,2025-07-28
MOCK-UAN-8884-1688,63,Karnataka,West Bengal,Gig Worker,346,Unskilled,eShram,2024-12-11
MOCK-UAN-1491-2710,31,Odisha,Karnataka,Manufacturing,605,Skilled,PM-Kisan,2026-02-18
MOCK-UAN-8550-7566,28,Bihar,Bihar,Construction,648,Skilled,eShram,2024-10-16
MOCK-UAN-2970-1215,63,Gujarat,Karnataka,Construction,516,Semi-skilled,PM-Kisan,2025-12-11
MOCK-UAN-5698-4686,38,Karnataka,Karnataka,Construction,355,Unskilled,eShram,2025-05-07
MOCK-UAN-8501-1816,35,Karnataka,Karnataka,Domestic Worker,318,Unskilled,eShram,2025-03-31
MOCK-UAN-9888-2584,59,Maharashtra,Uttar Pradesh,Manufacturing,434,Semi-skilled,PM-Kisan,2026-05-22
MOCK-UAN-9039-7443,33,Jharkhand,Jharkhand,Construction,352,Unskilled,PM-Kisan,2024-12-13
MOCK-UAN-5565-5299,20,Odisha,Odisha,Construction,888,Highly-skilled,PM-Kisan,2026-08-19
MOCK-UAN-3841-8907,26,Bihar,Odisha,Agriculture,884,Highly-skilled,eShram,2025-07-11
MOCK-UAN-8391-8790,23,Uttar Pradesh,Uttar Pradesh,Gig Worker,769,Skilled,Ayushman Bharat,2025-10-15
MOCK-UAN-4989-4785,21,Karnataka,Maharashtra,Construction,515,Semi-skilled,Ayushman Bharat,2025-12-02
MOCK-UAN-7385-7313,24,Uttar Pradesh,Uttar Pradesh,Domestic Worker,598,Skilled,None,2025-01-06
MOCK-UAN-3697-7430,44,Andhra Pradesh,Andhra Pradesh,Gig Worker,644,Semi-skilled,PM-Kisan,2025-03-08
MOCK-UAN-4402-4611,64,Andhra Pradesh,Odisha,Domestic Worker,381,Semi-skilled,PM-Kisan,2025-11-03
MOCK-UAN-6422-8959,37,Uttar Pradesh,Tamil Nadu,Gig Worker,344,Unskilled,PM-SYM,2026-02-19
MOCK-UAN-7541-3951,55,West Bengal,West Bengal,Gig Worker,485,Unskilled,PM-SYM,2024-11-05
MOCK-UAN-3061-3925,60,West Bengal,Bihar,Manufacturing,602,Skilled,PM-Kisan,2026-02-25
MOCK-UAN-8968-9704,32,Maharashtra,Maharashtra,Gig Worker,537,Semi-skilled,PM-SYM,2025-03-19
MOCK-UAN-6433-4786,57,Gujarat,Uttar Pradesh,Construction,440,Semi-skilled,None,2026-03-14
MOCK-UAN-6394-7820,20,Karnataka,Gujarat,Domestic Worker,322,Unskilled,PM-SYM,2025-05-08
MOCK-UAN-7710-9484,35,Bihar,Bihar,Domestic Worker,627,Skilled,Ayushman Bharat,2025-04-03
MOCK-UAN-4750-2614,61,Karnataka,Andhra Pradesh,Construction,595,Skilled,None,2025-06-26
MOCK-UAN-9734-1357,60,Bihar,Tamil Nadu,Gig Worker,692,Skilled,PM-Kisan,2025-05-17
MOCK-UAN-8826-2311,32,Uttar Pradesh,Bihar,Agriculture,433,Semi-skilled,None,2026-02-07
MOCK-UAN-6793-5291,45,Uttar Pradesh,Gujarat,Gig Worker,1012,Highly-skilled,eShram,2025-01-16
MOCK-UAN-4195-4456,53,Karnataka,Karnataka,Manufacturing,244,Unskilled,eShram,2024-09-26
MOCK-UAN-6292-6505,59,West Bengal,Andhra Pradesh,Construction,412,Unskilled,None,2025-07-15
MOCK-UAN-8164-4685,25,Jharkhand,Maharashtra,Domestic Worker,495,Semi-skilled,eShram,2024-12-06
MOCK-UAN-1809-7475,55,Jharkhand,Bihar,Gig Worker,681,Skilled,PM-Kisan,2024-09-28
MOCK-UAN-2113-9560,56,Andhra Pradesh,Bihar,Domestic Worker,289,Unskilled,eShram,2025-01-25
MOCK-UAN-4130-2207,24,Jharkhand,Jharkhand,Construction,643,Skilled,None,2025-06-01
MOCK-UAN-1216-4905,62,Bihar,Bihar,Domestic Worker,561,Skilled,PM-SYM,2025-03-30
MOCK-UAN-6957-1427,41,Maharashtra,Maharashtra,Gig Worker,677,Skilled,None,2025-08-25
MOCK-UAN-6971-6935,65,Andhra Pradesh,Andhra Pradesh,Gig Worker,686,Skilled,eShram,2026-04-27
MOCK-UAN-1546-5015,46,Uttar Pradesh,Karnataka,Construction,430,Unskilled,Ayushman Bharat,2026-06-28
MOCK-UAN-3018-3265,42,Gujarat,West Bengal,Domestic Worker,1,Skilled,Ayushman Bharat,2026-08-08
MOCK-UAN-8906-7289,25,Andhra Pradesh,Maharashtra,Agriculture,646,Skilled,Ayushman Bharat,2025-06-22
MOCK-UAN-2777-5406,51,West Bengal,Maharashtra,Agriculture,318,Unskilled,Ayushman Bharat,2026-01-26
MOCK-UAN-2655-3291,17,Bihar,Odisha,Agriculture,2500,Highly-skilled,PM-SYM,2025-10-16
MOCK-UAN-2699-2206,20,Andhra Pradesh,Odisha,Agriculture,297,Unskilled,PM-Kisan,2025-03-16
MOCK-UAN-2698-9802,21,Uttar Pradesh,Uttar Pradesh,Domestic Worker,948,Highly-skilled,PM-Kisan,2025-02-22
MOCK-UAN-2949-8305,45,Odisha,Maharashtra,Construction,887,Highly-skilled,Ayushman Bharat,2025-02-07
MOCK-UAN-1522-4293,64,Tamil Nadu,Tamil Nadu,Manufacturing,331,Unskilled,eShram,2025-06-22
MOCK-UAN-7252-7659,33,Tamil Nadu,Tamil Nadu,Gig Worker,816,Skilled,None,2025-02-08
MOCK-UAN-2415-7490,51,Jharkhand,Bihar,Domestic Worker,953,Highly-skilled,Ayushman Bharat,2025-05-28
MOCK-UAN-3242-5573,20,Odisha,Odisha,Domestic Worker,670,Skilled,eShram,2025-05-22
MOCK-UAN-1481-4441,32,Maharashtra,Karnataka,Agriculture,310,Unskilled,PM-Kisan,2025-01-20
MOCK-UAN-3521-4392,18,Odisha,Andhra Pradesh,Manufacturing,948,Highly-skilled,PM-Kisan,2026-06-26
MOCK-UAN-8611-3622,56,Jharkhand,Maharashtra,Domestic Worker,264,Unskilled,None,2025-04-08
MOCK-UAN-7874-9014,46,Maharashtra,Jharkhand,Gig Worker,589,Semi-skilled,Ayushman Bharat,2025-06-22
MOCK-UAN-4488-4941,23,Karnataka,Karnataka,Agriculture,482,Semi-skilled,PM-SYM,2024-12-12
MOCK-UAN-2142-1727,44,Tamil Nadu,West Bengal,Agriculture,614,Skilled,PM-Kisan,2024-10-26
MOCK-UAN-8709-5913,23,Gujarat,Jharkhand,Manufacturing,515,Semi-skilled,PM-SYM,2025-08-31
MOCK-UAN-4441-2886,57,Uttar Pradesh,Uttar Pradesh,Manufacturing,273,Unskilled,eShram,2024-12-30
MOCK-UAN-3931-6964,59,Karnataka,Karnataka,Agriculture,290,Unskilled,PM-SYM,2025-06-01
MOCK-UAN-8204-4353,56,Tamil Nadu,Tamil Nadu,Gig Worker,554,Semi-skilled,PM-Kisan,2024-12-22
MOCK-UAN-8690-9125,52,Uttar Pradesh,Uttar Pradesh,Construction,298,Unskilled,None,2026-04-10
MOCK-UAN-8928-3363,61,Karnataka,Tamil Nadu,Manufacturing,311,Unskilled,eShram,2025-10-17
MOCK-UAN-7745-3886,53,Karnataka,Uttar Pradesh,Domestic Worker,814,Highly-skilled,None,2026-04-03
MOCK-UAN-3464-2636,49,West Bengal,West Bengal,Domestic Worker,352,Unskilled,PM-SYM,2025-01-29
MOCK-UAN-1179-3407,38,Maharashtra,Tamil Nadu,Domestic Worker,602,Skilled,PM-SYM,2025-09-08
MOCK-UAN-2953-5182,49,Andhra Pradesh,Maharashtra,Manufacturing,573,Skilled,PM-SYM,2025-10-06
MOCK-UAN-9869-3434,30,Karnataka,Karnataka,Construction,458,Semi-skilled,Ayushman Bharat,2026-01-31
MOCK-UAN-7686-2400,62,West Bengal,Uttar Pradesh,Construction,338,Unskilled,PM-SYM,2025-11-10
MOCK-UAN-7274-9604,64,Odisha,Odisha,Construction,2,Skilled,PM-Kisan,2025-09-06
MOCK-UAN-2251-8079,50,Andhra Pradesh,Andhra Pradesh,Agriculture,327,Unskilled,Ayushman Bharat,2024-10-25
MOCK-UAN-3750-3620,49,Karnataka,Gujarat,Manufacturing,414,Semi-skilled,Ayushman Bharat,2025-09-11
MOCK-UAN-4769-1512,18,Uttar Pradesh,Maharashtra,Construction,607,Skilled,PM-SYM,2025-10-09
MOCK-UAN-5459-5258,30,Maharashtra,Maharashtra,Agriculture,632,Skilled,eShram,2025-07-20
MOCK-UAN-1950-5509,63,Tamil Nadu,Maharashtra,Manufacturing,413,Semi-skilled,None,2024-11-24
MOCK-UAN-6368-7497,54,West Bengal,Andhra Pradesh,Agriculture,902,Highly-skilled,Ayushman Bharat,2026-03-20
MOCK-UAN-4885-2744,50,Jharkhand,Karnataka,Manufacturing,306,Unskilled,PM-SYM,2025-12-27
MOCK-UAN-2625-4792,40,Uttar Pradesh,Bihar,Domestic Worker,315,Unskilled,eShram,2025-11-19
MOCK-UAN-6688-1707,47,Odisha,Karnataka,Agriculture,942,Highly-skilled,None,2026-04-20
MOCK-UAN-2140-3934,20,Bihar,Gujarat,Domestic Worker,386,Semi-skilled,Ayushman Bharat,2026-05-26
MOCK-UAN-7689-2585,55,Tamil Nadu,Tamil Nadu,Gig Worker,604,Skilled,Ayushman Bharat,2025-10-03
MOCK-UAN-8216-3301,50,Bihar,Maharashtra,Gig Worker,971,Highly-skilled,None,2026-01-05
MOCK-UAN-8327-1738,60,Tamil Nadu,Tamil Nadu,Construction,590,Semi-skilled,eShram,2025-01-12
MOCK-UAN-5630-8032,27,Maharashtra,Maharashtra,Gig Worker,1101,Highly-skilled,eShram,2025-11-08
MOCK-UAN-1037-6615,18,Karnataka,Uttar Pradesh,Agriculture,391,Unskilled,eShram,2024-10-10
MOCK-UAN-5886-7607,33,Odisha,Uttar Pradesh,Manufacturing,890,Highly-skilled,eShram,2025-04-07
MOCK-UAN-9224-1048,51,Andhra Pradesh,Karnataka,Agriculture,210,Unskilled,PM-SYM,2025-05-09
MOCK-UAN-8703-7086,20,Bihar,Bihar,Domestic Worker,332,Semi-skilled,PM-SYM,2026-02-09
MOCK-UAN-8218-1573,58,Bihar,Uttar Pradesh,Manufacturing,419,Semi-skilled,Ayushman Bharat,2025-12-21
MOCK-UAN-1179-2652,26,Jharkhand,Uttar Pradesh,Construction,340,Unskilled,PM-SYM,2026-05-24
MOCK-UAN-3691-9652,20,Odisha,Odisha,Domestic Worker,515,Semi-skilled,PM-SYM,2024-10-25
MOCK-UAN-6379-1396,52,Tamil Nadu,Tamil Nadu,Domestic Worker,343,Unskilled,PM-Kisan,2025-12-07
MOCK-UAN-7025-5350,42,Jharkhand,Uttar Pradesh,Gig Worker,561,Semi-skilled,PM-SYM,2025-12-04
MOCK-UAN-3973-9705,18,West Bengal,Jharkhand,Construction,905,Highly-skilled,eShram,2025-04-27
MOCK-UAN-4857-5698,45,Jharkhand,Jharkhand,Gig Worker,651,Skilled,Ayushman Bharat,2025-04-28
MOCK-UAN-6428-3412,65,Andhra Pradesh,Bihar,Gig Worker,1012,Highly-skilled,PM-Kisan,2024-10-03
MOCK-UAN-1535-8471,42,Odisha,Andhra Pradesh,Domestic Worker,934,Highly-skilled,eShram,2025-05-18
MOCK-UAN-7109-2708,48,West Bengal,West Bengal,Domestic Worker,319,Unskilled,PM-SYM,2025-06-09
MOCK-UAN-4334-2261,29,Jharkhand,Odisha,Domestic Worker,248,Unskilled,PM-Kisan,2025-05-23
MOCK-UAN-3067-6743,51,Jharkhand,Tamil Nadu,Agriculture,932,Highly-skilled,eShram,2026-05-22
MOCK-UAN-9352-8186,48,Bihar,Gujarat,Construction,371,Unskilled,PM-SYM,2025-01-14
MOCK-UAN-4804-6122,45,Karnataka,Karnataka,Gig Worker,346,Unskilled,Ayushman Bharat,2025-03-21
MOCK-UAN-4704-9765,33,Tamil Nadu,Gujarat,Manufacturing,260,Unskilled,None,2024-12-07
MOCK-UAN-8531-7181,49,Jharkhand,Jharkhand,Manufacturing,334,Unskilled,Ayushman Bharat,2024-12-05
MOCK-UAN-6275-7586,27,Uttar Pradesh,Uttar Pradesh,Domestic Worker,888,Highly-skilled,PM-Kisan,2024-11-26
MOCK-UAN-4327-6837,48,Jharkhand,Jharkhand,Manufacturing,529,Semi-skilled,None,2026-05-04
MOCK-UAN-3592-4197,52,Bihar,Bihar,Domestic Worker,925,Highly-skilled,eShram,2025-11-24
MOCK-UAN-4726-8005,40,Maharashtra,Maharashtra,Agriculture,875,Highly-skilled,None,2025-12-15
MOCK-UAN-7307-3654,31,Uttar Pradesh,Gujarat,Gig Worker,999,Highly-skilled,None,2024-09-15
MOCK-UAN-8362-6534,31,Jharkhand,Gujarat,Manufacturing,453,Semi-skilled,PM-Kisan,2025-01-27
MOCK-UAN-8384-4136,42,Tamil Nadu,Odisha,Domestic Worker,563,Skilled,Ayushman Bharat,2024-10-26
MOCK-UAN-3649-1672,43,Maharashtra,Andhra Pradesh,Manufacturing,854,Highly-skilled,PM-Kisan,2026-06-26
MOCK-UAN-6342-6156,49,Odisha,Odisha,Manufacturing,485,Semi-skilled,eShram,2025-01-15
MOCK-UAN-7570-3434,53,Jharkhand,Odisha,Domestic Worker,342,Unskilled,eShram,2025-09-25
MOCK-UAN-8325-2428,34,Jharkhand,Maharashtra,Gig Worker,1030,Highly-skilled,Ayushman Bharat,2025-10-16
MOCK-UAN-1951-5638,62,Tamil Nadu,Uttar Pradesh,Agriculture,525,Semi-skilled,eShram,2026-03-27
MOCK-UAN-4702-6987,46,West Bengal,West Bengal,Domestic Worker,572,Skilled,None,2025-01-08
MOCK-UAN-5561-2824,41,Odisha,Tamil Nadu,Agriculture,383,Unskilled,eShram,2025-07-24
MOCK-UAN-1638-5887,64,Tamil Nadu,Tamil Nadu,Gig Worker,654,Skilled,None,2025-11-19
MOCK-UAN-8486-3408,45,Jharkhand,Jharkhand,Agriculture,849,Highly-skilled,eShram,2025-10-26
MOCK-UAN-9814-6450,54,Gujarat,Gujarat,Agriculture,812,Highly-skilled,PM-SYM,2025-05-27
MOCK-UAN-9251-1809,18,Uttar Pradesh,Odisha,Domestic Worker,427,Semi-skilled,Ayushman Bharat,2024-12-06
MOCK-UAN-7470-2046,46,Gujarat,Uttar Pradesh,Gig Worker,524,Semi-skilled,PM-Kisan,2024-09-20
MOCK-UAN-6301-3172,34,Uttar Pradesh,Uttar Pradesh,Domestic Worker,926,Highly-skilled,None,2025-06-17
MOCK-UAN-6591-5192,65,West Bengal,Gujarat,Manufacturing,312,Unskilled,Ayushman Bharat,2025-07-12
MOCK-UAN-5369-5828,59,Tamil Nadu,Tamil Nadu,Domestic Worker,390,Semi-skilled,Ayushman Bharat,2026-03-29
MOCK-UAN-2996-1693,45,Bihar,Bihar,Gig Worker,680,Skilled,eShram,2025-05-10
MOCK-UAN-7322-8780,15,Jharkhand,Odisha,Construction,2500,Highly-skilled,None,2025-06-05
MOCK-UAN-5953-2764,49,Odisha,Tamil Nadu,Gig Worker,461,Semi-skilled,Ayushman Bharat,2025-10-12
MOCK-UAN-6982-3827,61,Maharashtra,Maharashtra,Agriculture,400,Semi-skilled,PM-SYM,2026-04-16
MOCK-UAN-1179-9207,49,Jharkhand,Tamil Nadu,Manufacturing,861,Highly-skilled,eShram,2025-03-03
MOCK-UAN-9877-9427,42,Bihar,Bihar,Domestic Worker,521,Semi-skilled,Ayushman Bharat,2024-11-02
MOCK-UAN-4092-4080,30,Odisha,Odisha,Agriculture,909,Highly-skilled,Ayushman Bharat,2025-01-24
MOCK-UAN-6918-8437,55,Gujarat,Maharashtra,Construction,683,Skilled,PM-Kisan,2024-12-12
MOCK-UAN-8551-1879,47,Karnataka,West Bengal,Agriculture,225,Unskilled,PM-Kisan,2025-04-27
MOCK-UAN-1057-3971,37,Jharkhand,Bihar,Domestic Worker,959,Highly-skilled,PM-SYM,2025-01-30
MOCK-UAN-7390-3329,31,Gujarat,Karnataka,Gig Worker,1065,Highly-skilled,eShram,2025-05-10
MOCK-UAN-8767-1669,-4,Gujarat,Gujarat,Construction,400,Semi-skilled,PM-SYM,2025-04-04
MOCK-UAN-2375-3814,49,Karnataka,Bihar,Gig Worker,964,Highly-skilled,None,2025-02-08
MOCK-UAN-4661-4280,61,Tamil Nadu,Karnataka,Agriculture,624,Skilled,PM-Kisan,2026-06-09
MOCK-UAN-9780-6365,63,Tamil Nadu,Gujarat,Manufacturing,482,Semi-skilled,Ayushman Bharat,2026-09-08
